﻿"統一編號","公司名稱","公司地址"
"12148598","中興保全股份有限公司","臺北市大同區鄭州路139號6樓及7樓"
"12348012","強固保全股份有限公司","臺北市大同區延平北路2段202號15樓、15樓之1、12樓之1"
"12615988","宇鋒保全股份有限公司","桃園市中壢區廣州路210號6樓"
"12626248","建經保全股份有限公司","新竹市武陵路386-1號"
"12635268","台灣陸安保全股份有限公司","桃園市桃園區福昌街六號二樓"
"12643767","生產力保全股份有限公司","臺中市南屯區文心路1段306號地下一層之一"
"12655427","連鴻保全股份有限公司","新北市板橋區仁化街187號1樓"
"12662659","民和保全股份有限公司","臺北市信義區忠孝東路5段412號2樓之7"
"12666141","中菱保全股份有限公司","臺北市大安區復興南路2段363號1樓"
"12673380","大席保全股份有限公司","新北市三重區重陽路1段59號2樓"
"12686110","耀盛保全股份有限公司","新北市三峽區文化路125號5樓"
"12697550","泓揚保全股份有限公司","臺北市信義區虎林街202巷5號1樓"
"12705123","頂級保全股份有限公司","屏東縣屏東市大安街49巷12-4號1樓"
"12712095","新興保全股份有限公司","臺北市中正區南昌路２段１０３號８樓之２"
"12717205","國偟保全股份有限公司","新北市板橋區和平路安樂巷53號(1樓)"
"12722586","捷安保全股份有限公司","新北市中和區中山路二段二九六號二樓之一"
"12725578","豪昱保全股份有限公司","桃園市桃園區永安里埔新路151號"
"12736483","雄巍保全股份有限公司","基隆市仁愛區仁一路133號10樓之1"
"12737791","龍翔保全股份有限公司","桃園市桃園區經國路525號9樓"
"12766795","南山保全股份有限公司","新北市永和區保順路11號2樓"
"12770910","巨堡保全股份有限公司","新竹縣竹北市新泰路７８巷４０之一號２樓"
"12772889","福將保全股份有限公司","新竹市北區北大路5號8樓之4"
"12783083","一統保全股份有限公司","臺南市北區林森路三段二三五號"
"12791210","康泰保全股份有限公司","臺北市中山區長安東路1段23號7樓之4"
"12799830","金固保全股份有限公司","新北市三重區三和路4段380號5樓之11"
"12803530","銘廬保全股份有限公司","苗栗縣苗栗市文山里正展路8號"
"12809318","集英保全股份有限公司","桃園市中壢區龍慈路12號4樓"
"12810286","豐達保全股份有限公司","桃園市桃園區中寧里大興西路二段99號5樓之1"
"12815228","茂信保全股份有限公司","桃園市蘆竹區南崁路一段112號1樓"
"12815613","華威保全股份有限公司","臺南市北區文賢二街500巷20號1樓"
"12820046","安順保全股份有限公司","新北市中和區景新街347號10樓"
"12823677","東元保全股份有限公司","桃園市桃園區東埔里民生路832號1樓"
"12826007","衛東保全股份有限公司","桃園市楊梅區新農街二段183號2樓"
"12826359","東方保全股份有限公司","新竹縣竹北市縣政十三路84之20號3樓"
"12832394","宏偉保全股份有限公司","新北市三重區新北大道1段35巷20號3樓"
"12840850","日祥保全股份有限公司","桃園市龜山區萬壽路二段1254號2樓"
"12883597","集中保全股份有限公司","臺中市潭子區勝利路272號1-2樓"
"12884596","東漢保全股份有限公司","桃園市桃園區中山路709之1號3樓"
"12888967","府城保全股份有限公司","臺南市東區自強里6鄰東門路3段37巷69號"
"12898515","汗雲保全股份有限公司","桃園市中壢區龍平路211之1號5樓"
"12901384","天網保全股份有限公司","新北市瑞芳區魚坑路177號"
"12908957","群安保全股份有限公司","新北市蘆洲區長安街22巷39弄15號3樓"
"12916020","龍鼎保全股份有限公司","桃園市中壢區環中東路241號14樓之1"
"12916865","威盛保全股份有限公司","桃園市平鎮區北華里振平街116號"
"12920880","鴻昌保全股份有限公司","桃園市桃園區力行路5號4樓之1"
"12948873","巨笙保全股份有限公司","臺北市南港區向陽路120巷2弄5號1樓"
"12951460","駿鋒保全股份有限公司","臺北市松山區八德路4段678號9樓"
"12955070","大順保全股份有限公司","臺北市松山區光復南路1號12樓之2"
"12966077","宏陽保全股份有限公司","桃園市桃園區南門里三民路3段284號11樓"
"12982077","台達保全股份有限公司","桃園市桃園區中正路925號9樓"
"12987426","宏遠保全股份有限公司","基隆市安樂區麥金路415號"
"12988190","御境保全股份有限公司","彰化縣彰化市延和里埔西街8號"
"13006180","嘉陽保全股份有限公司","嘉義市西區德明路75號19樓之1"
"13011402","重實保全股份有限公司","高雄市苓雅區青年2路212號7樓之1"
"13029260","太固保全股份有限公司","臺南市南區文南里永南二街五二號一樓"
"13030111","遠泰保全股份有限公司","臺南市東區東門路2段96號11樓之1"
"13046660","群豐保全股份有限公司","新北市新店區中央七街88號"
"13067019","正安保全股份有限公司","臺中市北區健行路375之5號6樓"
"13072786","憲光保全股份有限公司","新北市新店區北新路一段八九號三樓之三"
"13075165","虹翔保全股份有限公司","臺中市北區漢口路四段35號8樓之1"
"13075382","巨洋保全股份有限公司","臺中市北區忠太西路６０號１、２樓"
"13077121","睿豐保全股份有限公司","桃園市桃園區中信里國際路二段47號2樓"
"13082671","超航保全股份有限公司","臺北市中山區新生北路3段11巷27號1樓"
"13087090","聯宗保全股份有限公司","臺北市內湖區內湖路2段367號6樓"
"13089175","天辰保全股份有限公司","新北市汐止區大同路1段217號9樓之6"
"13097055","東寧保全股份有限公司","臺北市大同區承德路2段142號3樓"
"13107808","長江保全股份有限公司","雲林縣斗六市鎮西里8鄰同德街19號1樓"
"13117931","廣埕保全股份有限公司","新北市汐止區福德一路86巷69號1樓"
"13129535","皇承保全股份有限公司","臺北市大同區塔城街7號3樓"
"13132258","新禾保全股份有限公司","臺北市大同區民權西路279號5樓之2"
"13144867","聯合保全股份有限公司","高雄市鼓山區大順一路1011巷2號1樓"
"13160752","忠衛保全股份有限公司","高雄市三民區皓東路148號"
"13168987","齊家保全股份有限公司","新竹縣竹北市縣政十三路5號"
"13176109","珉全保全股份有限公司","高雄市三民區九如二路597號11樓之5"
"13187921","嘉賀保全股份有限公司","高雄市三民區民族一路80號43樓之1"
"13197765","磐石保全股份有限公司","高雄市三民區九如一路565巷1號"
"16037257","中外保全股份有限公司","臺中市北區忠明路五○二之一號四樓之一"
"16099725","中鋼保全股份有限公司","高雄市新興區民生一路247號17樓之1"
"16154347","喬信保全股份有限公司","臺北市內湖區新湖二路339號5樓"
"16211950","連晟保全股份有限公司","新北市板橋區實踐路49號(1樓)"
"16278157","全亞保全股份有限公司","新北市中和區中正路７５５號２樓之１"
"16294706","立保保全股份有限公司","臺北市大同區鄭州路139號5樓"
"16298267","宏威保全股份有限公司","桃園市桃園區同德2街158之4號5樓"
"16298800","清三保全股份有限公司","臺北市中山區建國北路2段120號3樓"
"16299343","力霸保泰保全股份有限公司","臺北市大安區信義路4段181號2樓之3"
"16329493","長榮警備保全股份有限公司","臺北市中山區松江路111號4、5樓"
"16362302","合京保全股份有限公司","桃園市中壢區中央里中山路146號12樓"
"16363490","莒光保全股份有限公司","宜蘭縣宜蘭市宜興路二段23號"
"16419591","中泰保全股份有限公司","桃園市桃園區國聖二街一五七號一樓"
"16420767","民安保全股份有限公司","桃園市桃園區成功里園一街33號5樓之2"
"16460042","全天保全股份有限公司","高雄市三民區安東街12號1樓"
"16478319","全方衛保全股份有限公司","高雄市鼓山區明華路２５１號１６樓"
"16483116","生活保全股份有限公司","桃園市桃園區大興西路二段65號7樓"
"16492831","台灣東急警保全股份有限公司","新北市永和區永和路1段48號10樓"
"16531406","旭昇保全股份有限公司","桃園市桃園區龍安里文中路745號2樓"
"16531623","皇家國際保全股份有限公司","臺北市中山區長春路26號6樓之3"
"16541328","勤益保全股份有限公司","臺中市北屯區昌平路一段95-8號13樓"
"16544577","啟安保全股份有限公司","臺中市文心南五路五八六號一樓"
"16549243","奧瑞保全股份有限公司","桃園市中壢區環北路三九八號二○樓之六"
"16578540","欣高保全股份有限公司","新竹縣竹北市中正東路四六號三樓"
"16610437","巨朝保全股份有限公司","臺北市松山區敦化南路1段102號7樓"
"16619850","全安保全股份有限公司","臺北市信義區忠孝東路5段510號4樓之2"
"16630757","家興保全股份有限公司","臺北市信義區忠孝東路5段412號11樓"
"16645766","翼漢保全股份有限公司","南投縣草屯鎮中山街三二○號"
"16649340","中原保全股份有限公司","臺中市北屯區崇德路二段256號7樓"
"16692423","全禦保全股份有限公司","桃園市中壢區復華九街139號1樓"
"16695195","允信保全股份有限公司","高雄市鳳山區文化路45之17號1樓"
"16706215","敦泰保全股份有限公司","新竹市東區東山里食品路63、65號4樓"
"16712650","雄風保全股份有限公司","新北市新莊區中正路145之21號5樓"
"16731592","永昌保全股份有限公司","新北市土城區中央路1段318巷23之1號"
"16732419","漢揚保全股份有限公司","桃園市龜山區大湖里忠義路二段638巷30號1樓"
"16734520","龍昇保全股份有限公司","臺中市西屯區大墩二十街153號1樓"
"16735464","鷹陽保全股份有限公司","臺中市南屯區南屯里五權西路2段666號15樓之2"
"16735648","鼎盛保全股份有限公司","新北市中和區中和路279之2號"
"16752765","國際保全股份有限公司","臺中市北區明新里大雅路337號11樓之5"
"16772208","海天保全股份有限公司","臺北市中山區松江路185號14樓"
"16776112","國雲保全股份有限公司","高雄市苓雅區仁義街2之4號7樓"
"16800582","大洋保全股份有限公司","高雄市三民區建國一路411號4樓"
"16804406","中央保全股份有限公司","高雄市三民區博愛1路391號10樓"
"16812638","首席保全股份有限公司","高雄市新興區民族2路13號3樓"
"16812980","大新保全股份有限公司","高雄市三民區寶安里大昌二路65號3樓之2"
"16816959","中南海保全股份有限公司","高雄市左營區榮總路522巷17號1樓"
"16821329","中華警安保全股份有限公司","高雄市前鎮區中山二路2號10樓之2"
"16821427","德盛保全股份有限公司","新北市汐止區中興路95號4樓之1"
"16827153","王府保全股份有限公司","高雄市苓雅區中正一路120號6樓之7"
"16840445","台灣保全股份有限公司","臺北市中山區建國北路1段126號地下1樓"
"16857578","康禾保全股份有限公司","新北市永和區福和路201號3樓之2"
"16860321","巨僑保全股份有限公司","臺中市北區文心路4段200號12樓-1"
"16862432","汎群保全股份有限公司","桃園市中壢區延平路四二九號一一樓之一"
"16865000","友聯保全股份有限公司","臺中市西屯區大弘街95號1樓"
"16867746","中悅尊爵保全股份有限公司","新竹市香山區埔前里牛埔南路91之2號1樓"
"16869890","上大保全股份有限公司","新北市板橋區漢生東路173號4樓"
"16877060","昌隆保全股份有限公司","桃園市楊梅區中山北路二段82巷21號7樓"
"16884549","全日莊保全股份有限公司","桃園市中壢區中央里延平路429號2樓之7"
"16887736","龍居保全股份有限公司","臺中市西區忠誠里太原路1段184-1號3樓之2"
"16905761","國信保全股份有限公司","臺中市南屯區永春東三路381巷22號1樓"
"16906070","富邦保全股份有限公司","桃園市中壢區元化路二段47號6樓"
"16917062","富陽保全股份有限公司","桃園市桃園區建國里林森路6巷31-3號"
"16935998","輔大保全股份有限公司","新北市新莊區富國路102號8樓"
"16965090","中美保全股份有限公司","新北市新莊區新泰路227號14樓之1"
"16975323","遠傳保全股份有限公司","臺中市西區昇平里華美街181號1樓、2樓"
"16982892","大中華保全股份有限公司","新北市土城區金城路3段259號2樓"
"16989023","虹偉保全股份有限公司","臺中市北屯區北屯路360號19樓之2"
"16998634","維信保全股份有限公司","新竹市北區光田里9鄰經國路一段675號8樓之1"
"23160921","國聯保全股份有限公司","臺北市中山區南京東路2段62號8樓"
"23288808","台灣保全事業股份有限公司","新北市新莊區新泰路二二九號十五樓"
"23316868","天威保全股份有限公司","臺北市中山區民生東路2段170號2樓"
"23460130","天鷹保全股份有限公司","臺北市大安區敦化南路2段97號13樓"
"23472868","安泰保全股份有限公司","臺中市西屯區何明里漢口路一段54號3樓"
"23602623","國興保全股份有限公司","臺北市大同區鄭州路139號9樓"
"23603952","大鼎保全股份有限公司","新北市三重區重新路3段89號4樓之3"
"23617576","忠華保全事業股份有限公司","新北市三重區重新路4段63號10樓之2"
"23644150","先鋒保全股份有限公司","高雄市前鎮區復興三路148號2樓"
"23654234","寶順保全股份有限公司","高雄市前鎮區民權二路8號10樓之1"
"23837136","賓士保全股份有限公司","高雄市苓雅區中正二路18號10樓"
"24210076","高峰保全股份有限公司","臺中市神岡區庄後里中車路81號1樓"
"24210110","信實保全股份有限公司","新竹縣竹北市和平街201號2F之5"
"24217113","捷順保全股份有限公司","臺中市北區健行里忠明路424號20樓之4"
"24234957","尊瓏保全股份有限公司","新竹市東大路二段83號4樓之1"
"24235750","萬宇保全股份有限公司","臺南市安南區郡安路四段74號1-2樓"
"24236913","超群保全股份有限公司","桃園市八德區中華路199號5樓"
"24252069","日長保全股份有限公司","桃園市桃園區春日路1096巷40弄1號1樓"
"24254812","英華保全股份有限公司","新北市林口區文化二路1段266號16樓之1"
"24259181","藍海保全股份有限公司","臺中市北區邱厝里健行路373之5號"
"24266280","富士康保全股份有限公司","臺中市西區公正里東興路三段160號7樓之5"
"24268512","正新保全股份有限公司","高雄市大樹區三和里義大七街40號1樓"
"24292816","大鶯歌保全股份有限公司","新北市鶯歌區中山路329巷6弄8號(1樓)"
"24350152","華強保全股份有限公司","桃園市八德區中華路159號1樓"
"24354050","開明保全事業股份有限公司","桃園市桃園區龍鳳里國豐六街67號2樓"
"24369883","立誠保全股份有限公司","新北市三峽區復興路59號2樓"
"24374915","廣源保全股份有限公司","新北市永和區福和路389號6樓之2"
"24385899","金鑽保全股份有限公司","臺南市東區中華東路三段399巷21弄12號1樓"
"24395340","固安保全股份有限公司","新北市板橋區文化路2段167號2樓"
"24395741","信安保全股份有限公司","新北市中和區景平路150號2樓之7"
"24401477","中部保全股份有限公司","臺中市霧峰區育智街31號1-2樓"
"24421749","伯克錸保全股份有限公司","臺中市南屯區五權西路二段131號5樓之1"
"24430677","鴻法保全股份有限公司","臺中市西區臺灣大道二段2號6樓之3"
"24490392","台灣東禎衛保全股份有限公司","新北市永和區中和路499號13樓之8"
"24519378","瑞晟保全股份有限公司","高雄市小港區桂明街166號"
"24585828","燦星保全股份有限公司","臺中市西區忠誠里華美西街一段173-1號1樓"
"24595467","集威國際保全股份有限公司","臺中市南區美村路二段186號7樓之2"
"24602946","鴻鑫保全股份有限公司","臺中市北屯區平安里文心路四段698號9樓之2"
"24615631","臺灣國際警備保全股份有限公司","桃園市中壢區中豐北路65號8樓"
"24618052","家誠保全股份有限公司","桃園市中壢區仁美里同慶路48號"
"24630345","哈佛保全股份有限公司","新竹縣竹北市東平里興隆路3段285號1樓"
"24652500","麗池保全股份有限公司","新竹市光復路一段322號7樓之2"
"24659166","警英保全股份有限公司","高雄市三民區九如一路58號5樓之3"
"24692398","平安保全股份有限公司","新北市樹林區保安街2段6之9號(1樓)"
"24698560","馥笙保全股份有限公司","新北市板橋區懷德街174巷26號(1樓)"
"24707842","皇家遊騎兵保全股份有限公司","新北市中和區中正路755號2樓"
"24714597","福恩保全股份有限公司","新北市新店區張南里北新路1段89號13樓之2"
"24720900","維德保全股份有限公司","新北市永和區永利路26號(1、2樓)"
"24755029","中實特勤保全股份有限公司","臺北市內湖區瑞光路210號6樓"
"24779351","雲品保全股份有限公司","臺北市內湖區金莊路100號4樓之9"
"24819683","帝寶國際保全股份有限公司","臺中市北區明德里忠明路211號2樓之1"
"24829958","威格保全股份有限公司","臺中市南屯區田心里南屯路二段408號12樓之7"
"24830884","洛桑國際保全股份有限公司","臺中市西屯區何源里河南路170號5樓之3"
"24836634","嘉仕達保全股份有限公司","臺中市北區邱厝里健行路371之3號4樓"
"24870724","精武保全股份有限公司","桃園市八德區忠勇六街61號1樓"
"24911008","吉祥保全股份有限公司","臺南市北區大豐里和緯路四段95巷23號1樓"
"25001414","旺宏保全股份有限公司","新北市永和區中和路343號4樓之2"
"25001603","嘉銓保全股份有限公司","臺中市西屯區何安里重慶路99號3樓之1"
"25011721","遠崴保全股份有限公司","臺中市西區華美街190號1至4樓"
"25015466","新和保全股份有限公司","宜蘭縣宜蘭市復興里神農路1段10號2樓"
"25022924","聯廣保全股份有限公司","新北市新店區中正路37號5樓"
"25026978","永興保全股份有限公司","新北市中和區景平路71之6號4樓之6"
"25028547","萬世安保全股份有限公司","新北市汐止區原興路69號14樓之9"
"25033794","祥欣保全股份有限公司","桃園市桃園區北門里永樂街146號1樓"
"25035836","泰昌保全股份有限公司","新竹縣竹北市斗崙里光明九路198號1樓"
"25040394","翔賀保全股份有限公司","新北市淡水區新市一路3段101巷16弄3號9樓"
"25052320","富通保全股份有限公司","桃園市桃園區中平路98號15樓之1"
"25052996","運通保全股份有限公司","臺中市西區梅川西路二段36號1樓"
"25057887","一零一保全事業股份有限公司","新北市新店區北新路1段147號2樓"
"25070782","科泰保全股份有限公司","新北市新店區安和路2段49號1樓"
"25074099","寶祥保全股份有限公司","臺中市西區華美街269號1樓"
"25075132","鑫龍保全股份有限公司","高雄市鳳山區南京路268號1樓"
"25076049","皇家侍衛保全股份有限公司","新北市新莊區中正路423之1號2樓"
"25087088","五權保全股份有限公司","新北市淡水區民族路29巷42號"
"25089620","龍奇保全股份有限公司","桃園市桃園區南門里漢中路252號1樓"
"25090859","震宇保全股份有限公司","桃園市八德區永豐里華康街13號"
"25154240","信齊保全股份有限公司","高雄市鳳山區黃埔路62號2樓"
"25157648","宏基保全股份有限公司","臺中市北屯區水景里東山路一段156之6號11樓之2"
"25175842","豐元保全股份有限公司","新竹市北區竹光路197號3樓"
"25178518","風雲保全股份有限公司","桃園市桃園區中平里泰昌三街16-2號1樓"
"25190652","精緻保全股份有限公司","臺中市中區民族路153號5樓之1"
"27202541","玖樺保全股份有限公司","高雄市前鎮區福祥街56巷23號6樓"
"27210021","和立保全股份有限公司","高雄市三民區大順二路147號6樓之2"
"27215829","博祥保全股份有限公司","高雄市三民區陽明路３８３號４樓"
"27215996","偵碩保全股份有限公司","高雄市左營區立信路225號2樓"
"27218537","威遠保全股份有限公司","高雄市三民區褒揚街21號1樓、2樓、3樓"
"27218614","頂尖保全股份有限公司","高雄市三民區建興路7號1樓"
"27220908","北高保全股份有限公司","高雄市前鎮區福祥街56巷23號7樓"
"27228015","常安保全股份有限公司","高雄市新興區同愛街7巷1號1樓"
"27261843","佳暉保全股份有限公司","桃園市桃園區中原里宏昌七街78號1樓"
"27267754","元泰保全股份有限公司","桃園市桃園區宏昌十二街594號1樓"
"27298010","宏全保全股份有限公司","臺中市南屯區同心里文心路一段218號4樓之3"
"27303415","學成保全股份有限公司","新北市土城區學享街51號"
"27313700","中鼎保全股份有限公司","新北市新莊區思源路38號(6樓)"
"27340256","京華保全股份有限公司","臺北市松山區塔悠路８１號１２樓之１"
"27363721","龍雲保全股份有限公司","臺南市北區大興街132巷76-3號"
"27384009","達康保全股份有限公司","新北市中和區景平路71之7號2樓之6"
"27384937","長霖保全股份有限公司","臺中市北區民權路559號5樓之3"
"27398221","日展保全股份有限公司","桃園市平鎮區環南路三段二八九號四樓"
"27403385","匯茂保全股份有限公司","臺中市西屯區河南路2段262號12樓之10"
"27428631","佳山保全股份有限公司","新竹縣竹北市四維街99號"
"27436132","威廉赫登保全股份有限公司","臺中市西區民龍里台中港路一段199號11樓之2"
"27449946","全方位保全股份有限公司","桃園市桃園區南門里三民路三段284號7樓"
"27459232","國勝保全股份有限公司","桃園市平鎮區南京路一二巷五三號"
"27465213","萬泰保全股份有限公司","新北市土城區員福街58號"
"27466141","景美保全股份有限公司","臺南市永康區文化路178號1樓、2樓"
"27471340","國堡保全股份有限公司","臺南市永康區五王里五福街110巷78號1樓"
"27476886","中衛保全股份有限公司","臺中市北屯區水景里東山路一段156-6號6樓之1"
"27487981","祐晟保全股份有限公司","新竹市東區學府路61巷2弄9號"
"27488932","和興保全股份有限公司","臺中市北屯區平安里文心路四段750-5號"
"27493294","高鐵保全股份有限公司","臺中市北屯區舊社里北屯路390號11樓之3"
"27501344","冠全保全股份有限公司","臺中市西屯區河南路一七○號五樓之二"
"27503574","宏新保全股份有限公司","桃園市平鎮區文化街35巷5之1號"
"27503602","嘉信保全股份有限公司","桃園市桃園區三民路三段188號3樓之3"
"27509556","集威保全股份有限公司","臺中市南區樹德4巷2號"
"27570799","宏固保全股份有限公司","新北市汐止區中興路152之3號4樓"
"27585511","家和保全股份有限公司","桃園市龜山區陸光路78號1樓"
"27617892","雅築保全股份有限公司","彰化縣彰化市崙平里中央路184號10樓之12"
"27662565","台灣星荷保全股份有限公司","臺南市永康區東橋里東橋二街109號"
"27683978","和春保全股份有限公司","高雄市三民區正順里建興路370號2樓之13"
"27693223","龍衛保全股份有限公司","高雄市左營區政德路518號2樓"
"27696087","警民保全股份有限公司","高雄市苓雅區凱旋一路3號9樓"
"27702551","全鋒保全股份有限公司","高雄市楠梓區常德路92號1樓"
"27707063","警民連線保全股份有限公司","高雄市左營區文川路161號13樓之1"
"27722775","巨龍保全股份有限公司","臺北市萬華區西園路1段200號6樓"
"27738501","捷元保全股份有限公司","臺北市大同區民生西路102號2樓"
"27793573","全日保全股份有限公司","新竹縣竹北市斗崙里光明六路301之3號3樓"
"27812831","聯安中榮保全股份有限公司","新北市板橋區三民路2段37號6樓之3"
"27835285","建華保全股份有限公司","新北市新莊區中山路１段１０９號８樓之６"
"27838972","海崴保全股份有限公司","基隆市信義區深澳坑路２之５４號１樓"
"27839515","鉅華保全股份有限公司","桃園市中壢區松義路119號5樓"
"27860328","上鼎保全股份有限公司","臺中市北區賴興里文心路四段212號9樓之1"
"27880746","鴻誠保全股份有限公司","臺中市北屯區文心路4段696號21樓之2"
"27902663","怡佳保全股份有限公司","臺中市北區賴福里進化北路392之2號6樓之1"
"28052725","世界之心保全股份有限公司","臺中市北區中清路一段369號8樓之2"
"28062548","集安保全股份有限公司","臺中市南區福順里忠明南路759巷1號1樓"
"28073046","尖兵國際保全股份有限公司","屏東縣屏東市民生路12之16號1樓"
"28091163","鉅登保全股份有限公司","新竹縣竹北市北崙里縣政十一街80號1樓"
"28106362","泰利保全股份有限公司","新北市中和區景平里景新街347號8樓之1"
"28141305","祐群保全股份有限公司","桃園市楊梅區文化街189巷57號"
"28144529","惠群保全股份有限公司","新北市新莊區中正路145-22號11樓"
"28158749","警正保全股份有限公司","新北市土城區中正路1號6樓之1"
"28162440","一一0保全股份有限公司","高雄市鳳山區南成里鳳甲路141號1樓"
"28183471","大無畏保全股份有限公司","新北市土城區中華路2段207號3樓"
"28207241","華德保全股份有限公司","臺北市大同區承德路3段36號4樓"
"28292416","萬通保全股份有限公司","高雄市苓雅區四維三路８０號１２樓之２"
"28323579","居之友保全股份有限公司","臺中市西區公益路130號8樓"
"28349472","勝威保全股份有限公司","高雄市鳳山區瑞興路243號1、2樓"
"28352862","大聖保全股份有限公司","高雄市苓雅區海邊路46號8樓之3"
"28369075","鴻福保全股份有限公司","桃園市桃園區東山里鎮東街28號2樓"
"28375680","長安保全股份有限公司","桃園市桃園區大同西路99之3號"
"28396854","傑明皇家保全股份有限公司","新北市中和區中山路2段296號3樓之6"
"28494742","大中美國際保全股份有限公司","新北市新莊區中平路198巷15號"
"28506894","永大保全股份有限公司","屏東縣內埔鄉豐田村中正路301號1樓"
"28516892","三盈保全股份有限公司","新北市三峽區中園街56號3樓"
"28578263","安心保全股份有限公司","桃園市桃園區民富九街92之1號1樓"
"28584716","國揚保全股份有限公司","桃園市桃園區春日里大業路二段15號5樓"
"28597917","隆盛保全股份有限公司","高雄市新興區中正三路129號4樓之3"
"28600618","皇家特勤保全股份有限公司","高雄市苓雅區和平一路87號3樓之1"
"28616386","東隆保全股份有限公司","高雄市三民區九如二路251號1樓2樓"
"28638754","全佑保全股份有限公司","高雄市鳳山區建國路三段399號1樓"
"28639917","東森警備保全股份有限公司","桃園市中壢區自治里陸光五街38號1樓"
"28646213","保家保全股份有限公司","新竹縣竹北市隘口六街75號"
"28656703","東聯保全股份有限公司","新北市新莊區新莊路98號1樓"
"28657273","萬豐保全股份有限公司","臺中市潭子區潭陽里中山路二段135號4樓之2"
"28666955","權毅保全股份有限公司","臺中市潭子區頭家里得天街91巷29號"
"28714083","萬全保全股份有限公司","臺北市中山區長春路368號10樓"
"28732907","成大保全股份有限公司","新北市三芝區中興街2段42巷12號"
"28749251","瀚鷹保全股份有限公司","桃園市中壢區下內壢15之288號"
"28761178","達昇保全股份有限公司","桃園市桃園區瑞慶里寶慶路506號7樓"
"28800405","雄懋保全股份有限公司","新北市三峽區永安街118號4樓"
"28811493","永安警保全股份有限公司","桃園市桃園區莊敬里同安街668號1樓"
"28816223","永豐保全股份有限公司","桃園市桃園區中州街41號1樓"
"28870773","富祥保全股份有限公司","新北市三重區重陽路2段58號2樓"
"28873455","永旭保全股份有限公司","桃園市平鎮區新富五街83號1樓"
"28876024","慧智保全股份有限公司","桃園市桃園區中寧里同德二街168號4樓"
"28877190","新廉興保全股份有限公司","桃園市中壢區青埔二街132巷10號"
"28888197","西北保全股份有限公司","桃園市桃園區中寧里大興西路2段107號8樓"
"28899650","鴻海保全股份有限公司","臺中市西區中興街229號9樓"
"28903388","匯豐保全股份有限公司","新北市新店區中央路99號4樓"
"28908052","永固保全股份有限公司","桃園市楊梅區四維里四維路162號2樓"
"28917670","維安保全股份有限公司","桃園市龜山區山福里頂興路83巷16號3樓"
"28925067","永鎮保全股份有限公司","臺中市北屯區河北東街68號2樓"
"28930977","德川保全股份有限公司","新北市新莊區公園一路135號2樓"
"28936971","晉鼎保全股份有限公司","彰化縣北斗鎮斗苑路二段472號1樓"
"29002457","台灣上將保全股份有限公司","高雄市三民區黃興路230號1樓"
"29016662","台灣國際皇家保全股份有限公司","臺中市西區臺灣大道二段239號7樓之5"
"29030046","國統保全股份有限公司","高雄市左營區華夏路1563號1樓"
"29055926","祥泰保全股份有限公司","臺北市中正區新生南路1段50號6樓之3"
"29063025","台灣怡和保全股份有限公司","臺北市松山區復興北路99號9樓之1"
"29087743","忠陽保全股份有限公司","臺中市西屯區文心路三段107之18號1樓"
"29092154","家合興保全股份有限公司","新北市板橋區中山路2段100號7樓之2"
"29139881","北大保全股份有限公司","新北市樹林區南園里佳園路3段136號"
"29142801","台灣捍衛保全股份有限公司","新北市板橋區長安街198號"
"29146399","英騰保全股份有限公司","臺北市大同區民生西路231號9樓"
"42563585","國際維和保全股份有限公司","桃園市桃園區國際路1段1026巷1號"
"42575463","冠偉保全股份有限公司","桃園市八德區高明里高城八街73號"
"42583029","瑞泰保全股份有限公司","桃園市楊梅區永平里梅獅路一段502號4樓"
"42607697","桃園機場保全股份有限公司","桃園市大園區航站南路9號"
"42664373","鴻元保全股份有限公司","臺中市北屯區水湳里文心路三段1025號6樓"
"53034541","威超保全股份有限公司","雲林縣斗六市鎮西里雲林路一段196號"
"53041727","新睿峯保全股份有限公司","新竹縣湖口鄉東興村中山路三段482號1樓"
"53044506","九鼎保全股份有限公司","臺中市西屯區市政北二路312號1-4樓"
"53048138","宥安保全股份有限公司","桃園市桃園區慈文里5鄰慈雲街40號5樓"
"53056657","富鄰保全股份有限公司","桃園市桃園區信光路58號1樓"
"53058058","永尉保全股份有限公司","臺中市北屯區北屯路455-6號"
"53058064","非凡保全股份有限公司","基隆市信義區深澳坑路2之18號1樓"
"53066212","維鷹特勤保全股份有限公司","桃園市桃園區永福西街115巷24號1樓"
"53069301","宮宇保全股份有限公司","宜蘭縣頭城鎮城西里青雲路3段53號"
"53073500","忠誠保全股份有限公司","臺中市中區三民路二段42之1號9樓之2"
"53086250","東鼎保全股份有限公司","臺北市中山區中山北路1段82號6樓之1"
"53102765","慶威保全股份有限公司","臺北市松山區八德路3段219號9樓"
"53121600","昌興保全股份有限公司","臺北市內湖區金莊路129號6樓"
"53139545","三商保全股份有限公司","桃園市大園區中山南路1段181號1樓"
"53142302","鴻仁保全股份有限公司","高雄市鳳山區文化路67之3號1樓"
"53148087","遠雄保全股份有限公司","新竹市東區仙水里光復路一段531巷76號5樓之2"
"53176533","國原保全股份有限公司","新竹縣竹北市鹿場里自強三路33號3樓"
"53191226","宏達保全股份有限公司","新北市土城區中央路1段201號(4樓)"
"53198311","僑福保全股份有限公司","新北市板橋區雙玉里三民路1段120號12樓"
"53228286","中悅皇家保全股份有限公司","桃園市桃園區中正路1363號2樓"
"53249108","霹靂維安保全股份有限公司","高雄市苓雅區四維3路91號2樓"
"53250224","金盾保全股份有限公司","高雄市前鎮區中山二路91號22樓之3"
"53258128","大軍保全股份有限公司","高雄市仁武區八德西路1752號"
"53292688","立大保全股份有限公司","桃園市桃園區愛五街5號1樓"
"53293032","中悅皇家特勤保全股份有限公司","桃園市楊梅區永平里三元街13巷3號1樓"
"53295854","宏福保全股份有限公司","臺中市東區東英里東英十街208號"
"53331795","國昀保全股份有限公司","新北市永和區中山路1段311號15樓"
"53363135","德安保全股份有限公司","臺中市東區十甲里東英路443號"
"53368080","天成保全股份有限公司","高雄市仁武區文武里安樂一街363號"
"53392960","忠正保全股份有限公司","臺中市北屯區平順里旅順路二段187號1樓"
"53402550","後憲保全股份有限公司","臺中市北區忠明路432號6樓之2"
"53416490","天億保全股份有限公司","新北市中和區中正路90號(1樓)"
"53438001","家家保全股份有限公司","新北市三重區仁愛街479之1號(1樓)"
"53451290","日丰保全股份有限公司","新北市汐止區福德二路21號"
"53478328","家衛得保全股份有限公司","新竹市東區建功里金城二路26號1樓"
"53478973","龍門保全股份有限公司","新竹市東區明湖里明湖路1050巷156號1樓"
"53505943","開南保全股份有限公司","桃園市蘆竹區大竹路365之1號3樓"
"53506268","萬安國際保全股份有限公司","臺南市北區成德里北成路365號1、2樓"
"53538183","威創保全股份有限公司","臺北市松山區八德路4段277號3樓"
"53577523","創悅保全股份有限公司","高雄市苓雅區憲政路86號1樓"
"53578038","勝泓保全股份有限公司","花蓮縣花蓮市國富二街167號"
"53581322","聯揚保全股份有限公司","高雄市前金區市中一路166號5樓"
"53590841","亞米家保全股份有限公司","高雄市鼓山區九如四路1991巷40弄1號1樓"
"53600897","昌霖保全股份有限公司","桃園市八德區興豐路633號1樓"
"53603352","英皇保全股份有限公司","新竹縣竹北市博愛街18之1號1樓"
"53623532","台固保全股份有限公司","桃園市桃園區南埔里永順街115號7樓"
"53628207","遠信保全股份有限公司","臺中市西區公正里大進街208號1樓"
"53642279","環球皇家保全股份有限公司","臺中市北屯區平田里遼陽五街12號1樓"
"53681639","景文保全股份有限公司","新北市新店區安康路3段355巷7號5樓"
"53681743","龍谷保全股份有限公司","新北市淡水區北新路141巷25號"
"53693987","義翔保全股份有限公司","新北市板橋區實踐路34號3樓之1"
"53703423","福克斯保全股份有限公司","新北市板橋區忠孝路63號5樓"
"53826662","鑫誠保全股份有限公司","臺中市北區興進路213號2樓之2"
"53826699","騎士保全股份有限公司","臺中市北屯區安順東二街69號1樓"
"53839625","居安泰保全股份有限公司","臺中市西屯區福和里臺灣大道四段847號14樓"
"53853132","居家維安保全股份有限公司","桃園市平鎮區北華里德育路2段149號1樓"
"53854575","兆豐保全股份有限公司","臺中市大雅區上楓里民生路四段21號1樓"
"53873453","亞興保全股份有限公司","新竹縣竹北市北崙里縣政十三路158號2樓"
"53888673","立洋保全股份有限公司","臺東縣臺東市知本路3段99號"
"53892986","路易威鐙保全股份有限公司","高雄市三民區民族一路80號6樓之2"
"53898216","住商保全股份有限公司","高雄市苓雅區光華一路206號6樓之3"
"53903273","安邦保全股份有限公司","高雄市鳳山區鳳林路180之2號4樓"
"53905188","京鴻保全股份有限公司","高雄市三民區北平二街10號8樓"
"53972101","京鎂保全股份有限公司","新竹縣竹北市復興一街87號2樓"
"53973967","永達保全股份有限公司","桃園市桃園區中寧里大興西路二段99號5樓之2"
"53988315","燊安國際保全股份有限公司","桃園市中壢區幸福里福星六街80號"
"54016964","鴻卓保全股份有限公司","新北市新莊區裕民街72巷13號(1樓)"
"54024107","誠信保全股份有限公司","新北市淡水區中正路2段22巷14號"
"54034674","揚昇保全股份有限公司","新北市板橋區三民路2段190號12樓"
"54043152","安杰國際保全股份有限公司","新北市新莊區思源路169號6樓"
"54046550","家福保全股份有限公司","新北市新莊區中安街1號6樓之1"
"54053587","天下特勤保全股份有限公司","新北市三峽區龍恩里學成路81號"
"54053947","台灣迪森保全股份有限公司","新北市中和區建八路173號10樓"
"54086623","悅盛保全股份有限公司","臺南市永康區埔園里龍埔街430巷33弄18號"
"54086715","龍邦保全股份有限公司","臺南市東區裕和五街215號"
"54107612","中佑警備保全股份有限公司","臺中市西屯區福恩里工業區一路58巷10弄23號2樓"
"54120729","全聯保全股份有限公司","宜蘭縣羅東鎮維揚里維揚路147號1樓"
"54122584","瓏昇保全股份有限公司","臺中市西屯區大墩二十街118號2樓之1"
"54129101","虹鑫保全股份有限公司","臺中市北屯區北屯路360號19樓之2"
"54189281","冠中保全股份有限公司","高雄市三民區九如一路565巷1號5樓之5"
"54196115","永全保全股份有限公司","高雄市前鎮區同安路92號"
"54204620","立信保全股份有限公司","高雄市苓雅區成功一路232號5樓之6"
"54210101","鴻邦保全股份有限公司","高雄市苓雅區武廟路146巷10號1樓"
"54210159","宏銘保全股份有限公司","高雄市前鎮區佛東路93號"
"54210860","銘將保全股份有限公司","屏東縣車城鄉海口路41號"
"54211994","巨將保全股份有限公司","高雄市左營區政德路418號1樓"
"54215345","全益警備保全股份有限公司","高雄市路竹區中山路486號"
"54225575","奧迪斯保全股份有限公司","臺中市西屯區何安里洛陽路32號1樓"
"54236313","百事達保全股份有限公司","臺中市北屯區松竹里崇德五路55號"
"54238749","正信保全股份有限公司","桃園市蘆竹區南興里南順八街1號5樓之5"
"54238939","金緻保全股份有限公司","臺中市南區福興里復興路三段2巷3弄12號1樓"
"54249014","名家保全股份有限公司","桃園市中壢區仁愛里功學路152號1樓"
"54256823","警仕廳保全股份有限公司","桃園市中壢區和平里忠孝路283巷24號1樓"
"54261733","川井保全股份有限公司","新竹市水田里經國路二段56號8樓之1"
"54266250","新亞保全股份有限公司","桃園市平鎮區南勢里中豐路南勢2段115之3號1樓"
"54275814","漢江保全股份有限公司","新北市新莊區中安街27號2樓之2"
"54276551","皇翔保全股份有限公司","新北市板橋區觀光街56之2號6樓"
"54276911","御林保全股份有限公司","新北市林口區文化北路1段392之2號"
"54285030","大三重保全股份有限公司","新北市三重區重新路5段525號8樓"
"54298730","北之都保全股份有限公司","新北市新店區中興路1段286號2樓"
"54305227","雲鼎保全股份有限公司","新北市淡水區水碓里大忠街38號(1樓)"
"54305417","聚星保全股份有限公司","新北市新莊區中平路268號4樓"
"54319616","鼎岳保全股份有限公司","臺北市文山區羅斯福路5段211巷24號1樓"
"54362824","神警保全股份有限公司","臺北市中山區松江路315號5樓"
"54511330","格上保全股份有限公司","新竹市香山區朝山里中華路五段672號2樓"
"54513843","中山保全股份有限公司","桃園市中壢區德義里永泰街111號1樓"
"54513864","錦樺保全股份有限公司","新北市新店區張北里北新路2段90號3樓"
"54519972","隆騰保全股份有限公司","桃園市平鎮區南勢里南東路47號1樓"
"54525398","五嶽保全股份有限公司","桃園市桃園區泰山里中山路545號8樓"
"54538491","天安保全股份有限公司","桃園市桃園區復興路99號12樓之1"
"54547718","勇捷保全股份有限公司","桃園市桃園區中正路1322號9樓"
"54590670","詮鈦保全股份有限公司","臺中市北屯區忠平里敦化路一段499號1樓"
"54591185","安士達保全股份有限公司","臺中市南屯區田心里向心路107之2號1樓"
"54596251","勤益國際保全股份有限公司","臺中市北屯區平心里昌平路一段95-8號5樓之1"
"54609426","玖盛保全股份有限公司","高雄市前鎮區二聖路65巷5號2樓"
"54623166","雄鷹保全股份有限公司","高雄市鼓山區裕誠路1898號2樓"
"54664829","全怡保全股份有限公司","臺北市中山區敬業四路31號"
"54689321","忠泰保全股份有限公司","新北市淡水區民權里民權路185巷17號(1樓)"
"54730139","衞安保全股份有限公司","新北市新店區北新路1段89號11樓"
"54732848","正陽保全股份有限公司","新北市蘆洲區集賢路211號2樓"
"54739693","新世代保全股份有限公司","臺中市北屯區水湳里大連北街10號"
"54755601","環球保全股份有限公司","臺中市北區漢口路四段35號3樓之1"
"54759971","中友保全股份有限公司","臺中市北區金龍里三民路三段313號7樓之1"
"54824001","銓隆保全股份有限公司","高雄市苓雅區中山二路472號10樓之7"
"54845224","巨欣保全股份有限公司","新北市永和區中和路343號12樓之1"
"54849896","群創保全股份有限公司","新北市三重區重陽路1段1號3樓之2"
"54870089","新都星保全股份有限公司","新北市中和區中和路343號14樓之2"
"69781917","台灣星堡保全股份有限公司","臺南市永康區東橋里東橋七路101號"
"70350492","良福保全股份有限公司","臺北市中山區南京東路2段8號12樓"
"70366163","冠格保全股份有限公司","臺北市大同區民權西路１３６號１６樓之８"
"70369979","潤泰保全股份有限公司","臺北市中山區八德路2段308號11樓"
"70376036","台灣佳警保全股份有限公司","臺北市大同區承德路３段１１０號４樓"
"70398263","天鎰保全股份有限公司","新北市板橋區信義路235之6號7樓"
"70411131","安新保全股份有限公司","高雄市新興區中正3路129號4樓之3"
"70430307","瑞昌保全股份有限公司","高雄市三民區博愛一路70號6樓"
"70432620","威翔保全股份有限公司","新北市板橋區三民路1段89號7樓"
"70438883","大展保全股份有限公司","臺北市松山區八德路4段453巷12號10樓之2"
"70445174","力山保全股份有限公司","臺北市中山區松江路82號6樓"
"70451870","僑樂保全股份有限公司","臺北市信義區基隆路2段109號9樓"
"70454026","國鼎保全股份有限公司","臺北市中山區新生北路3段1號3樓之21"
"70466276","台建保全股份有限公司","臺北市中山區復興北路40號11樓"
"70468921","汎得保全股份有限公司","新北市蘆洲區集賢路238號7樓"
"70472832","豪氏保全股份有限公司","基隆市信義區東信路312號3樓"
"70486878","國祥保全股份有限公司","苗栗縣竹南鎮新南里新南街71巷33號　"
"70544505","宏欣保全股份有限公司","臺北市萬華區康定路３６號５樓"
"70560379","雄衛保全股份有限公司","臺北市大同區重慶北路3段277號2樓"
"70577857","威勝保全股份有限公司","新北市三重區重新路2段14號3樓"
"70615043","尊龍保全股份有限公司","新竹市東大路二段83號4樓之1"
"70621354","飛龍保全股份有限公司","新北市板橋區文化路2段498號3樓"
"70622945","喬治亞保全股份有限公司","新北市土城區金城路2段388號3樓"
"70633295","領軍保全股份有限公司","新北市板橋區漢生東路340巷9之1號"
"70642787","雷弓保全股份有限公司","彰化縣彰化市中央里中華路151號6樓"
"70646622","威龍保全股份有限公司","臺中市南屯區五權西路二段501號10樓"
"70659787","璞石保全股份有限公司","新北市板橋區中正路341巷24號"
"70663261","伯誠保全股份有限公司","臺南市北區東豐里開元路三四之一號"
"70670690","飛鷹保全股份有限公司","新北市五股區自強路113巷1弄14號1樓"
"70674112","富比世保全股份有限公司","臺中市北區永興街298巷8號1樓"
"70682231","福泰保全股份有限公司","新北市新店區安祥路110巷20號（1樓）"
"70682746","國強保全股份有限公司","桃園市平鎮區振興西路16號1樓"
"70690653","國豐保全股份有限公司","基隆市暖暖區源遠路68號4樓"
"70691148","聯邦保全股份有限公司","臺北市中正區羅斯福路4段162號12樓之1"
"70693595","維新保全股份有限公司","臺中市西區忠誠里忠明南路42號12樓"
"70697190","駿衛保全股份有限公司","基隆市安樂區麥金路１６２號２樓"
"70706114","協合保全股份有限公司","臺中市南屯區文心路一段三七八號二○樓之三"
"70709858","科登保全股份有限公司","桃園市桃園區春日路９８５之７號８樓"
"70713178","東陽保全股份有限公司","新北市中和區中正路166號5樓"
"70713190","玉山保全股份有限公司","新北市三重區重新路3段130號11樓之1"
"70713993","大眾保全股份有限公司","桃園市桃園區朝陽街47號5樓之8"
"70714368","秉辰保全股份有限公司","桃園市中壢區環北路四○○號一四樓之三"
"70721585","大台中保全股份有限公司","臺中市西區藍興里大全街69號1樓"
"70723057","金鼎保全股份有限公司","桃園市桃園區國豐六街２２７巷１４號２樓"
"70725013","台灣興美保全股份有限公司","臺南市安平區億載里永華十一街17巷25號5樓之3"
"70726414","英豪保全股份有限公司","臺中市中區仁愛街8-3-3號"
"70728840","元大保全股份有限公司","新北市三重區集成路39號2樓"
"70733409","大昆保全股份有限公司","新北市新莊區新泰路229號7樓"
"70737003","太子保全股份有限公司","臺南市永康區甲頂里中正南路30號17樓"
"70743883","康盛保全股份有限公司","新北市新店區張南里北新路1段89號4樓"
"79972838","根森保全股份有限公司","新北市板橋區埤墘里縣民大道3段75號2樓"
"79973365","大同保全股份有限公司","桃園市桃園區中寧里大興西路2段35號2樓之5"
"79986137","浩瀚保全股份有限公司","臺南市永康區五王里中華路472號2樓之1"
"80009643","東亞保全股份有限公司","新竹縣竹北市竹仁里仁義路72號1樓"
"80019332","幸福保全股份有限公司","新北市板橋區民生路2段175號3樓"
"80052084","鴻興保全股份有限公司","屏東縣屏東市崇蘭里中山路二三二號"
"80055337","合歡保全股份有限公司","彰化縣彰化市向陽里崙美路60巷12號"
"80057829","寶城保全股份有限公司","新北市中和區中山路2段296號5樓之5"
"80075191","夜鷹保全股份有限公司","雲林縣斗六市鎮西里中堅西路731號"
"80086731","總督保全股份有限公司","基隆市中山區中山二路三十七號五樓"
"80107193","龍群保全股份有限公司","高雄市鳳山區過埤里鳳頂路375號"
"80109262","良和保全股份有限公司","桃園市桃園區大業路一段404之1號2樓"
"80118776","安聯保全股份有限公司","桃園市桃園區中寧里大興西路二段63號12樓　　"
"80119228","齊國保全股份有限公司","桃園市桃園區宏昌十二街508號1樓"
"80133663","壹鈞保全股份有限公司","臺中市北區健行里忠明路200號5樓之1"
"80163531","德侒保全股份有限公司","臺北市松山區南京東路5段188號6樓之2"
"80201057","華邦保全股份有限公司","新北市汐止區大同路2段240號10樓之3"
"80212511","銘正保全股份有限公司","臺南市南區廣州里福吉五街48號1樓"
"80224707","理和保全股份有限公司","臺南市中西區府前路2段283號2樓"
"80231171","菁英保全股份有限公司","桃園市桃園區大興西路2段6號5樓之2"
"80234986","三立保全股份有限公司","臺南市永康區鹽行里中正北路一九巷一號一一樓之二"
"80237787","中騰保全股份有限公司","新北市中和區中和路366號4樓之2"
"80246364","勤讚保全股份有限公司","新北市中和區民德路358號2樓"
"80270130","精英保全股份有限公司","臺北市中山區長春路40號9樓之2"
"80278610","三井保全股份有限公司","臺北市松山區敦化北路１４５巷４９號１樓"
"80288146","永軍保全股份有限公司","臺北市中山區民權東路2段135巷30弄21之1號"
"80288791","誠泰保全股份有限公司","基隆市七堵區長安街52之3號1樓"
"80303836","唐埕保全股份有限公司","新北市永和區中和路345號8樓之1"
"80386836","竑威保全股份有限公司","高雄市左營區榮成三街16號6樓之1"
"80416521","怡保保全股份有限公司","新北市林口區文化二路1段266號20樓之1"
"80418149","聯總保全股份有限公司","高雄市大寮區民義街65之1號"
"80431494","格登保全股份有限公司","新竹市東區延平路一段421號1樓"
"80434534","弘毅保全股份有限公司","新竹縣竹北市文信路五二號一樓"
"80476668","長宏興保全股份有限公司","基隆市信義區信一路一三三之二號四樓"
"80549584","國光保全股份有限公司","新北市三重區重新路三段一一一號四樓之一"
"80549590","大文山保全股份有限公司","新北市永和區永利路171號"
"80558041","亞大保全股份有限公司","新北市新店區北新路1段157號2樓之1"
"80589826","宏展保全股份有限公司","新北市三重區福祉里重新路4段162號3樓之3"
"80595685","台塑保全股份有限公司","桃園市桃園區大有路四八七號三樓之一"
"80599280","偉盛保全股份有限公司","桃園市桃園區大有里寶山街58巷21號1樓"
"80599325","威駿保全股份有限公司","新竹市和平路211號1樓"
"80599872","順安保全股份有限公司","桃園市中壢區成章二街145號1樓"
"80628829","三禾保全股份有限公司","基隆市七堵區百六街一○三號四樓"
"80640632","警聯保全股份有限公司","臺中市東區振興路412巷50號2樓"
"80672079","長城保全股份有限公司","臺北市中山區長安東路2段189號5樓"
"80701026","明新保全股份有限公司","臺中市東區東信里旱溪東路1段369號1之2樓"
"80745489","東森保全股份有限公司","新竹縣竹北市斗崙里福興路九七九之三九號"
"84445196","賓志保全股份有限公司","高雄市鼓山區明華路251號17樓"
"84703721","歐艾斯保全股份有限公司","臺北市松山區八德路3段20號10樓之2"
"84938375","東京都保全股份有限公司","臺北市中正區忠孝東路1段55號3樓"
"86007501","霖園保全股份有限公司","臺北市松山區南京東路4段53巷10弄2號"
"89409938","協記保全股份有限公司","高雄市前金區河東路304號5樓"
"89418802","警光保全股份有限公司","高雄市苓雅區中正一路305號9樓"
"89456143","昇陽保全股份有限公司","臺北市大安區忠孝東路4段289號10樓之3"
"89687812","忠勤保全股份有限公司","臺中市南屯區田心里大墩四街二五六號二、三樓"
"89850551","慶豐保全股份有限公司","新北市板橋區民生路1段33號17樓之2"
"89857793","龍虎保全股份有限公司","臺中市北區大雅路五七號十一樓之九"
"89921508","中陽保全股份有限公司","臺中市北區健行路581號5樓之2"
"89969642","中信保全股份有限公司","臺北市信義區忠孝東路4段560號2樓之2"
"96965641","復興保全股份有限公司","臺北市大同區民權西路148號2樓"
"97273081","聯安保全股份有限公司","新北市板橋區三民路2段37號6樓"
"97318159","華泰保全股份有限公司","臺北市中山區民權東路2段26號2樓"
"97341948","起將保全股份有限公司","臺南市安平區慶平路563號"
"97412823","衛鄉保全股份有限公司","臺中市西屯區青海路三段二七二巷一八號地下一樓"
"97421695","華岡保全股份有限公司","臺中市北區進化北路392之2號10樓之2"
"97439718","天下保全股份有限公司","臺北市中正區中山北路1段2號6樓"
