﻿"統一編號","公司名稱","公司地址"
"03188020","華信通運有限公司","新北市中和區中山路3段39號7樓之8"
"04705542","慎之建設有限公司","臺北市信義區基隆路2段79巷1號6樓"
"05068507","祥富管理顧問股份有限公司","新北市板橋區南雅南路1段125號1樓"
"12193538","群佳股份有限公司","臺北市中山區復興北路86號9樓"
"12242756","創新企業管理顧問有限公司","臺北市中山區中山北路3段11號2樓"
"12439370","雍上企業有限公司","臺北市內湖區內湖路1段91巷17號10樓之2"
"12629385","純粹創意整合行銷有限公司","新北市板橋區富貴里三民路2段37號22樓之1"
"12656024","魔力行銷顧問有限公司","桃園市中壢區新街里元化路224號6樓"
"12773260","精譽企業管理顧問有限公司","桃園市中壢區中央里中山路146號13樓"
"12823655","皇朝工程顧問股份有限公司","新北市樹林區俊英街207號12樓之2"
"12865514","異視行銷市場調查股份有限公司","臺北市中山區復興北路2號7樓之3"
"12882529","網婕國際有限公司","新北市新店區檳榔路19巷23號(1樓)"
"12902285","慶圓國際能源科技有限公司","臺中市北區忠明路200號7樓"
"12973318","全球整合國際網路有限公司","新北市三重區車頭路街114號2樓"
"13090905","數位資財管理有限公司","新北市板橋區鄕雲里大華街124號1樓"
"13104176","大愛徵信有限公司","新北市三重區重陽路4段132號11樓"
"13140721","正利工商管理顧問有限公司","臺北市中山區松江路532號3樓"
"16068547","輝煌海上開發實業有限公司","臺南市佳里區安西里25鄰忠孝路282號"
"16149984","耐時企業有限公司","臺北市大同區延平北路2段240之1號"
"16181180","卓越人生企管顧問股份有限公司","臺北市松山區民生東路5段69巷21弄6號"
"16316363","騰岳國際股份有限公司","臺北市中正區青島東路5號4樓之1"
"16325969","亞仕商國際股份有限公司","臺北市中山區松江路87號10樓之2"
"16461035","瑪沙魯休閒育樂股份有限公司","臺東縣太麻里鄉美和村美和路110-8號1樓"
"16672186","中正專利商標有限公司","桃園市中壢區光明里王子街1之1號1樓"
"16717037","禾松開發有限公司","彰化縣埤頭鄉合興村稻香路714號1樓"
"16775015","新高山行銷顧問股份有限公司","臺北市信義區忠孝東路5段372巷27弄13號1樓"
"16785956","互為主體廣告股份有限公司","臺北市大安區新生南路1段143-1號2樓"
"16793034","寰緯公關顧問股份有限公司","臺北市大安區建國南路1段160號3樓之1"
"16800387","萬榮通運有限公司","屏東縣屏東市興豐路130巷1號1樓"
"16816732","招遠營造有限公司","高雄市苓雅區自強三路3號35樓之7"
"16957325","圓通速递有限公司","桃園市大園區航翔路101號5樓T5010室"
"22757628","明雯企業有限公司","臺北市中正區鎮江街3之1號3樓"
"23224050","奧美公共關係顧問股份有限公司","臺北市信義區松仁路89號3樓"
"23253414","良瑞科技股份有限公司","新北市鶯歌區建國路570號2、3樓"
"23302055","達豐公關顧問股份有限公司","臺北市松山區敦化北路167號10樓"
"23447756","台興企管顧問有限公司","臺北市中正區忠孝東路1段152號10樓之6"
"23898479","威肯公共關係顧問股份有限公司","臺北市中正區青島東路7號3樓之3"
"24227908","弘富生技有限公司","桃園市桃園區福安里德豐街65號"
"24236054","富嶽投資顧問股份有限公司","桃園市桃園區新埔六街101號19樓"
"24247622","百博文化事業有限公司","臺北市文山區興隆路4段105巷29號地下之16"
"24256065","一耕企業有限公司","新北市中和區平河里建一路160號"
"24258161","星光賴開發有限公司","花蓮縣花蓮市國治里復興街53號1樓"
"24270974","植春園藝有限公司","臺中市南屯區楓樹里黎明路一段148巷13號1樓"
"24283366","源錦企業管理顧問有限公司","桃園市中壢區內定里內定二街950巷61號"
"24285364","風格時尚國際有限公司","臺中市西屯區西墩里環中路二段1233號1樓"
"24288708","生命城堡有限公司","新北市汐止區汐萬路一段347號2樓"
"24301884","欣滿庭生活管理顧問有限公司","新北市永和區永利路25號1樓"
"24305278","九鼎國際事業有限公司","臺北市信義區松德路65號11樓之2"
"24309231","有鵬股份有限公司","臺北市大安區信義路3段99巷34號"
"24312587","鑫興國際建設股份有限公司","臺北市信義區松隆路102號17樓之1"
"24314157","錦鶴國際股份有限公司","臺北市北投區溫泉路73巷13號7樓"
"24316789","綠意行銷有限公司","臺北市大安區忠孝東路4段221號8樓"
"24319907","寶鑫財富管理顧問有限公司","臺北市中正區重慶南路1段57號6樓之16"
"24320355","彩堂設計有限公司","臺北市內湖區內湖路1段91巷35弄30號2樓"
"24322500","精承永續企業顧問股份有限公司","臺北市信義區東興路57號7樓"
"24324113","金略資產管理有限公司","桃園市龍潭區百年五街39號"
"24324269","制高奌文化有限公司","臺北市萬華區昆明街76號7樓之5"
"24325703","巴克萊資產管理有限公司","臺北市松山區南京東路4段197號3樓"
"24326920","可里斯曼國際美容股份有限公司","臺北市松山區南京東路4段117號2、3樓"
"24329975","華山國際股份有限公司","臺北市中山區松江路54號4樓之4"
"24332084","盈豐興業有限公司","臺北市大安區和平東路3段49號6樓之4"
"24332985","良品計畫整合行銷股份有限公司","臺北市內湖區洲子街73號7樓"
"24334576","宏開整合行銷有限公司","臺北市大同區太原路115巷10號1樓"
"24335028","綠禾科技股份有限公司","新北市泰山區貴子里明志路3段142巷8號5樓之5"
"24338242","麥伯股份有限公司","臺北市中山區新生北路2段41巷52號1樓"
"24339328","東楓有限公司","臺北市大同區寧夏路11號4樓之15"
"24340227","精巧整合行銷有限公司","臺北市信義區基隆路1段333號16樓(1612室)"
"24346290","瘋創意有限公司","臺中市西屯區逢甲路301巷57號2樓"
"24350511","邱詩坉開發有限公司","新北市板橋區大東街45號1樓"
"24350836","安妮皇家有限公司","臺中市北區建興里德化街235號1樓"
"24354559","願景整合有限公司","苗栗縣苗栗市北苗里正發路81號2樓"
"24355059","翼菲創意國際有限公司","新北市新店區玫瑰路64巷15號3樓"
"24356297","芊瑋環保有限公司","臺南市安平區華平里平通路450號"
"24361502","天義開發有限公司","新北市三重區長興街12號2樓"
"24365824","薇閣企業有限公司","桃園市桃園區向善街77號1樓"
"24377899","綠象社會企業有限公司","新北市淡水區自強路295之1號"
"24388559","吉才有限公司","澎湖縣白沙鄉赤崁漁港新村23號"
"24394172","勤言企業有限公司","新北市板橋區莒光路114巷4號1樓"
"24403995","金豐開發資產管理有限公司","彰化縣彰化市平和里中華西路264號"
"24404994","創意美學有限公司","臺中市西屯區潮洋里朝富路280號"
"24406992","花旗不動產有限公司","臺中市西屯區大河里甘肅路二段69號"
"24409317","捷發生物科技有限公司","臺中市南屯區大同里大墩七街2號"
"24413488","卡文奇奇文創股份有限公司","新北市中和區中正路82號20樓之2"
"24432865","聯合人民管理顧問有限公司","新北市中和區保健路106巷6弄15號"
"24444829","永創國際開發有限公司","新北市三重區成功路41巷25弄7號5樓"
"24445432","仕晟創新企業管理顧問有限公司","新北市中和區連城路263巷9弄8號2樓"
"24453122","廣龍策略行銷有限公司","臺北市中山區松江路185號6樓之1"
"24457491","互易網股份有限公司","臺北市信義區松德路12號6樓"
"24460670","金合泰系統科技股份有限公司","臺北市松山區南京東路3段248號17樓之1"
"24464177","脈動國際股份有限公司","臺北市信義區基隆路1段141號6樓"
"24464747","世興顧問有限公司","臺北市內湖區康樂街72巷17弄6號"
"24475316","日舞國際娛樂股份有限公司","臺北市信義區松德路65號10樓之2"
"24475771","宏願國際創意行銷有限公司","臺北市信義區光復南路495號1樓"
"24477601","艾克數位科技有限公司","新北市中和區中正路1194巷8號3樓"
"24478947","昭信資產管理有限公司","新北市三重區河邊北街100巷27號6樓"
"24482941","胡翡翠國際有限公司","臺北市松山區南京東路5段405號9樓"
"24483934","普菲特環宇國際有限公司","臺北市中山區中山北路3段36巷2號9樓"
"24487299","凡妮帝國際有限公司","臺北市文山區木柵路4段147號"
"24489183","兩岸管理顧問有限公司","臺北市信義區松德路18號6樓"
"24490442","派可策略顧問股份有限公司","臺北市大安區敦化南路2段97號2樓"
"24496136","誠業國際管理顧問有限公司","臺北市中正區青島西路11號4樓之5"
"24496451","理捷國際策略管理諮詢顧問有限公司","臺北市大安區敦化南路2段267號8樓之6"
"24499295","鯊寶實業有限公司","臺北市中山區復興北路492號1樓及492號地下"
"24502453","金合豐國際開發有限公司","高雄市鹽埕區河西路118號8樓之2"
"24523485","昱川企業有限公司","高雄市鹽埕區富野路148號2樓"
"24528762","倍律國際風險管理顧問有限公司","高雄市三民區遼寧一街143巷42之1號"
"24531443","台灣美國際時尚藝術有限公司","苗栗縣通霄鎮白東里啟新路55號"
"24536453","情義國際影業股份有限公司","臺北市大安區復興南路1段287號6樓之2"
"24538142","大立文創企業股份有限公司","臺北市大安區信義路4段184號9樓"
"24541391","四熙策略公關顧問有限公司","臺北市中正區館前路20號8樓之1"
"24542602","昇達綠能國際有限公司","臺北市萬華區西藏路164號"
"24543356","台灣行旅文創有限公司","臺北市中山區南京東路3段201號3樓"
"24547276","一百單八有限公司","臺北市大安區敦化南路2段28號2樓之1"
"24547727","仰望整合行銷有限公司","臺北市大同區華亭街36號5樓之6"
"24548303","種子無限整合行銷有限公司","臺北市信義區信義路4段415號10樓之3"
"24548388","漢諾運動行銷有限公司","臺北市中山區復興北路86號9樓"
"24556464","康力國際有限公司","臺北市中山區民生東路2段149號7樓"
"24558580","齊全方略有限公司","臺北市大安區敦化南路2段28號2樓"
"24558792","樺漾國際有限公司","臺北市中山區南京西路1之1號10樓"
"24563319","文達有限公司","臺北市中正區汀州路3段104巷5號4樓"
"24563373","庭忠有限公司","臺北市大同區重慶北路2段57巷19號1樓"
"24564703","品方策略行銷有限公司","新北市新莊區立信三街1號10樓"
"24566738","品芸有限公司","臺北市大安區延吉街131巷45號6樓"
"24566961","全鼎管理顧問有限公司","臺北市大安區延吉街233巷2號3樓"
"24570613","愛蘋坊國際有限公司","臺北市南港區忠孝東路6段225巷1弄8號"
"24571113","傑達普蘿有限公司","臺北市大安區信義路2段72號地下"
"24571459","籐霖國際有限公司","臺北市松山區敦化南路1段57號4樓之12"
"24572345","譯達口筆譯有限公司","臺北市大安區忠孝東路4段208號3樓"
"24573153","華御股份有限公司","臺北市中山區南京東路2段160號6樓"
"24573668","亮典整合行銷有限公司","臺北市松山區南京東路5段188號6樓之5"
"24575835","頤樂投資有限公司","臺北市松山區南京東路5段169號6樓之2"
"24577088","騰新國際股份有限公司","臺北市松山區敦化南路1段57號4樓之12"
"24580984","翔發興業有限公司","臺中市南區三民西路347號"
"24582147","築地互聯地產股份有限公司","臺中市北區頂厝里進化北路238號6樓之3"
"24589155","俐舍租賃有限公司","臺中市南屯區溝墘里大墩路653號2樓"
"24589388","有德事業有限公司","臺中市中區大誠街68號1樓"
"24590673","生活美行銷有限公司","臺中市西屯區福恩里工業區一路98之26號13樓之1"
"24594468","旅人驛國際股份有限公司","臺中市北區淡溝里臺灣大道二段360號14樓之3"
"24596402","可成管理顧問股份有限公司","臺中市西區五權西路一段257號8樓之1"
"24601377","聚之禾開發實業有限公司","彰化縣和美鎮四張里西園路400號1樓"
"24604825","傲盛國際行銷有限公司","臺中市西屯區何德里大信街60號7樓之2"
"24604846","香柏工程開發有限公司","新北市中和區國光街109巷2弄15號(1樓)"
"24610241","創偉企業管理顧問有限公司","桃園市桃園區福安里建國路129號2樓"
"24611868","希望國際企業有限公司","桃園市龜山區山福里中興街97號"
"24622773","初鹿莊園酒店有限公司","臺東縣卑南鄉初鹿村梅園路33巷1號"
"24628798","宜宿宜遊策略行銷有限公司","宜蘭縣羅東鎮竹林里復興路二段307巷147弄7號"
"24630231","皇家國際發展顧問有限公司","桃園市桃園區北埔里敬三街２０７號1樓"
"24646557","賓總建設股份有限公司","桃園市桃園區經國路246號8樓"
"24657028","浩博科技有限公司","新竹市東區南大路634巷26號3樓"
"24668025","富鼎立國際貿易股份有限公司","高雄市新興區五福二路192號3樓之2"
"24681300","雄安心徵信調查有限公司","高雄市鼓山區昌盛路332號10樓之2"
"24686396","京澄國際餐飲有限公司","高雄市鼓山區明華路237號1樓"
"24688346","慧萱有限公司","新北市三芝區埔坪里三民街8巷1號3樓"
"24703775","鎧旭工程有限公司","新北市中和區復興路280巷36弄8之2號"
"24705176","愛魅客股份有限公司","新北市蘆洲區樓厝里中興街128號3樓"
"24709665","巨米娛樂有限公司","新北市板橋區中正路253巷61弄1之4號"
"24717258","好事顧問有限公司","新北市蘆洲區重陽街31號8樓"
"24721632","翔淳科技有限公司","新北市板橋區中正路313號2樓之15"
"24722180","稟宸有限公司","新北市三重區三和路4段97之12號7樓"
"24729304","森揚國際有限公司","新北市泰山區明志路3段351巷7號"
"24729888","九六生命禮儀有限公司","新北市板橋區新海路452之4號"
"24738802","鴻亞資產管理有限公司","臺北市松山區八德路4段245巷32弄47號3樓之2"
"24739703","鄭氏創意有限公司","臺北市大安區復興南路2段185之3號"
"24739801","速文國際地產開發有限公司","臺北市中山區民權東路3段35號3樓"
"24740271","鑫鼎國際股份有限公司","臺北市信義區莊敬路391巷16弄3號4樓"
"24740589","陳杉號實業股份有限公司","臺北市內湖區內湖路1段285巷63弄9號3樓"
"24749250","創顧媒合諮商有限公司","臺北市大安區忠孝東路4段107號12樓之3"
"24750299","利盟整合行銷有限公司","臺北市信義區松德路161號9樓之2"
"24753937","樂愷生活有限公司","臺北市松山區民生東路4段80巷11弄5號"
"24754886","嘉潤投資有限公司","臺北市信義區松山路142之1號3樓"
"24755457","是知管理顧問有限公司","臺北市大安區復興南路1段368號13樓"
"24756505","台灣小鎮國際投資開發股份有限公司","臺北市中山區林森北路575號7樓之11"
"24765027","享譽興業有限公司","臺北市大同區重慶北路3段387號"
"24765146","富騰國際行銷有限公司","臺北市松山區八德路2段366巷13弄1號1樓"
"24766193","天地養時尚藝術文化有限公司","臺北市大同區庫倫街51-5號"
"24766341","曼帝寇整合行銷有限公司","臺北市大安區忠孝東路4段107號11樓之2"
"24768299","翰躍國際有限公司","臺北市大安區忠孝東路4段221號10樓"
"24771288","韻婷國際貿易有限公司","新竹市北區中寮里延平路三段344巷2弄3之1號2樓"
"24781188","兩岸運天投資顧問有限公司","臺北市大安區光復南路72巷73號4樓"
"24781737","墣禹科技有限公司","臺北市南港區舊莊街1段3巷30號2樓之5"
"24794579","蒲公英互聯信息技術有限公司","金門縣金城鎮西門里民權路226巷2弄15號9樓"
"24797105","薩摩亞商格瑞股份有限公司","臺北市內湖區民權東路6段180巷6號11樓之28"
"24823883","優力國際企業有限公司","臺中市南屯區五權西路二段666號7樓之9"
"24831960","五更物產有限公司","臺中市大里區塗城路33巷7號"
"24834143","得勝文創有限公司","臺中市南區德富路288號8樓"
"24838416","京天管理顧問股份有限公司","臺中市大里區健東一街34號1樓"
"24839576","璞思整合行銷有限公司","臺中市豐原區合作街160巷7弄22號1樓"
"24846128","全威有限公司","臺中市北區五順街30號1樓"
"24865150","阿蘭城沉香有限公司","宜蘭縣宜蘭市民族里負郭路30巷48號"
"24865882","龍安人力派遣有限公司","桃園市楊梅區高榮路190巷13號"
"24867896","島嶼見學有限公司","臺東縣臺東市永樂里8鄰綏遠路2段45號"
"24868662","鴻亮資產管理有限公司","新竹市北區北大路307號9樓之3"
"24868826","立竹教育顧問有限公司","桃園市桃園區同安里新埔六街77號9樓之2"
"24874236","圆通速递運通有限公司","桃園市桃園區中成里永安路403巷24號5樓"
"24887181","芝亘有限公司","桃園市蘆竹區南崁路二段66之7號7樓"
"24892516","美麗海灣股份有限公司","澎湖縣馬公市朝陽里朝陽路41巷2之5號2樓"
"24893873","天展燈光音響有限公司","桃園市蘆竹區大竹路449巷6弄21號"
"24895942","神蹟文創有限公司","花蓮縣花蓮市國光里林森路270號5樓"
"24897168","青澄國際有限公司","彰化縣彰化市中庄里彰南路一段117巷7-11號1樓"
"24897821","樂之有限公司","桃園市桃園區寶慶里1鄰大興西路二段190巷15弄11號1樓"
"24898357","遠方偵防科技有限公司","臺南市永康區復興路23號"
"24929529","常樂公關顧問有限公司","臺北市南港區松河街292號4樓之1"
"24929555","貳叁整合行銷有限公司","臺北市南港區松河街292號4樓之1"
"24931172","好頑創藝行銷有限公司","臺北市大安區信義路4段65號5樓"
"24931948","青點創意有限公司","臺北市中山區長安東路2段67號10樓"
"24935536","趨向企管顧問有限公司","臺北市中正區中華路1段59號7樓"
"24939364","亞太開發實業有限公司","臺北市內湖區洲子街183號2樓"
"24944248","臺灣品牌發展股份有限公司","臺北市松山區寶清街31號8樓"
"24951520","時在整合行銷有限公司","臺北市中正區青島東路9號3樓之1"
"24951599","國際獵人人力仲介有限公司","臺北市中山區新生北路2段62巷38之3號4樓之3"
"24958592","欣和基有限公司","臺北市中山區敬業二路2號"
"24959240","群羿堂策略整合行銷有限公司","臺北市萬華區桂林路27號5樓"
"24962414","令可顧問有限公司","臺北市大安區忠孝東路3段136號9樓之5"
"24963722","稻川娛樂有限公司","臺北市大安區忠孝東路4段293號6樓之2"
"24964601","詮漾國際有限公司","臺北市大安區復興南路1段243號6樓"
"24965138","康得國際有限公司","臺北市松山區南京東路3段287號10樓"
"24965334","誠益管理顧問有限公司","臺北市內湖區民權東路6段296巷20號4樓之11"
"24966571","士林夢工場通路整合有限公司","臺北市北投區文林北路80巷59弄9號2樓"
"24974354","允晨國際運動行銷有限公司","臺北市北投區中和街507巷6弄8號1樓"
"24976634","拓展資訊顧問有限公司","臺北市信義區忠孝東路5段372巷27弄13號"
"24979766","佳徠億國際有限公司","高雄市三民區民族一路80號5樓之1"
"24983852","台灣真情行銷顧問有限公司","高雄市楠梓區德豐街179號14樓"
"25003898","普提生技有限公司","宜蘭縣宜蘭市和陸里民權路1段17號1樓"
"25007091","吉品嘉總合有限公司","桃園市桃園區文昌里民權路73號"
"25010390","進富科技有限公司","桃園市平鎮區北安里延平路1段2號4樓"
"25010899","聖靈的果子有限公司","臺中市北屯區松茂里松竹路2段160巷3弄27之3號"
"25014608","主恩行開發事業有限公司","新北市泰山區明志路3段145巷36弄42號"
"25016970","鮮淨生化有限公司","臺南市北區和順里15鄰海安路三段181巷31號1樓"
"25019815","戰國策企管顧問有限公司","桃園市龜山區大華里興華三街23號"
"25021241","泓威貿易有限公司","新北市新莊區新泰路227號8樓之3"
"25055136","鎧玥生物科技有限公司","新北市三重區新北大道1段172號14樓"
"25067962","昇晉國際有限公司","新北市蘆洲區中華里8鄰正和街72巷22號"
"25073107","紫金堂生技研發有限公司","新北市中和區瑞穗里中山路3段170巷6弄24號"
"25073562","安泰禮儀用品有限公司","臺中市北屯區松竹路一段917號3樓"
"25076694","安你心國際顧問有限公司","新北市三重區中興南街60號2樓"
"25078996","德泰金屬有限公司","臺中市西屯區何源里內江街106號2樓"
"25080873","麥斯偉英文教育遊學顧問有限公司","新北市泰山區民生路17巷27之1號2樓"
"25084961","松聽事業股份有限公司","臺北市中正區羅斯福路1段86號2樓之1"
"25089305","元亨事業有限公司","新北市中和區景平路182號11樓"
"25092646","復發建設股份有限公司","新北市三重區環河南路220之3號5樓"
"25096734","鼎強國際行銷有限公司","新北市中和區景德街47號7樓"
"25101407","米翎企業股份有限公司","臺北市松山區南京東路4段130號10樓"
"25101639","晨星國際顧問有限公司","臺北市大安區忠孝東路4段320號11樓"
"25101687","中人商匯股份有限公司","臺北市信義區松德路171號8樓之5"
"25104137","新象茂股份有限公司","臺北市信義區忠孝東路5段388號10樓"
"25104299","基瑟思國際商輔有限公司","臺北市大同區重慶北路1段22號11樓之1"
"25107922","畣富建設股份有限公司","臺北市信義區基隆路1段163號18樓"
"25115520","沐思概念有限公司","臺北市信義區基隆路1段149號"
"25116529","磐築顧問有限公司","新北市林口區文化二路1段551號14樓之3"
"25116746","沃美肌膚生技股份有限公司","臺北市信義區信義路5段5號"
"25119048","美吉科互動藝術行銷股份有限公司","臺北市大安區羅斯福路3段325號4樓之5"
"25121255","亞洲颶風整合行銷有限公司","臺北市內湖區康樂街186巷17號4樓"
"25121446","凱達國際策略顧問有限公司","臺北市中正區青島東路9號3樓"
"25124892","聯合娛樂股份有限公司","臺北市萬華區漢中街50巷6-3號"
"25130016","國聯商務事業有限公司","臺北市中山區民生東路1段66-1號"
"25133098","禾寶國際企業有限公司","臺北市內湖區康樂街136巷3弄18號4樓之1"
"25135173","宇翌達國際股份有限公司","新北市樹林區學成路481號8樓"
"25143201","北迴歸線策略顧問股份有限公司","臺北市大安區忠孝東路3段217巷5弄22號1樓"
"25147157","富比士網路科技有限公司","臺北市松山區復興北路369號4樓"
"25149444","識別庫國際整合行銷有限公司","臺北市文山區萬壽路75巷29號7樓"
"25157160","捷安達行銷顧問有限公司","桃園市桃園區自強里16鄰莊敬路一段181巷8號3樓之2"
"25161615","力川開發興業有限公司","桃園市桃園區民有六街117號2樓"
"25166843","瀚光科技有限公司","宜蘭縣羅東鎮西安里西安街288號"
"25177905","宥騰士生物科技有限公司","宜蘭縣冬山鄉群英村18鄰日新路1巷41號"
"25182724","致業廣告行銷有限公司","臺中市西區公平里精誠路132巷10弄3號2樓"
"25185074","大益藝品企業有限公司","臺中市西屯區龍潭里環中路3段770巷50之1號"
"25185882","昱光生醫科技股份有限公司","臺南市東區忠孝里中華東路3段336巷43弄18號"
"25186974","光程國際有限公司","桃園市蘆竹區羊稠里南祥路350號8樓"
"25198205","准境工程有限公司","桃園市新屋區下田里中山西路2段1181巷6弄2號"
"27218467","松科企業有限公司","高雄市三民區寶德里覺民路336號7樓之4"
"27294751","形象國際時尚美學有限公司","臺北市中山區民權西路79號6樓之3"
"27297407","源德開發有限公司","臺中市北屯區安順東七街20號1樓"
"27320580","喜樂美健康事業有限公司","臺北市文山區興隆路2段130巷17號"
"27337077","神燈科技股份有限公司","臺北市中正區重慶南路1段57號14樓之9"
"27401957","淳風創意行銷有限公司","高雄市鼓山區博愛2路343號3樓之5"
"27428597","星池企業有限公司","花蓮縣花蓮市國治里復興街53號1樓"
"27479856","駿勝工程有限公司","臺中市大里區新里里爽文路338號1樓"
"27554587","幸福群島管理顧問有限公司","新北市三重區重新路5段609巷6號3樓之2"
"27659983","正義砂石有限公司","臺中市烏日區溪南路一段271巷16號1樓"
"27724632","八三企業有限公司","高雄市鼓山區青泉街１３０巷２號"
"27729545","復勝建設事業股份有限公司","新北市三重區重新路4段63號14樓"
"27740817","長弓國際有限公司","臺北市信義區東興路37號6樓"
"27774040","多愛殘友展能事業發展有限公司","新北市深坑區北深路2段87號"
"27872719","紹坤室內裝修有限公司","臺北市萬華區萬大路187巷3弄9號"
"27943025","統昱能源科技有限公司","金門縣金城鎮賢庵里吳厝5號"
"27969679","優价企業有限公司","臺北市中山區松江路43號8樓之6"
"27987091","威亞策略顧問股份有限公司","臺北市中正區青島東路7號2樓之4"
"27999569","風雲國際行銷有限公司","新北市永和區永利路108號1樓"
"28036090","銓恆顧問有限公司","臺南市安定區港南里港口19號1樓"
"28133570","普兆有限公司","高雄市左營區重文街6號6樓"
"28146982","包租公租賃有限公司","臺中市西區忠明南路270號4樓之3"
"28169247","台灣文林國際行銷有限公司","桃園市桃園區縣府路110號7樓之1"
"28170639","可艾事業有限公司","臺北市中山區民權東路1段45號9樓之1"
"28187293","太拿創意有限公司","臺北市北投區中央北路3段40巷34弄9號"
"28195625","豐彩國際科技股份有限公司","新北市新店區北新路1段10號6樓"
"28202977","肯恩杰思國際股份有限公司","臺北市松山區復興北路179號9樓之3"
"28214405","萬事通國際徵信有限公司","臺北市中山區松江路293號6樓之11"
"28296010","創詠堂文化事業有限公司","新北市板橋區重慶路69巷18號2樓"
"28316389","八方采整合行銷有限公司","新北市土城區中正路1號15樓之6"
"28323213","奇山興業股份有限公司","臺中市北區頂厝里進化北路238號4樓之7"
"28365901","祥欣興業有限公司","新北市板橋區南雅南路一段4巷12號5樓"
"28459647","智識策略顧問有限公司","新北市蘆洲區中山1路130-2號8樓"
"28469856","台商之友國際投資發展實業有限公司","臺北市中山區新生北路3段84巷6號6樓之5"
"28485103","五零七零社會型企管顧問有限公司","臺北市松山區敦化南路1段3號6樓之1"
"28542131","華誠開發股份有限公司","新北市樹林區俊英街207號12樓之2"
"28551813","米蘭時尚髮型有限公司","臺南市南區金華路二段419號"
"28559483","岱瑪金誠國際事業有限公司","臺北市大安區信義路4段315號5樓"
"28567723","博世化工儀器有限公司","桃園市平鎮區宋屋里廣泰路306號1樓"
"28581513","金旺國際事業有限公司","臺北市大同區重慶北路3段387號"
"28600672","樂活醫美生技國際有限公司","高雄市前鎮區民權二路88號"
"28604522","和運管理顧問有限公司","高雄市苓雅區苓雅2路70巷3號"
"28641982","金鑽全國際有限公司","宜蘭縣羅東鎮羅莊里光榮路59號3樓"
"28653038","冠陞國際有限公司","臺中市大里區西榮路260巷14號1樓"
"28656675","信裔企業有限公司","新北市蘆洲區中正路185巷25弄10號"
"28671248","惇安智慧財產管理股份有限公司","臺北市松山區敦化北路122號11樓"
"28673554","博新教育有限公司","臺北市內湖區內湖路1段120巷13號1樓"
"28682842","台灣盈城科技股份有限公司","臺北市士林區承德路4段9巷30號2樓"
"28696727","第六生態環境規劃有限公司","臺北市大安區信義路4段168號3樓之1"
"28754747","修伯創意國際有限公司","南投縣草屯鎮中山里中山街36號1樓"
"28763751","程盛有限公司","臺中市烏日區中山路一段557號2樓"
"28780225","聯興達節能科技股份有限公司","高雄市鼓山區青海路82號"
"28799890","佑旺國際工程有限公司","桃園市八德區永福街168號"
"28819002","丰裕展業有限公司","宜蘭縣礁溪鄉玉石村忠孝路31號4樓"
"28828419","中央策略顧問有限公司","臺北市中正區開封街1段20－3號3樓"
"28832455","環球國際顧問股份有限公司","臺北市中正區青島東路3之3號5樓"
"28916736","太禾股份有限公司","臺中市西屯區大恩街32號2樓之2"
"28933088","維茵公關顧問有限公司","臺北市信義區林口街114巷1號1樓"
"28948821","東篁有限公司","新北市永和區秀朗路二段148巷12弄2號3樓"
"28965026","豪宥有限公司","臺北市萬華區中華路1段68號11樓之6"
"28965089","台灣商機股份有限公司","臺北市中山區長安東路2段142號3樓之3"
"29001767","義迪亞國際貿易有限公司","高雄市前鎮區桂林街58巷35號"
"29009276","島嶼原創有限公司","高雄市鼓山區美術南二路176號13樓"
"29010098","大華報業股份有限公司","高雄市三民區力行路266號1樓"
"29013222","西施翻譯有限公司","高雄市左營區勝利路162號"
"29021757","里昂創意公關顧問有限公司","高雄市苓雅區光華一路206號10樓之7"
"29024305","台灣點子王國際企管顧問有限公司","高雄市鼓山區美術東7街96號2樓"
"29026660","平達生技有限公司","高雄市三民區朝陽街１３號"
"29028962","娘家生涯規劃管理顧問有限公司","高雄市苓雅區廣東1街115號1樓"
"29029131","台灣金鑽國際實業有限公司","高雄市苓雅區中正2路93號11樓之1"
"29055221","旺福企業有限公司","新北市中和區景平路219號1樓"
"29057473","暘昇國際室內裝修工程有限公司","臺北市中正區仁愛路2段5號6樓"
"29061032","大偉單車有限公司","臺北市中山區長安東路1段52巷14號1樓"
"29062270","同人大有謙國際事業有限公司","臺北市南港區興中路28巷23號1樓"
"29063427","安杰法固有限公司","臺北市中山區錦州街25號6樓之1"
"29064880","鳳凰國際顧問有限公司","臺北市大安區忠孝東路4段285號5樓"
"29065059","英格國際策略有限公司","臺北市大安區光復南路412號11樓之1"
"29065282","中南海國際公關顧問有限公司","新北市三重區中山里重新路3段89號3樓"
"29069484","御壹地產開發有限公司","臺北市大安區忠孝東路4段235號11樓"
"29070222","峻創開發有限公司","臺北市中正區忠孝西路1段41號7樓之14"
"29075459","天使家族創意行銷有限公司","臺北市大安區仁愛路4段68號10樓之9"
"29131895","金財神企業有限公司","桃園市大溪區仁文里介壽路1267巷4號"
"29147313","穩妥當工程有限公司","新北市中和區廣福路53巷2號(1樓)"
"29150512","宸欣科技有限公司","臺北市南港區三重路19之2號7樓之1"
"29158606","露西婭人力資源開發有限公司","新北市板橋區永豐街75巷28號2樓"
"29159062","富麗安實業股份有限公司","新北市新店區北新路1段89號12樓之4"
"29160758","安政企業管理顧問有限公司","新北市中和區中山路2段33號10樓之5"
"29161807","慧鴻建設有限公司","新北市新店區安興路7號"
"29163827","易居網數位科技有限公司","新北市板橋區民生路2段243號12樓"
"29165199","軒長黃金企業無限公司","新北市板橋區太和街4巷20號1樓"
"29179519","光中心國際企業有限公司","新北市新店區黎明路65巷28號"
"30019913","冠金國際顧問有限公司","臺北市中正區漢口街1段85號7樓之3"
"33115502","艾德蒙海外股份有限公司","新北市中和區中正路716號12樓之3"
"42573021","銀雲社會企業股份有限公司","新竹市東區榮光里中華路二段383號"
"42573937","弘盛國際智權有限公司","桃園市中壢區大同路200號"
"42578031","阿米巴國際股份有限公司","桃園市新屋區下田里中山西路2段1181巷6弄2號3樓"
"42582605","智新國際行銷有限公司","宜蘭縣員山鄉員山村金山西路223巷7號二樓"
"42587587","鑫海企業有限公司","屏東縣東港鎮朝安里新生二路58號1樓"
"42594638","九號文創有限公司","臺東縣臺東市民生里浙江路102號1樓"
"42601700","鴻瑟資產管理有限公司","新竹市曲溪里崧嶺路25巷16號5樓"
"42603427","興瀚科技有限公司","宜蘭縣羅東鎮西安里西安街288號2樓"
"42607649","台東森霖會館有限公司","臺東縣卑南鄉明峰村試驗場15-1號1樓"
"42610980","多維傳媒股份有限公司","臺北市中山區建國北路1段96號3樓之1"
"42611117","禧帝文創有限公司","臺北市大安區安居街108巷13號2樓"
"42612501","開創第二人生股份有限公司","臺北市大安區敦化南路2段40號5樓"
"42617941","三也工程股份有限公司","臺北市中山區松江路8號9樓之8"
"42624963","萬事達國際財務顧問有限公司","臺北市信義區基隆路1段68號9樓"
"42628834","華豐徵信有限公司","臺北市大安區忠孝東路3段192號2樓"
"42634625","鴻大營利事業股份有限公司","臺北市松山區南京東路5段251巷32弄9號2樓"
"42635841","碁哩有限公司","臺北市中山區南京東路3段189號10樓"
"42635899","轉轉設計股份有限公司","臺北市中正區重慶南路1段99號11樓之7"
"42637117","極特股份有限公司","臺北市中山區新生北路2段41巷52號1樓"
"42641007","旋勢創意資訊股份有限公司","臺北市松山區敦化南路1段1號3樓"
"42641908","銘裕管理顧問有限公司","臺北市松山區富錦街12巷6號"
"42643011","摩肯顧問有限公司","臺北市中山區新生北路2段108號14樓之2"
"43934852","上昇企業管理顧問有限公司","桃園市桃園區鎮撫街55-2號"
"53005308","香港商聯升財務顧問有限公司","臺北市中正區忠孝東路1段152號10樓之4"
"53030778","安利國際商匯平台股份有限公司","臺中市大里區仁化里善化路108號"
"53030904","宇萱整合行銷顧問有限公司","桃園市桃園區自強里16鄰莊敬路一段181巷8號3樓之2"
"53032298","裕輝開發有限公司","桃園市平鎮區高雙里13鄰高雙路105號"
"53040446","集寶科技股份有限公司","桃園市平鎮區北安里延平路一段2號1樓"
"53052478","中華生產力管理顧問有限公司","桃園市桃園區中山里中平路102號9樓之1"
"53052815","海峽兩岸雙向投資顧問有限公司","臺中市大雅區二和里雅潭路311之1號"
"53063209","集康科技有限公司","臺南市永康區復國里復華二街33巷8號"
"53065348","竹心生技貿易有限公司","高雄市湖內區中正路1段513巷33號1樓"
"53069371","日鑫開發貿易有限公司","苗栗縣頭份鎮下興里15鄰新興街18巷55弄70號"
"53075009","齊樂企業有限公司","臺中市南區和平里忠明南路760號20樓"
"53082260","商法智庫公關顧問有限公司","臺北市中正區忠孝西路1段41號11樓之7"
"53082310","智信管理顧問有限公司","臺北市大安區信義路2段72號7樓之2"
"53084838","曼盟顧問有限公司","臺北市大安區和平東路1段66號9樓"
"53086076","中華天力國際有限公司","臺北市中山區新生北路1段67號4樓之2"
"53089123","中國國際經濟諮詢有限公司","臺北市松山區復興南路1段45號6樓"
"53089664","昊鼎股份有限公司","新竹縣新豐鄉福興村7鄰圓山子116-2號5樓"
"53094580","比米股份有限公司","臺北市大安區忠孝東路4段329號9樓之1"
"53099733","萊康國際顧問有限公司","臺北市大安區忠孝東路4段155號11樓"
"53100339","點石成金文創志業有限公司","新北市林口區文化二路1段266號16樓之1"
"53105778","藍洋國際有限公司","臺北市南港區南港路3段212號"
"53106853","法眼徵信有限公司","臺北市松山區光復北路11巷46號3樓"
"53107831","世創管理顧問有限公司","臺北市松山區南京東路4段197號3樓"
"53108450","尚億鑫管理顧問有限公司","臺北市松山區光復南路58巷8之2號"
"53111384","米蘭資產管理顧問有限公司","臺北市松山區光復南路58巷8之2號"
"53113334","冠羣文化顧問有限公司","臺北市中正區延平南路61號4樓之11"
"53116472","誠鑫國際策略顧問有限公司","臺北市中正區青島西路11號4樓之5"
"53118372","大方娛樂整合行銷有限公司","臺北市松山區南京東路4段171號5樓"
"53120659","亞太策略整合危機管理顧問有限公司","臺北市北投區裕民六路120號3樓"
"53121236","趨勢民意調查股份有限公司","臺北市信義區基隆路1段159號12樓"
"53121910","如苑國際技術服務有限公司","臺北市中山區松江路289-602號"
"53152429","原德飯店股份有限公司","臺中市西屯區西屯路2段200號"
"53157445","才譽資訊股份有限公司","雲林縣北港鎮光民里公民路1-1號"
"53157775","呈育整合行銷有限公司","臺中市南區美村路二段186號6F-1"
"53161356","大安創新科技有限公司","宜蘭縣宜蘭市負郭路30巷48號"
"53165959","台灣助農畜牧科技有限公司","桃園市中壢區永光里三光路135號2樓"
"53182514","台灣鈺澄有限公司","新北市新莊區中和里23鄰永樂街36號"
"53185548","詠詮工程有限公司","新北市板橋區長安街168巷15號(1樓)"
"53189122","大展開發事業有限公司","雲林縣斗六市天津路30號"
"53189452","科登國際實業有限公司","臺北市內湖區金龍路228號4樓"
"53198749","凱隆永業有限公司","新北市中和區中興街168巷4號4樓"
"53202080","吉昱商務有限公司","新北市中和區中山路2段33號10樓，10樓之1，之2，之3，之5，之6"
"53204171","臺灣蟹老闆水產有限公司","臺北市南港區松河街臨316號"
"53207873","容易建建設股份有限公司","新北市板橋區介壽里文化路1段268號7樓"
"53225128","多樂食品有限公司","新北市新店區安民街224號2樓"
"53235961","蕙如企管顧問有限公司","高雄市苓雅區四維四路5號7樓之1"
"53237399","靈心園管理顧問有限公司","高雄市三民區同盟二路35號12樓"
"53239185","三海河行銷顧問有限公司","高雄市前鎮區中山二路91號19樓之5"
"53273129","海洋國際資產管理顧問有限公司","高雄市橋頭區神農巷33弄35號1樓"
"53276673","久毅國際行銷有限公司","臺中市西區吉龍里五權五街151號6樓之3"
"53286623","中辰資訊科技股份有限公司","苗栗縣頭份鎮頭份里中正路248號1樓"
"53288208","博凡有限公司","桃園市桃園區國聖二街135號5樓"
"53298141","萬寶龍科技有限公司","桃園市桃園區朝陽街11號13樓之9"
"53303833","永悅國際行銷股份有限公司","桃園市桃園區汴洲里經國路857號3樓之2"
"53311828","嘉群國際有限公司","臺北市北投區大業路529號7樓之3"
"53312024","弘亮企管顧問有限公司","臺北市大安區忠孝東路4段183號13樓之2"
"53315015","立興朝代有限公司","臺北市北投區中央北路1段12號及12號2樓"
"53316979","安鈊國際開發實業有限公司","臺北市大安區臨江街166號4樓"
"53320636","昇隼策略網路行銷有限公司","臺北市松山區民生東路5段37號3樓之3"
"53320729","天下整合行銷有限公司","臺北市中正區忠孝西路1段33號7樓"
"53323161","廬醫山本草生技股份有限公司","臺北市中正區忠孝東路2段100號5樓、5樓之1"
"53326006","橙石公共關係顧問股份有限公司","臺北市中山區林森北路356號5樓"
"53330424","瑞緹整合行銷有限公司","臺北市中山區松江路76號3樓"
"53332056","愛華網根文化產業有限公司","臺北市松山區敦化北路102號7樓"
"53342580","金老福洲食品股份有限公司","金門縣金城鎮珠浦北路1之1號"
"53343342","圓滿數位科技股份有限公司","臺北市中山區中山北路3段58號8樓之5"
"53345685","政和管理顧問有限公司","臺北市松山區光復北路11巷46號1樓"
"53346278","八方服務有限公司","臺北市中山區八德路2段232號7樓"
"53348260","光大國際行銷管理顧問有限公司","臺北市中山區南京東路2段174號8樓"
"53351118","瀚綝顧問有限公司","臺北市大安區信義路4段6號6樓"
"53352284","貳叁公關顧問有限公司","新北市板橋區明翠里四維路112巷37號(1樓)"
"53352313","上書房公關顧問有限公司","臺北市大安區辛亥路2段167號3樓"
"53353501","城市旅人有限公司","臺北市文山區試院路4巷1-1號1樓"
"53357008","翡霖演藝經紀有限公司","臺北市信義區忠孝東路5段510號16樓"
"53357035","阡鼎設計行銷有限公司","臺北市大同區華亭街36號5樓之6"
"53357393","全球思創股份有限公司","臺北市中山區敬業一路139-2號1樓"
"53359364","昕昕創意整合行銷有限公司","花蓮縣花蓮市國威里復興街98巷7號1樓"
"53364922","宇揚資產理財顧問有限公司","臺南市永康區勝利里中華路1-81號"
"53372660","阡銘有限公司","新竹縣湖口鄉湖鏡村八德路一段849號1樓"
"53394587","睿德行銷顧問有限公司","雲林縣斗六市三平里棒球十三街102號1樓"
"53403018","旭宏建設股份有限公司","臺中市西區台中港路1段367號23樓之1"
"53405418","聚聯設計工程有限公司","臺南市東區東智里崇德路915號1樓"
"53407289","凱克博實業有限公司","臺中市西區公益路349號7樓之12"
"53412229","富久企業管理顧問有限公司","新北市中和區中山路2段33號10樓"
"53417316","小確幸光坊企業有限公司","新北市汐止區國興街16巷10號地下一層"
"53424800","馬可文創行銷有限公司","臺中市北區金華里興進路199號1樓"
"53430900","比利靚廣告行銷有限公司","新北市板橋區英士路53號2樓之1"
"53431773","奇言市場調查有限公司","新北市板橋區民權路202巷17弄64之3號"
"53463520","三和豐國際有限公司","新北市新莊區福營里福營路125巷39號"
"53467482","鴻昇多媒體有限公司","基隆市仁愛區孝二路93巷15之5號"
"53469329","宏太管理顧問股份有限公司","臺中市南屯區大墩14街158號4樓之5"
"53476481","富錸特有限公司","桃園市蘆竹區南崁路一段138號2樓之5"
"53478235","彩云端商務股份有限公司","臺中市西屯區玉門路83號"
"53485051","茗富企業有限公司","臺中市北屯區松明街89號1樓"
"53485496","艾斯特克國際股份有限公司","臺中市北屯區北興里國強街252巷76號"
"53487889","鵬灣企業有限公司","屏東縣東港鎮船頭里船頭路24-70號1樓"
"53497541","奧爾傳媒有限公司","臺中市西屯區至善路38巷1號1樓"
"53508435","安囿企業有限公司","花蓮縣花蓮市主計里明義街21號1樓"
"53519658","樂群管理顧問有限公司","臺北市文山區興隆路4段131號9樓"
"53520682","國際人品牌顧問有限公司","臺北市中正區紹興北街8號6樓之1"
"53521802","台灣沃爾沃股份有限公司","臺北市信義區松仁路89號18樓之1"
"53525960","立富國際行銷股份有限公司","臺北市中山區南京東路2段6號12樓"
"53528832","鉅冠創業投資有限公司","臺北市內湖區內湖路1段66號10樓"
"53529380","愛可落實有限公司","臺北市大安區安和路1段11號5樓(506室)"
"53530231","台育國際管理顧問有限公司","臺北市大同區華陰街57號4樓"
"53532929","菲亞格國際有限公司","臺北市大安區敦化南路2段207號16樓"
"53534216","鴻利資產管理有限公司","臺北市松山區八德路4段245巷32弄47號3樓之2"
"53535566","建智知識管理股份有限公司","臺北市中山區松江路101號7樓"
"53538310","豊伍企業有限公司","臺北市中山區松江路273號12樓之8"
"53541363","肆壹有限公司","臺北市大安區羅斯福路3段325號之3"
"53542285","樺漾有限公司","臺北市中山區南京東路1段25號10樓之2"
"53549652","毅豐資產管理顧問有限公司","臺北市松山區八德路4段72巷16弄14號4樓之3"
"53549962","創鑫文創股份有限公司","臺北市中山區長安東路2段142號9樓"
"53551523","皇覺室內裝修工程有限公司","臺北市松山區八德路4段245巷13弄9號5樓"
"53552332","律證國際管理顧問有限公司","臺中市西區忠誠里臺灣大道二段501號14樓之1"
"53556371","模範公關顧問有限公司","臺北市中正區莒光路81號3樓"
"53557483","亞樂行銷顧問有限公司","臺北市萬華區西寧南路36號3樓之1"
"53560305","威星管理顧問有限公司","新北市汐止區保長路102號13樓"
"53564246","宏璽國際股份有限公司","臺北市文山區福興路62號2樓之6"
"53564793","寶達企業管理顧問有限公司","臺北市松山區敦化北路207號9樓之3"
"53567118","中信泰福投資有限公司","新北市新店區中正路503之5號4樓"
"53588107","天暢國際藝術股份有限公司","高雄市三民區九如一路502號21樓之4"
"53589372","台灣光彩事業有限公司","高雄市鼓山區美術館路281號4樓"
"53597106","華朵有限公司","高雄市鼓山區華榮路49號1樓"
"53599189","天皇海水產有限公司","臺中市豐原區中正路882巷29弄3號1樓"
"53599694","新開股份有限公司","花蓮縣花蓮市中華路144號"
"53603509","水舞精品實業有限公司","臺中市西區公民里五權路1之67號18樓之2"
"53606132","元隆租賃有限公司","桃園市桃園區大業路2段173號1樓"
"53606885","學爾國際教育股份有限公司","臺中市南屯區文山里文山六街190號13樓之2"
"53612818","高峰資通有限公司","臺中市西區中興路公正路140巷18號1樓"
"53619848","易大行銷有限公司","新北市永和區中和路345號5樓之4"
"53641356","鉦峰環保科技有限公司","臺東縣臺東市南王里更生北路559巷40號1樓"
"53646633","齊樂科技有限公司","臺中市神岡區社南里民族路10-18號1樓"
"53680060","日澳國際開發資產管理有限公司","新北市三重區溪尾街47號"
"53688133","魚可國際顧問有限公司","臺中市北屯區和平里軍福十七路42號5樓"
"53694873","齊益工程有限公司","新北市五股區四維路90號7樓"
"53695155","喬順行銷開發有限公司","新北市永和區雙和里中和路345號7樓"
"53695578","眾榮有限公司","新北市樹林區博愛街124號"
"53697631","創輔團體顧問有限公司","新北市汐止區福德三路22號5樓之2"
"53698322","詠豐企業管理顧問有限公司","新北市板橋區館前東路110號12樓"
"53701375","第一奈米科技有限公司","新北市板橋區埔墘里萬板路36號6樓之1"
"53702016","森美行銷設計有限公司","新北市中和區圓通路252巷18弄5號"
"53706511","橋本開發有限公司","新北市三重區福德北路21巷29號（1樓）"
"53707883","久司明車股份有限公司","臺北市萬華區萬大路90巷7號5樓之1"
"53708362","台正鑫投資有限公司","新北市中和區景平路159巷1號"
"53720555","夫立文化創意開發有限公司","臺北市大安區和平東路2段265巷21號"
"53731820","中華國際系統整合營銷事業有限公司","臺北市中正區延平南路12號6樓"
"53732742","美的世界時報有限公司","臺北市中正區中華路1段59號4樓"
"53734039","易明訊息股份有限公司","臺北市松山區南京東路4段152號10樓"
"53735451","順律國際顧問有限公司","臺北市中正區鎮江街5之1號4樓"
"53735699","克力艾提股份有限公司","臺北市信義區忠孝東路4段560號10樓之2"
"53737113","同盈建設開發股份有限公司","臺北市南港區興中路34號3樓"
"53739610","博勢達人才發展有限公司","臺北市大安區忠孝東路4段285號5樓"
"53739652","群傳媒股份有限公司","臺北市大安區忠孝東路3段247號6樓"
"53740406","捷進國際整合行銷股份有限公司","臺北市內湖區新湖三路168號3樓"
"53741279","艾思庫整合行銷有限公司","臺北市信義區忠孝東路5段510號16樓"
"53745351","金東蓮國際有限公司","臺北市信義區忠孝東路5段71巷12弄8號4樓之1"
"53745578","豐盈財務管理顧問股份有限公司","新北市新店區北新路1段10號6樓"
"53749737","利眾公關顧問股份有限公司","臺北市中山區復興北路168號9樓"
"53756624","中華三亞國際有限公司","新北市林口區文化二路2段153號2樓之2"
"53759376","宏基行銷有限公司","臺北市中山區錦州街16號4樓之3"
"53760697","卡友日報有限公司","臺北市中正區中華路1段59號4樓"
"53767474","穀稼行銷顧問有限公司","宜蘭縣宜蘭市北津里津梅路69巷2號2樓"
"53771049","秝捷科技股份有限公司","臺北市大安區信義路3段106號3樓之4"
"53773362","藍色趨勢溝通整合顧問股份有限公司","臺北市中山區復興北路166號9樓"
"53774051","速效行銷顧問有限公司","臺北市北投區中央北路3段40巷34弄9號1樓"
"53774664","全鑫聯合服務有限公司","新北市板橋區新海路452之4號"
"53774904","秝米有限公司","臺北市內湖區康寧路3段54之8號4樓"
"53775489","聯捷室內裝修有限公司","臺北市大安區忠孝東路4段169號6樓之1"
"53776121","銘蕎開發有限公司","臺北市信義區松山路130號10樓之2"
"53776924","亞洲國際整合行銷股份有限公司","臺北市松山區南京東路5段251巷32弄8號3樓"
"53777888","頡思整合行銷有限公司","臺北市中山區新生北路3段25巷35號"
"53778850","綜一企業有限公司","臺北市松山區民生東路4段75巷5弄1-1號3樓"
"53780053","和作有限公司","臺中市北區光大里中清路一段100號13樓之5"
"53782854","大紀元國際行銷有限公司","臺中市中區大墩里三民路2段1號2樓之1"
"53785276","慶圓國際有限公司","臺中市北區忠明路200號7樓"
"53786394","一原錠有限公司","桃園市中壢區光明里三光路84號8樓"
"53795680","勝喜工程有限公司","彰化縣和美鎮和北里倡和街64號1樓"
"53795719","放肆小屋有限公司","臺東縣綠島鄉南寮村南寮路204號1樓"
"53798342","軍廷數位互動科技有限公司","臺中市西屯區西屯路二段256巷6號20樓之2"
"53798624","昱盛系統有限公司","臺中市北屯區舊社里旱溪西路三段295巷3號"
"53800939","鼎富國際管理顧問有限公司","桃園市桃園區同安里中正路1080號10樓"
"53806011","康熙管理顧問有限公司","臺中市西區昇平里向上南路一段35號一樓C室"
"53807335","存億企業管理顧問有限公司","臺中市南區積善里五權南路680巷14弄2號1樓"
"53821076","亞大股份有限公司","臺中市北屯區大連路三段240號1樓"
"53821322","彗星有限公司","新竹市東區南大路494號"
"53829295","杉木有限公司","澎湖縣馬公市光復里治平路5號"
"53833241","胡雪巖商社有限公司","臺中市西區忠誠里太原路一段184-5號1樓"
"53838153","宅流通事業開發有限公司","臺北市信義區松智路1號11樓"
"53843304","肇豐顧問有限公司","新竹縣關西鎮西安里老街33號之1"
"53849953","懷哲實業有限公司","桃園市大溪區一心里復興路90號2樓"
"53850331","凱達音樂國際事業有限公司","彰化縣彰化市阿夷里泰祥街123號1樓"
"53855883","弘兆錦國際有限公司","桃園市中壢區山東里月眉路一段275巷10號"
"53856927","台灣之寶生物科技有限公司","臺中市龍井區東海里臺灣大道五段246號3樓"
"53857377","和觀管理顧問有限公司","臺中市南屯區向心南路905巷12弄4號1樓"
"53858452","現來商報有限公司","新竹縣寶山鄉大崎村8鄰竹安二路55巷2號"
"53868450","君縈資產管理顧問有限公司","彰化縣彰化市華北里光華街126巷7號1樓"
"53872573","進喜國際顧問有限公司","臺中市西區忠明里忠誠街36號1樓"
"53875678","申通速递有限公司","臺中市南屯區大業里大昌街527號2樓"
"53877373","爵鼎藝文事業有限公司","臺中市中區光復里平等街1號7樓之9"
"53886247","鑫證企業管理顧問有限公司","高雄市苓雅區中正一路320號4樓之2"
"53893325","勤得應用國際資源回收實業有限公司","高雄市美濃區博愛街68之2號1樓"
"53893562","聯貫科技有限公司","高雄市鼓山區美術東二路251號15樓"
"53896316","森威達有限公司","高雄市左營區東門路117巷51號3樓"
"53896717","大器內蘊文創藝術股份有限公司","高雄市三民區九如一路502號17樓之2"
"53897217","安用股份有限公司","高雄市鳳山區鳳南路18號16樓"
"53904245","文豊資產管理顧問有限公司","高雄市苓雅區永富街34之3號4樓"
"53909327","頡米國際有限公司","臺北市中正區廈門街125號10樓"
"53911772","恆升國際娛樂有限公司","臺北市松山區南京東路4段186號3樓"
"53916930","德誠國際開發股份有限公司","臺北市中山區復興北路166號4樓"
"53917234","觔斗雲新媒體有限公司","臺北市大安區敦化南路2段40號3樓"
"53917558","寰宇趨勢有限公司","臺北市中山區農安街58號3樓之4"
"53921595","包打聽國際有限公司","臺北市松山區民生東路5段14號1樓"
"53922525","源流實業有限公司","臺北市文山區興隆路1段212號"
"53922588","經國創業投資股份有限公司","臺北市中正區羅斯福路2段132號8樓之3"
"53922638","銳速科技有限公司","臺北市中山區南京東路1段92號9樓之1"
"53922813","中富國際股份有限公司","臺北市文山區羅斯福路5段101號8樓之1"
"53923496","夏月國際有限公司","臺北市信義區莊敬路289巷4之1號"
"53923637","華朋兄弟開發有限公司","臺北市大安區復興南路1段368號11樓"
"53925678","鈦渥國際有限公司","臺北市中山區南京東路3段201號3樓"
"53926557","律德財務規劃顧問股份有限公司","臺北市松山區南京東路3段287號10樓"
"53935129","萬物皆可貸股份有限公司","臺北市中山區松江路3號7樓之5"
"53938667","柏客有限公司","臺北市信義區光復南路495號"
"53939407","鴻燁資產管理有限公司","臺北市松山區南京東路4段197號3樓"
"53943845","匯恩有限公司","臺北市中山區復興北路2號7樓之5"
"53945061","利海國際互助營銷事業股份有限公司","臺北市信義區永吉路278巷1弄15號地下1樓"
"53945175","中台國際實業有限公司","臺北市中山區八德路2段245號12樓"
"53946126","誼合國際開發股份有限公司","臺北市中山區八德路2段88巷5號1樓"
"53949242","法研策略整合管理顧問有限公司","臺北市士林區承德路4段81號4樓"
"53950036","台灣通行商務股份有限公司","臺北市松山區南京東路3段275號7樓"
"53952169","祕密客有限公司","臺北市信義區基隆路2段7號6樓"
"53958760","中盛文創實業有限公司","臺南市北區西門路3段155號5樓之1"
"53972432","宏臻企業有限公司","宜蘭縣羅東鎮新群里月眉路438巷2號1樓"
"53973164","皇龍休旅車股份有限公司","桃園市桃園區新埔六街101號19樓"
"53978689","智權國際企業評價有限公司","新竹縣竹北市嘉豐二街一段158號"
"53985295","有和展業有限公司","臺中市中區興中街64號2樓"
"53986040","博雅絕學公關顧問股份有限公司","臺中市龍井區東海里遠東街113巷1號"
"53987478","麥倫有限公司","桃園市中壢區龍平里龍東路132號3樓"
"53992129","福揚有限公司","花蓮縣吉安鄉北昌村建國路一段103號"
"53993062","宋唐國際有限公司","新北市板橋區大觀路2段22巷17號(1樓)"
"53993226","新絲路知識貿易有限公司","臺中市西屯區惠來里河南路四段79號3樓"
"53997790","正楠農場開發有限公司","臺東縣臺東市光明里連航路51巷4弄12號1樓"
"54010716","臺灣盛鼎國際商務股份有限公司","新北市三重區忠孝路3段48號(1樓)"
"54010883","喜樂遞便利通商務股份有限公司","新北市三重區忠孝路3段48號(1樓)"
"54014950","聯華駿企業有限公司","新北市中和區碧河里連城路222巷8弄6號3樓"
"54016916","昌傑管理顧問有限公司","新北市土城區員林里中央路2段191號13樓之7"
"54023493","樂奇思數位國際有限公司","新北市新店區中興路1段267之4號12樓"
"54023563","捷勝企業管理顧問有限公司","新北市蘆洲區光華路47號2樓"
"54027337","三澤傳媒股份有限公司","新北市中和區景平路77號"
"54031851","鹿米實業有限公司","新北市三重區重新路4段63號18樓之5"
"54032227","采遠實業有限公司","新北市中和區捷運路8之21號5樓"
"54035694","華以勒有限公司","新北市淡水區淡海路180巷22號"
"54040541","微笑有限公司","新北市三重區頂崁街206巷14號(2樓)"
"54041231","圓盛國際藝能有限公司","新北市永和區福和路159號8樓"
"54045356","守盛事業有限公司","臺北市信義區松德路65號11樓之1"
"54049487","馨誠國際有限公司","新北市林口區麗林里14鄰文化二路1段68巷14號6樓之1"
"54052320","洛桑國際物業管理顧問股份有限公司","新北市三峽區龍學里學成路347號10樓"
"54055059","耀德顧問有限公司","新北市三重區光明里光明路51號2樓"
"54057015","君芮國際企業有限公司","新北市土城區員福里中央路2段178號6樓"
"54058274","萊寶高科有限公司","新北市林口區仁愛里公園路203號2樓之1、2"
"54063847","吉永新技有限公司","臺南市永康區塩行里正南三路360號2樓"
"54076033","創新時代企劃顧問有限公司","臺南市東區龍山里長榮路1段256號4樓之1"
"54111931","萬成徵信有限公司","新竹市北區新雅里和平路139巷25號"
"54115731","康得來旅館管理顧問有限公司","臺東縣臺東市復國里大同路141號2樓之30號"
"54117983","富榆生態有限公司","臺中市西屯區大鵬里長安路二段71巷88弄11號1樓"
"54124372","銳聚企業有限公司","臺中市北屯區水湳里文心路四段83號16樓"
"54139699","盛思整合傳播顧問有限公司","臺北市內湖區成功路5段450巷21弄23號13樓"
"54151145","永豐意行有限公司","臺北市士林區承德路4段9巷30號2樓"
"54151362","元型創現有限公司","臺北市萬華區萬大路323號7樓"
"54154348","兆豐財務管理顧問股份有限公司","臺北市士林區中正路212巷9弄2號5樓"
"54154500","乙梵整合行銷有限公司","臺北市中山區長安東路2段63號7樓之1"
"54158365","第五波國際有限公司","臺北市大同區承德路1段66號10樓"
"54162451","亦超有限公司","臺北市松山區延壽街8號2樓之1"
"54171640","逢城不動產實業有限公司","臺北市松山區八德路4段277號6樓"
"54172346","君格創意有限公司","臺北市中山區吉林路187號2樓"
"54173719","回甘設計有限公司","臺北市中正區重慶南路1段99號11樓之1"
"54175630","洛商公關顧問有限公司","臺北市中山區復興北路170號8樓"
"54181669","傑豐創意行銷有限公司","臺北市松山區敦化北路167號10樓"
"54181957","澳堤數位行銷股份有限公司","臺北市松山區民生東路5段37號3樓之3"
"54185270","方成事整合行銷有限公司","臺北市大安區忠孝東路4段97號地下樓"
"54188234","萌碩企業經營顧問有限公司","臺北市內湖區內湖路1段120巷18號1樓"
"54192011","願景橋行銷顧問有限公司","高雄市苓雅區中山二路412號11樓之3"
"54198417","祐恩地產開發有限公司","高雄市前鎮區福祥街60號"
"54209694","乙勝國際開發管理顧問有限公司","高雄市苓雅區海邊路48號3樓之9"
"54217033","誠續國際租賃有限公司","高雄市林園區椰樹東巷38弄23號1樓"
"54219932","鵬福有限公司","屏東縣東港鎮朝安里博愛街101號1樓"
"54224007","禧登國際開發有限公司","臺東縣臺東市中山里中華路一段420號"
"54240421","乘騎國際物流有限公司","臺中市南區平和里南平一街19號"
"54247775","博望策略公關顧問有限公司","臺北市松山區光復北路127號2樓"
"54248227","晶品田企業有限公司","臺中市西區中興里公益路132號3樓"
"54269340","北義資產開發股份有限公司","新北市板橋區四川路1段186號"
"54272247","德原企管顧問有限公司","新北市三重區碧華里三德街36號4樓"
"54274224","松藝事業股份有限公司","新北市深坑區北深路3段270巷12號4樓之2"
"54274619","頂級鮮饌水產有限公司","新北市板橋區三民路1段72號"
"54282575","四季鱻食品有限公司","臺北市南港區松河街臨316號"
"54288402","乙臣國際有限公司","新北市三重區仁美街18號(1樓)"
"54289459","翰宇崴有限公司","新北市永和區永和路2段57號4樓"
"54290717","元均創意整合有限公司","新北市新店區大同街8巷19號"
"54299386","世煜科技有限公司","新北市三峽區大智路27號10樓"
"54302523","東方神州事業有限公司","新北市板橋區文化路1段268號5樓之1"
"54305134","王風綜合企業有限公司","新北市永和區福和里永貞路79號"
"54305232","泳俐物業有限公司","新北市板橋區華翠里莒光路114巷4號(1樓)"
"54312304","玩美醫務管理顧問有限公司","新北市三重區中華路61號"
"54315132","富比士傳媒有限公司","臺北市中山區建國北路2段65號11樓"
"54317976","原朝實業有限公司","新北市汐止區忠孝里樟樹一路133巷1號2樓"
"54321916","怡宸國際股份有限公司","臺北市信義區基隆路1段141號3樓之1"
"54323533","創凡行銷有限公司","臺北市信義區吳興街354號1樓"
"54327279","松果文化有限公司","臺北市大安區光復南路308巷27號"
"54328880","尚宣公關顧問有限公司","臺北市信義區光復南路180巷13號6樓"
"54330979","誠品整合行銷有限公司","新北市新店區北新路1段10號6樓"
"54333336","和世創意股份有限公司","臺北市信義區基隆路1段143號8樓之6"
"54337797","台氣聯顧問股份有限公司","臺北市信義區信義路4段375號4樓之5"
"54339612","智因股份有限公司","臺北市中山區林森北路101號4樓"
"54340759","樂升數位行銷股份有限公司","臺北市中山區南京東路1段92號9樓之1"
"54341429","慎密調查股份有限公司","臺北市松山區八德路2段400號4樓"
"54342715","優點子科技有限公司","臺北市中山區南京東路2段76號4樓"
"54345585","大人物綜合企業股份有限公司","臺北市松山區八德路4段520號2樓"
"54355696","偉識燈國際文教顧問有限公司","臺北市中山區長春路172號8樓"
"54358259","怡樂智國際有限公司","臺北市內湖區成功路4段214巷2弄3號2樓"
"54361965","銀河國際行銷有限公司","新北市汐止區環河街88巷3弄22號"
"54364962","井治實業有限公司","臺北市信義區福德街235號3樓"
"54367412","瑞雷軒公關顧問有限公司","臺北市大安區忠孝東路4段303號6樓"
"54506385","樽鼎廣告行銷有限公司","桃園市桃園區明德里中正路1249號10樓之3"
"54509952","百威國際科技股份有限公司","雲林縣斗六市八德里引善路99號"
"54511248","寵愛生物科技有限公司","桃園市桃園區中山路1000-7號1樓之2"
"54514104","三祐國際資源開發股份有限公司","花蓮縣新城鄉嘉里村嘉里路17號1樓"
"54518495","鴻光管理顧問有限公司","新竹市北區北大路307號9樓之3"
"54521153","柏鉻富股份有限公司","桃園市平鎮區義民里復旦路二段117巷10號1樓"
"54523455","心燦整合行銷有限公司","花蓮縣花蓮市進豐街57巷7弄18-1號1樓"
"54530081","勤樂數位有限公司","桃園市桃園區中信里中山路1000-7號1樓之2"
"54531531","奕品管理顧問有限公司","臺北市松山區八德路4段277號6樓"
"54532807","海富康國際有限公司","雲林縣西螺鎮中興里6鄰延平路470-1號1樓"
"54536331","保富休閒事業有限公司","屏東縣恆春鎮山腳里恒南路8之15號"
"54538555","元斌貿易有限公司","新北市三重區新北大道1段151號"
"54539148","鴻裕資產管理有限公司","新竹縣新豐鄉員山村員山132之331號"
"54567967","震鑫教育有限公司","臺南市北區公園北路152號5樓之1"
"54569677","長隆興業有限公司","臺南市東區虎尾里東門路3段179巷16弄16號1樓"
"54581617","新誠國際企業有限公司","臺中市北屯區陳平里中清路二段742巷27號5樓"
"54582453","永豐國際徵信有限公司","臺中市北區大雅路466號2樓"
"54582931","巨龍資產管理有限公司","臺中市北區淡溝里臺灣大道二段360號13樓之5"
"54587725","金鼎創意行銷有限公司","臺中市北屯區北屯路453號2樓"
"54596772","新漢國際企業有限公司","臺中市西屯區福瑞街55號9樓之2"
"54602107","知世創意傳媒有限公司","臺中市北區崇興路二段91號1樓"
"54628916","軒揚有限公司","高雄市岡山區明得街87號1樓"
"54634712","武廟町管理顧問有限公司","高雄市鼓山區神農路161號15樓"
"54639548","榮星有限公司","臺北市松山區南京東路4段164號12樓"
"54639786","亮點人才顧問有限公司","臺北市士林區德行西路36號3樓之12"
"54640073","俠義國際有限公司","臺北市大安區敦化南路2段28號2樓"
"54640257","采佑國際企業有限公司","高雄市仁武區大景二街7巷8號"
"54640714","得士派聯合服務事業股份有限公司","臺北市內湖區新明路460巷12號1樓"
"54642023","宏壽綜合實業有限公司","臺北市中山區建國北路2段139號地下一層"
"54642939","崇美生醫科技有限公司","臺北市松山區南京南路4段130號2樓之1"
"54646920","藝曜行銷顧問有限公司","臺北市士林區忠誠路2段21巷27號7樓"
"54647343","量子國際有限公司","臺北市信義區和平東路3段641號"
"54648271","天芝環球生技股份有限公司","臺北市中山區復興北路92號4樓"
"54652274","立華投資股份有限公司","臺北市信義區和平東路3段169號5樓之3"
"54652318","京典傳承文創事業股份有限公司","臺北市中山區民族東路452號"
"54653739","富浴室內裝修有限公司","臺北市內湖區行忠路28巷1號1樓"
"54662408","新展網絡科技有限公司","臺北市信義區虎林街30巷11號3樓"
"54667889","雅米國際有限公司","新北市三峽區中正路1段240號(1樓)"
"54671770","初曼有限公司","臺北市士林區基河路192號4樓"
"54672052","澄時公關顧問有限公司","臺北市中正區忠孝西路1段33號7樓"
"54677036","玩世如藝有限公司","臺北市松山區敦化北路155巷66弄24號（1樓）"
"54678773","瑞旭國際實業有限公司","臺北市士林區中山北路6段427巷6弄3號3樓"
"54680980","地明有限公司","臺北市萬華區德昌街187號2樓"
"54684070","哈闕兒國際文化傳播有限公司","臺北市松山區南京東路5段188號6樓之5"
"54684509","群力國際行銷有限公司","臺北市中正區仁愛路1段4號6樓之2"
"54685090","澄漾國際有限公司","臺北市中山區南京西路1-1號10樓"
"54691403","頤鴻資產管理有限公司","新北市中和區中正路82號20樓之2"
"54693520","匯鉅整合有限公司","新北市三重區成功里成功路34號25樓之3"
"54697764","玄天國際有限公司","新北市中和區安順里宜安路23巷23之1號"
"54698519","聖禾數位影像有限公司","新北市泰山區辭修路10之6號"
"54699123","心悅生技股份有限公司","新北市新店區北新路1段10號6樓"
"54699427","展沛國際企業有限公司","臺北市大安區信義路2段72號地下"
"54705764","雋翰實業有限公司","新北市中和區連城路428巷20之4號"
"54707355","嘉成實業有限公司","新北市板橋區僑中里僑中二街114巷3號2樓"
"54715524","悟達客股份有限公司","新北市板橋區漢生東路17號7樓"
"54718368","華藝國際文創有限公司","新北市三重區中正南路250巷23號7樓"
"54720316","睿竣管理顧問有限公司","新北市林口區文化一路2段46號4樓"
"54726590","鼎士有限公司","新北市板橋區萬板路76號"
"54742304","藝典創意有限公司","臺中市西屯區何安里文心路三段6之6號8樓之6"
"54745169","自貿港國際發展有限公司","臺中市龍井區東海里臺灣大道五段246號2樓"
"54750009","循證民調有限公司","臺中市北屯區文心路四段83號6樓之1"
"54751540","毅鼎新光電有限公司","臺中市神岡區社口里民權一街63號1樓"
"54771095","江湖開放工作室有限公司","桃園市桃園區莊敬里中正路1535巷91號2樓"
"54773024","煌騰工商事務管理顧問有限公司","彰化縣員林鎮大饒里員集路二段244巷60弄98號1樓"
"54776129","福呈營造股份有限公司","臺北市信義區吳興街118巷35弄3號"
"54778077","前衛公共關係顧問有限公司","桃園市大園區五權里五青路224號"
"54781381","希揚國際有限公司","桃園市觀音區大堀里大湖路二段697巷3號"
"54781707","聯合公民資訊有限公司","新竹縣竹北市鹿場里自強南路8號6樓之13"
"54786695","台灣強微生物科技有限公司","桃園市中壢區普仁里實踐路223號5樓"
"54796791","亞新有限公司","新竹縣竹北市新崙里光明十三街79號1樓"
"54801703","零極限實業有限公司","桃園市八德區大仁里仁和街211巷9弄11號"
"54804737","十方至善行銷有限公司","桃園市平鎮區環南路二段11號19樓之3"
"54804770","真橙整合行銷有限公司","花蓮縣花蓮市主農里中順街118號1樓"
"54807782","崇尚國際管理顧問有限公司","桃園市中壢區仁義里福州二街520號9樓之6"
"54817780","德昊科技有限公司","新竹縣竹北市鹿場里福興東路一段152號9樓"
"54820173","永利傳播事業有限公司","高雄市新興區和平一路199號12樓"
"54825156","浤勝有限公司","高雄市鳳山區文鳳路79號11樓"
"54831684","全盈國際服務有限公司","新北市板橋區中山路1段156號14樓"
"54841352","豐禾開發顧問有限公司","新北市三重區重陽路3段192之3號3樓"
"54843149","帝師汽車有限公司","新北市土城區中央路4段30號(1樓)"
"54849185","磁星文創企業有限公司","新北市三重區力行路2段33巷7號4樓"
"54852054","臨時動議有限公司","新北市淡水區重建街27號"
"54854166","勁星文創媒體整合有限公司","新北市三峽區溪東路308巷9號"
"54861146","盛博行銷科技有限公司","新北市新莊區新北大道3段7號7樓之6"
"54862659","佳倈福國際有限公司","新北市永和區民樂街102巷3號5樓"
"54873038","懋昌開發有限公司","新北市三重區龍濱路163號4樓"
"54881902","經緯興業有限公司","臺中市南屯區大業路307號4樓"
"54896813","健達國際行銷顧問有限公司","臺中市西區自由路一段101號10樓之2"
"54902646","幸福快樂有限公司","臺中市西屯區黎明路二段1062號1樓"
"54902723","洪多多實業有限公司","臺中市西屯區黎明路二段1062號1樓"
"70438027","優墾整合行銷有限公司","臺北市大安區忠孝東路3段136號10樓之3"
"70473847","康田國際股份有限公司","臺北市松山區復興北路15號5樓之10"
"70527436","恒斌室內裝修設計有限公司","新北市中和區華新街232巷19號1至2樓"
"70663419","台灣里國際有限公司","臺南市佳里區安西里新生路400號1樓"
"70842758","華舞國際有限公司","臺北市信義區林口街176號2樓之3"
"70846121","實力貿易有限公司","臺北市中正區羅斯福路2段102號22樓"
"74284375","廷復開發股份有限公司","臺北市信義區松山路130號10樓之2"
"80050733","昶泳行銷顧問股份有限公司","臺中市大里區立仁路162號1樓"
"80051613","十方環保事業有限公司","新北市板橋區南雅南路1段1巷1號"
"80148390","華宇機電股份有限公司","臺北市文山區萬和街6號11樓"
"80167179","銥科股份有限公司","臺北市信義區松山路421號12樓"
"80261890","老子曰實業股份有限公司","臺北市中正區中山北路1段2號10樓"
"80284155","華軒國際顧問股份有限公司","臺北市中正區青島東路9號3樓"
"80331896","香港商世紀奧美公關顧問股份有限公司","臺北市松山區南京東路4段126號7樓"
"80385956","百成風險管理顧問有限公司","高雄市前金區中正四路151號13樓"
"80497684","全球思創實業股份有限公司","臺北市中山區敬業一路139之2號1樓"
"80547235","全國考訊股份有限公司","臺北市大安區羅斯福路3段273號7樓"
"80616653","安峰慶開發事業股份有限公司","新北市中和區中山路2段3巷22弄30號1樓"
"80682891","群翔管理顧問有限公司","彰化縣彰化市中央路184號6樓之4"
"84976807","一鮮生物科技股份有限公司","屏東縣東港鎮大鵬里大鵬路98號"
"86012011","集思國際會議顧問有限公司","臺北市信義區文昌街316號2樓"
"86409694","紅葉溫泉開發股份有限公司","臺東縣臺東市光明里連航路51巷4弄12號1樓"
"86563984","聯賀欣企業管理顧問有限公司","臺北市大同區南京西路205號2樓"
"86891038","世界活動顧問股份有限公司","臺北市中山區松江路237號6樓"
"86969372","琪聖資訊有限公司","桃園市中壢區中興里榮安一街253號1樓"
"89443555","鎮海海事工程有限公司","臺北市中正區忠孝西路1段41號14樓之12"
"89609611","中國公關顧問有限公司","臺北市松山區復興南路1段45號6樓"
"89617767","寶樺國際管理顧問有限公司","臺北市松山區南京東路3段287號10樓"
"96921927","聯東機電有限公司","臺北市文山區羅斯福路5段211巷17弄10號1樓"
"97025153","大正銳業有限公司","桃園市新屋區石牌里6鄰石牌嶺1之3號"
"97055607","泰尚寶實業有限公司","嘉義縣大林鎮平林里14鄰德卿街47號"
"97109619","宣保工程顧問股份有限公司","臺北市大安區復興南路1段237號9樓之1"
"97179255","英屬開曼群島商愛德曼公關顧問股份有限公司","臺北市信義區基隆路1段333號18樓之1814室"
"97229136","鑫杰開發建設有限公司","新北市三重區捷運路55號3樓"
"97242428","台灣國際會議顧問股份有限公司","桃園市八德區高明里10鄰富城街52號4樓之1"
"97315575","霈沅股份有限公司","臺北市大安區仁愛路3段26號9樓之5"
"97340639","虹宗企業有限公司","嘉義市西區南京路169號1樓"
"97344451","新領域國際顧問有限公司","臺中市南屯區五權西路二段666號7樓之9"
"97425658","金車傳播有限公司","新北市蘆洲區長安街131巷10號1樓"
