﻿"統一編號","公司名稱","公司地址","登記狀態"
"03543210","台榮產業股份有限公司","臺北市中山區南京東路2段206號6樓","核准設立"
"03564609","台灣武田藥品工業股份有限公司","臺北市中山區南京東路3段217號7樓","核准設立"
"04293133","員和工業股份有限公司","臺北市中山區德惠街9號6樓","核准設立"
"07209709","協明化工股份有限公司","新北市板橋區文化路1段268號14樓","核准設立"
"09418745","有泰香料化學有限公司","臺北市大安區信義路3段178號11樓","核准設立"
"11589006","第一化工原料股份有限公司","臺北市大同區天水路43號1至4樓","核准設立"
"12509662","信意企業股份有限公司","臺北市松山區復興北路57號7樓之2","核准設立"
"12605102","嘉品生物科技股份有限公司","雲林縣斗六市榴南里斗工十二路17號","核准設立"
"12614777","森永實業有限公司","新北市板橋區三民路1段3巷23之1號","核准設立"
"12653722","御享生技股份有限公司","臺北市內湖區瑞光路188巷52號4樓","核准設立"
"12722559","佑勝行銷顧問有限公司","彰化縣員林鎮三和里靜修東路176巷5號","核准設立"
"12898655","慶揚實業股份有限公司","桃園市桃園區中路里中山路798巷1號6樓之2","核准設立"
"13110212","博古企業有限公司","新北市新莊區五權二路22號4樓之8","核准設立"
"13120149","益昌實業有限公司","臺北市大同區西寧北路98號1樓","核准設立"
"15980404","永加企業有限公司","臺北市萬華區西藏路284號1樓","核准設立"
"16642803","宇馨生技食品股份有限公司","新北市樹林區俊安街31巷7號(1、2層)","核准設立"
"16932388","巧舜企業有限公司","新北市土城區中華路1段56巷51號","核准設立"
"20790729","青峰實業股份有限公司","新北市中和區中正路1226號5樓之1","核准設立"
"22749178","誌滿興業有限公司","臺北市大安區和平東路2段53巷2號3樓","核准設立"
"22835504","八千食品有限公司","高雄市苓雅區廣州二街86巷26號","核准設立"
"22857149","百鮮企業有限公司","新北市林口區工四路8號","核准設立"
"23063189","中聯環境生技股份有限公司","新北市淡水區中正東路2段69之5號5樓","核准設立"
"23691370","嘉年生化產品有限公司","雲林縣斗六市榴南里斗工十二路17號","核准設立"
"23750519","道昇國際股份有限公司","臺北市文山區羅斯福路6段142巷82號1樓","核准設立"
"24258697","美澤元國際貿易有限公司","臺中市西屯區臺灣大道三段540號5樓之2","核准設立"
"24298380","五松興業股份有限公司","桃園市楊梅區中山里新農街162號1樓","核准設立"
"24440957","龍琦國際股份有限公司","新北市中和區連城路5之3號","核准設立"
"24537679","碩英生醫股份有限公司","臺北市大同區酒泉街34之1號6樓","核准設立"
"24545283","金凱食品有限公司","臺北市信義區吳興街85號","核准設立"
"24547114","龍潭食品股份有限公司","臺北市內湖區基湖路35巷16號8樓之4","核准設立"
"24561305","健裕生技股份有限公司","臺北市中正區林森南路4之3號2樓","核准設立"
"24565386","禾盟企業股份有限公司","臺北市中正區鎮江街7號4樓之1","核准設立"
"24569502","佳寶國際企業有限公司","臺北市內湖區舊宗路2段181巷2之1號3樓","核准設立"
"24572627","有嘉農業科技股份有限公司","臺北市大同區重慶北路3段165號3樓","解散"
"24587375","偉哥食品有限公司","臺中市龍井區台中市龍井區中山一路一段120巷12弄11號","核准設立"
"24598719","潤康國際食品有限公司","臺中市北屯區松勇里松明街66號1樓","核准設立"
"24608218","富宥生技有限公司","雲林縣土庫鎮越港里大同路1之2號1樓","核准設立"
"24630154","淳雁企業股份有限公司","新竹縣竹北市嘉豐十路5號4樓之3","廢止"
"24650643","津棧食品有限公司","彰化縣彰化市延平里文心街18號1樓","核准設立"
"24670394","合盛發貿易有限公司","高雄市小港區翠亨南路223號10樓之2","核准設立"
"24687016","愛爾信有限公司","高雄市鼓山區文信路332號8樓","核准設立"
"24692427","年輕人食品有限公司","新北市樹林區三俊街84號(1樓)","核准設立"
"24694558","御美姿國際實業有限公司","新北市新莊區幸福路683之2號","核准設立"
"24707701","崇仁草本農業有限公司","新北市五股區登林路貿商巷6弄11號13樓","核准設立"
"24717320","高高高有限公司","臺北市中山區中山北路2段93巷7之3號","核准設立"
"24717546","明威食品企業有限公司","新北市新店區北新路3段222號3樓","核准設立"
"24734799","艾露兒生技有限公司","新北市土城區中央路2段191號15樓之1","核准設立"
"24737085","翔井生技有限公司","新北市三重區朝陽街26巷1弄15號","核准設立"
"24746541","遠合生物科技股份有限公司","臺北市信義區信義路5段150巷2號13樓之8","核准設立"
"24759518","台灣愛謝謝股份有限公司","臺北市內湖區內湖路1段91巷14號2樓","核准設立"
"24782047","一品國際生物技術股份有限公司","臺北市中正區重慶南路1段43號3樓之1","核准設立"
"24839246","翔大食品股份有限公司","臺中市潭子區豐栗路166巷8號","核准設立"
"24840519","方成圓國際有限公司","臺中市南屯區同心里大墩五街302號1樓","核准設立"
"24846350","老沅豐生物科技有限公司","臺中市太平區育賢路97號1樓","核准設立"
"24865074","彩志有限公司","新竹縣竹北市斗崙里福興路979之21號","核准設立"
"24865953","井泉食品有限公司","屏東縣萬丹鄉社上村社上路16巷30號1樓","核准設立"
"24866242","人化食品有限公司","新竹縣芎林鄉文林村文山路51巷26號1樓","核准設立"
"24869206","寶島鮮有限公司","新竹市西大路180號1樓","核准設立"
"24878866","瑞騏股份有限公司","彰化縣員林鎮大榮街51號2樓","核准設立"
"24879470","佳世福有限公司","桃園市大園區大觀路14巷2號","核准設立"
"24879767","喜嘉國際有限公司","桃園市中壢區普仁里力行北街53號2樓之3","核准設立"
"24888745","赫群生技有限公司","臺中市西屯區福泰街119號1樓","核准設立"
"24906785","文元生技有限公司","臺南市仁德區太子里太子四街25巷17號","核准設立"
"03341208","振芳股份有限公司","臺北市中正區新生南路1段116號3樓","核准設立"
"05174211","頂記食品股份有限公司","新北市五股區興珍里五工路144號1樓","核准設立"
"06377538","長壽化工廠有限公司","臺南市南區新樂路66號","核准設立"
"11310208","振誠貿易股份有限公司","臺北市中正區師大路181號","核准設立"
"11454725","南嘉有限公司","臺北市中山區南京東路2段206號4樓","核准設立"
"12692534","沅哲有限公司","新北市林口區粉寮路2段24號","核准設立"
"12734561","基香食品有限公司","桃園市觀音區崙坪里1鄰崙坪1之10號","核准設立"
"12826338","萱展企業股份有限公司","新北市中和區建康路63號","核准設立"
"12848945","昇上宏貿易有限公司","彰化縣員林鎮三義里惠安街73號","核准設立"
"12917371","勵儀科技股份有限公司","臺北市中正區重慶南路1段121號6樓之12","核准設立"
"12971536","立弘生化科技股份有限公司","臺北市大安區敦化南路2段71號13樓","核准設立"
"13065498","仲麟實業有限公司","高雄市鳳山區杭州西街164號3樓","核准設立"
"13125284","仲暘企業有限公司","新北市深坑區北深路3段240號","核准設立"
"13141432","立和生醫股份有限公司","臺北市中山區中山北路2段93巷19號9樓","核准設立"
"13192234","鴻昌科技實業有限公司","高雄市旗山區光復二街10號","核准設立"
"13199784","東樺食品原料有限公司","高雄市小港區廠前路64號1樓","核准設立"
"15395706","義芳化學工業股份有限公司","臺北市萬華區莒光路310號7樓","核准設立"
"15465603","廣成香料化學股份有限公司","新北市八里區頂寮一街28巷1號","核准設立"
"16053122","東佳貿易有限公司","臺中市北屯區太順路250號1樓","核准設立"
"16519141","德啟實業有限公司","桃園市桃園區大業路2段237號7樓","核准設立"
"16783795","佳美樂實業有限公司","臺北市中山區吉林路218巷10號1樓","核准設立"
"16820335","遠信國際實業有限公司","嘉義縣新港鄉潭大村潭子墘26-2號","核准設立"
"16861308","嘉振企業有限公司","臺南市佳里區鎮山里鎮山162-16號","核准設立"
"16876554","淞富香料食品聯合有限公司","彰化縣員林鎮萬年里員水路二段421巷17號","核准設立"
"16892977","同富開發有限公司","新北市三重區大勇街72號","核准設立"
"22160732","億元食品股份有限公司","基隆市七堵區工建路5號","核准設立"
"22165244","永詮食品股份有限公司","臺北市信義區基隆路1段186號6樓之6","核准設立"
"22208715","資川有限公司","雲林縣北港鎮吉祥路10號","核准設立"
"22607585","久益化工股份有限公司","新北市新莊區新樹路268巷72號2樓","核准設立"
"23420497","德麥食品股份有限公司","新北市五股區五權五路31號","核准設立"
"23443294","登盛企業股份有限公司","臺北市內湖區港墘路189號9樓","核准設立"
"23774603","台灣明礬化學實業有限公司","高雄市鳥松區坔埔里松埔路65號1樓","核准設立"
"23959329","宏俊實業股份有限公司","彰化縣員林鎮振興里員水路一段253號1樓","核准設立"
"24253546","微寶生技股份有限公司","屏東縣長治鄉德和村神農東路17號","核准設立"
"24291083","台客科技有限公司","新北市新店區安泰路60巷90弄45號(1樓)","核准設立"
"24545137","巴克斯美食股份有限公司","臺北市大安區新生南路3段11之1號4樓","核准設立"
"24562310","元向有限公司","臺北市中正區林森北路9巷5號5樓","核准設立"
"24568139","台灣四葉食品科技股份有限公司","新北市汐止區新台五路1段79號19樓之11、12","核准設立"
"24576139","卡吉特有限公司","臺北市中山區南京東路2段140號6樓","核准設立"
"24578994","齊芳食業有限公司","臺中市神岡區豐原大道七段522號3樓","核准設立"
"24585051","活宗企業有限公司","臺中市西區安龍里民權路185號5樓之4","解散"
"24594740","登鋒有限公司","臺中市潭子區東寶里7鄰崇德路五段13號","核准設立"
"24595585","翔美實業有限公司","臺中市太平區華安街90號","核准設立"
"24612629","常慧有限公司","桃園市楊梅區楊明里26鄰新農街539號10樓","核准設立"
"24616646","聚德生醫有限公司","彰化縣彰化市平和七街25號1樓","核准設立"
"24624765","再康生化科技股份有限公司","桃園市桃園區長德里愛五街12-2號3樓","解散"
"24629826","坤元妙齋食品有限公司","桃園市平鎮區義民里環南路二段27號6樓","核准設立"
"24634742","隨果樂活事業有限公司","新竹縣竹北市東平里嘉豐六路2段79巷3號1樓","核准設立"
"24638825","潘朵拉貿易有限公司","基隆市中正區正砂里中正路171號","核准設立"
"24642481","巧吉食品有限公司","桃園市桃園區西湖里三民路3段170之4號","核准設立"
"24649581","領仙生技股份有限公司","新竹市東區新莊街129巷70弄1號","核准設立"
"24671302","熊芝堂生物科技有限公司","高雄市三民區大豐一路216、218號4樓","核准設立"
"24692910","黑傑克食品有限公司","新北市土城區永平街28號","核准設立"
"24708928","泳賀食品企業有限公司","新北市新莊區雙鳳路73巷25號(1樓)","核准設立"
"24709052","一日昌田有限公司","新北市板橋區民治街42巷31號5樓","核准設立"
"24720795","彥騰生醫股份有限公司","新北市新莊區中正路651之1號8樓","核准設立"
"24746227","和悅國際有限公司","臺北市松山區八德路3段218號9樓之2","核准設立"
"24781477","富喜健股份有限公司","臺北市松山區敦化南路1段100巷7弄49號1樓","核准設立"
"24804345","香港商鑫聖生技有限公司","臺北市內湖區樂康里康樂街61巷79弄3號1樓","核准設立"
"24845774","永儒國際有限公司","臺中市東勢區新盛里東關路632巷150號1樓","核准設立"
"24850255","江秀日式開發有限公司","桃園市蘆竹區南山路二段75號1樓","解散"
"24851487","派大興有限公司","基隆市七堵區崇廉街55-3號4樓","核准設立"
"24864764","辰立海產有限公司","基隆市中正區港通里中正路36號1樓","核准設立"
"24866138","伯德森有限公司","桃園市中壢區三民里中正路676號","核准設立"
"06234552","速達興業股份有限公司","嘉義縣水上鄉水上村嘉朴路137巷1號","核准設立"
"07067309","味王股份有限公司","臺北市中山區聚盛里中山北路2段79號5樓","核准設立"
"12378253","千附實業股份有限公司","新竹市關東路187巷9之1號","核准設立"
"12638526","王溙股份有限公司","桃園市平鎮區平安里中豐路南勢一段158巷47號1樓","核准設立"
"12826132","地天泰國際實業有限公司","屏東縣屏東市橋南里工業二路3號1樓","核准設立"
"12828672","喜樂之泉股份有限公司","臺中市北區錦平里中華路二段179之3號1樓","核准設立"
"13086141","政彥實業股份有限公司","臺北市士林區中山北路7段223號5樓","核准設立"
"13139554","金衣生命科學股份有限公司","臺北市中山區松江路87號17樓","核准設立"
"15013427","洸洋化學製藥股份有限公司","新北市板橋區信義路26巷10號","核准設立"
"15221213","京聯實業有限公司","臺北市信義區信義路5段5號","核准設立"
"15458455","臺灣永光化學工業股份有限公司","臺北市大安區義安里敦化南路2段77號5~6樓","核准設立"
"16294852","中華寧記食品有限公司","臺北市大安區光復南路628巷9號","核准設立"
"16404443","馥雅有限公司","新北市汐止區康寧街61巷22弄9號","核准設立"
"16579793","合巧香料有限公司","苗栗縣竹南鎮佳興里2鄰公義路178巷1號","核准設立"
"16678864","華森健康國際有限公司","新北市樹林區俊英街81巷61之2號(1樓)","核准設立"
"18852136","振源食品科技股份有限公司","臺北市中正區師大路181號","核准設立"
"20939460","立安東化工股份有限公司","苗栗縣三義鄉鯉魚潭村鯉魚口99號","核准設立"
"20970525","瑞聯興業股份有限公司","新北市汐止區新台五路1段77號13樓之8","核准設立"
"22247837","久芳興業有限公司","臺南市東山區聖賢里頂窩17號","核准設立"
"22422010","台忠企業股份有限公司","臺北市松山區民生東路3段118號8樓之2","核准設立"
"22443021","仁友興業有限公司","臺北市大安區信義路4段341號6樓之2","核准設立"
"23123623","名泓實業股份有限公司","新北市五股區五權六路15號1樓","核准設立"
"23190072","三鶯氣體有限公司","新北市鶯歌區二甲路68之1號","核准設立"
"23295701","承威企業有限公司","臺北市信義區莊敬路239巷1弄7號1樓","核准設立"
"24254643","恒佳實業有限公司","新北市板橋區文化路1段266號8樓之3","核准設立"
"24308887","吉泰藥品股份有限公司","臺北市大安區敦化南路2段128號15樓之6、及15樓之3","核准設立"
"24336011","全國維他命有限公司","臺北市內湖區民權東路6段15巷38號4樓","核准設立"
"24467940","大元碳酸有限公司","臺北市南港區成福路171巷30號","核准設立"
"24477601","艾克數位科技有限公司","新北市中和區中正路1194巷8號3樓","核准設立"
"24501692","喜得寶科技有限公司","高雄市鼓山區中華一路164號1樓","核准設立"
"24503663","真御有限公司","高雄市仁武區澄新五街23號1樓","核准設立"
"24526357","木葉科技實業股份有限公司","高雄市小港區大業北路354號","核准設立"
"24535118","量智國際科技有限公司","臺北市大安區光復南路578號12樓之1","核准設立"
"24553403","晨杏生醫有限公司","臺北市內湖區康寧路3段75巷222號","核准設立"
"24554304","銀葡萄股份有限公司","臺北市松山區民生東路3段156號14樓","核准設立"
"24555296","辰宏事業有限公司","臺北市萬華區桂林路242巷81號","核准設立"
"24561157","竹宣國際有限公司","臺北市中山區松江路132巷17之3號4樓","核准設立"
"24561369","天草斑鳩菊生技股份有限公司","臺北市萬華區開封街2段32號2樓之3","核准設立"
"24567357","華麗藥業股份有限公司","臺北市松山區民生東路5段204號2樓之2","核准設立"
"24580197","新明國際有限公司","臺中市南屯區南屯里五權西路二段666號8樓之5","核准設立"
"24587918","藝訊生技開發有限公司","臺中市西區公民里金山路6之1號5樓","核准設立"
"24605079","懋昇生技股份有限公司","臺中市后里區三豐路212巷7號","核准設立"
"24611375","給力食品有限公司","桃園市蘆竹區新興里大竹路407號(1樓)","核准設立"
"24639970","安力圻生技股份有限公司","雲林縣斗南鎮新光里延平路一段388之1號","核准設立"
"24649702","台鼎國際企業有限公司","桃園市龍潭區烏林里31鄰工五路62巷13號1樓","核准設立"
"24653748","楓川餐飲有限公司","新竹縣竹北市文化里縣政二路187號","核准設立"
"24668117","夏蕊國際事業有限公司","高雄市左營區南屏路259號1樓","核准設立"
"24680750","神農稼有限公司","高雄市鳳山區信義街47巷8號1樓","核准設立"
"24680956","嘉新行企業有限公司","高雄市仁武區南勢巷6之1號","核准設立"
"24682862","香味廣開發有限公司","高雄市仁武區工業二路17巷68弄42號","核准設立"
"24686396","京澄國際餐飲有限公司","高雄市鼓山區明華路237號1樓","核准設立"
"24691481","臺灣吉品臻貿易有限公司","新北市新莊區化成路364巷3號","核准設立"
"24694425","王統冷凍食品有限公司","新北市三峽區嘉添181之15號","核准設立"
"24715224","安瑟實業股份有限公司","新北市淡水區文化里新民街19巷22號8樓","核准設立"
"24731385","兆發開發國際實業有限公司","新北市汐止區翠峰街2巷11弄4號","解散"
"24737352","互揚食品有限公司","新北市五股區工商路18巷23弄1號(1樓)","核准設立"
"24767947","亞伯朗國際有限公司","臺北市士林區克強路10巷21弄19號1樓","核准設立"
"24770437","寧記食品有限公司","臺北市大安區光復南路628巷9號","核准設立"
"24831960","五更物產有限公司","臺中市大里區塗城路33巷7號","核准設立"
"24833019","寶信生醫股份有限公司","臺中市大里區金城里中興路一段大明巷18弄31號1樓","核准設立"
"24833904","順德生技股份有限公司","臺中市西區臺灣大道二段501號18樓之1","核准設立"
"24867474","有辰實業股份有限公司","桃園市平鎮區東勢里洪圳路465號1樓","核准設立"
"24911746","艾琍亞國際開發有限公司","臺南市安南區安和里府安路3段311巷19號1樓","核准設立"
"01406366","第一化成股份有限公司","新北市板橋區信義路26巷10號","核准設立"
"01884009","金益化學工廠有限公司","新北市土城區中央路1段365巷16號","核准設立"
"04403862","鴻元生技股份有限公司","臺中市北屯區平安里13鄰崇德路二段128號6樓之2","核准設立"
"04417508","冠軍股份有限公司","臺北市中山區中山北路2段79號7樓","核准設立"
"04424206","七星香料股份有限公司","新北市新莊區化成路11巷89弄11號","核准設立"
"04696749","友發化工股份有限公司","臺北市中正區忠孝東路1段85號16樓","核准設立"
"11347802","味全食品工業股份有限公司","臺北市中山區松江路125號","核准設立"
"11907184","台灣曾田香料股份有限公司","臺北市中山區松江路309號7樓","核准設立"
"12298913","富凰企業股份有限公司","臺北市大同區承德路3段123號","核准設立"
"12758731","仁勝工業有限公司","嘉義縣義竹鄉龍蛟村龍蛟潭186附1號","核准設立"
"12797827","亞世欣實業股份有限公司","新北市樹林區柑園街2段122巷5號5樓","核准設立"
"12905831","博馨實業有限公司","彰化縣員林鎮崙雅里崙雅巷51之1號","核准設立"
"14020267","富康國際生技股份有限公司","新北市汐止區大同路1段179號7樓","核准設立"
"16275530","生揚化工原料股份有限公司","桃園市桃園區泰山里宏昌六街18-1號5樓","核准設立"
"16333525","鉅得生技股份有限公司","臺中市西屯區漢口路二段140號5樓","核准設立"
"16448250","台灣泰華施股份有限公司","臺北市松山區富錦街421號2樓","核准設立"
"16654877","有澤化學股份有限公司","高雄市鳳山區國富路21巷2弄13、15號","核准設立"
"16841401","佳乳食品股份有限公司","臺北市大安區仁愛路3段136號5樓","核准設立"
"20651901","黑松股份有限公司","臺北市大安區信義路4段296號3樓","核准設立"
"22425683","日正食品工業股份有限公司","南投縣南投市新興里自強三路28號","核准設立"
"22729519","農豪生物科技股份有限公司","臺北市內湖區南京東路6段346號11樓之2","核准設立"
"23197342","天瑛股份有限公司","桃園市蘆竹區長興里長興路4段283號","核准設立"
"23331447","珀裕企業有限公司","高雄市小港區明聖街40巷12號","核准設立"
"23356734","至茂企業股份有限公司","高雄市三民區鼎貴路166號","核准設立"
"23594686","捷南企業股份有限公司","新北市中和區中正路959號11樓","核准設立"
"24396544","利盈水產股份有限公司","嘉義縣布袋鎮六棟寮100號","核准設立"
"24558245","山酮新藥開發股份有限公司","臺北市南港區園區街3號17樓之1","核准設立"
"24566054","安宇股份有限公司","臺北市大同區迪化街1段70號","核准設立"
"24567693","勝捷餐飲股份有限公司","臺北市中山區南京東路2段96號7樓","核准設立"
"24595207","馥聖行有限公司","臺中市南屯區惠中里文心路一段378號19樓之7","核准設立"
"24620374","妮娜有限公司","南投縣埔里鎮北安里中山路二段110號1樓","核准設立"
"24625693","甲子園食品有限公司","宜蘭縣冬山鄉義成路三段282巷18號1樓","核准設立"
"24626525","鼎昌興業有限公司","苗栗縣苑裡鎮房裡里1鄰16-2號","核准設立"
"24626911","宏笙食品有限公司","彰化縣花壇鄉長沙村忠孝街239號","核准設立"
"24641841","祥茗生技股份有限公司","新竹縣竹北市崇義里蓮花路223巷98號1樓","核准設立"
"24656082","育莆生技有限公司","桃園市中壢區興和里新生路三段399巷37號","核准設立"
"24663083","吉禾食品有限公司","高雄市永安區保安路255號1樓","核准設立"
"24665673","璋鼎生技股份有限公司","高雄市鼓山區明誠三路679號16樓","核准設立"
"24688388","汎得國際投資有限公司","新北市新店區民權路73號","核准設立"
"24690820","泰康生技股份有限公司","新北市板橋區四川路1段292號","核准設立"
"24693072","永晨股份有限公司","新北市樹林區柑園街2段122巷5號(1樓)","核准設立"
"24707688","崇信草本農業有限公司","新北市五股區貿商里登林路貿商巷6弄11號13樓","核准設立"
"24724429","滿滿堂有限公司","新北市永和區永樂里自由街51號9樓之1","核准設立"
"24726995","高林再生能源科技有限公司","新北市樹林區鎮前街26號","核准設立"
"24740271","鑫鼎國際股份有限公司","臺北市信義區莊敬路391巷16弄3號4樓","核准設立"
"24740589","陳杉號實業股份有限公司","臺北市內湖區內湖路1段285巷63弄9號3樓","核准設立"
"24746373","嘉優實業有限公司","臺北市大安區永康街37巷10號3樓","核准設立"
"24746486","德益祥生技有限公司","臺北市大安區仁愛路4段107號7樓","核准設立"
"24748061","甜豐食品有限公司","臺北市大同區承德路1段105號7樓之2","核准設立"
"24748359","美泰企業有限公司","臺北市內湖區成功路4段70號7樓之1","核准設立"
"24760613","和禾設計有限公司","臺北市士林區承德路4段188號1樓","核准設立"
"24762289","振山生物科技有限公司","臺北市中山區民族東路68號","核准設立"
"24764287","三分甜食品股份有限公司","臺北市中山區南京東路2段206號4樓之1","核准設立"
"24782996","隆穎國際有限公司","臺北市北投區致遠一路2段109號1樓","核准設立"
"24784489","用九生物科技股份有限公司","臺北市信義區忠孝東路4段560號4樓","核准設立"
"24789528","英屬維京群島商諾威萊有限公司","新北市汐止區北山里康寧街169巷23號3樓之2","核准設立"
"24845922","艾博生技抗體股份有限公司","臺中市西區和龍里臺灣大道二段2號5樓之2","核准設立"
"24845937","鉅揚國際有限公司","臺中市南區福順里忠明南路787號37樓","核准設立"
"24857412","以斯帖國際生醫科技股份有限公司","桃園市大溪區員林路1段396號1樓","核准設立"
"24861372","觀心園企業有限公司","南投縣南投市營北里營北路164號1樓","核准設立"
"24894704","富之星整合行銷有限公司","花蓮縣花蓮市民意里府前路408巷18弄6號2樓","核准設立"
"24902280","平閎食品有限公司","臺南市南區新忠路1-1號1樓","核准設立"
"24883782","鑫瀅有限公司","屏東縣萬巒鄉萬金村萬興路79-3號","核准設立"
"24911149","日釀生技股份有限公司","臺南市東區中華東路二段226巷28弄34號1樓","核准設立"
"24916910","椿樺生技股份有限公司","臺南市南區新樂路104號2樓","核准設立"
"24945099","益福生醫股份有限公司","臺北市中山區中山北路2段129號2樓之1、之2","核准設立"
"24950901","金瑞碳酸有限公司","臺北市南港區成福路171巷30號","核准設立"
"24956270","新和食品股份有限公司","臺北市中山區德惠街9號8樓之1           ","核准設立"
"24991972","佐灃生技有限公司","高雄市大樹區竹寮路388號","核准設立"
"25044292","貫博生技有限公司","彰化縣彰化市西興里景宗街139號","核准設立"
"25058979","佑柏有限公司","新北市三重區成功路68之1號","核准設立"
"25067908","三和生技有限公司","屏東縣里港鄉永春村永豐路1段66號","核准設立"
"25089537","錦香園有限公司","雲林縣二崙鄉定安村定安100-6號1樓","核准設立"
"25164845","元琪生化科技有限公司","高雄市岡山區台上里成功路460巷43號","核准設立"
"25189938","昱昌農產興業有限公司","新竹縣新埔鎮田新里文德路3段149巷3號","核准設立"
"27346630","陽光綠葉產業股份有限公司","臺北市內湖區安康路93巷2弄2號2樓","核准設立"
"27605517","味丹生物科技股份有限公司","臺中市沙鹿區興安路81號","核准設立"
"27802094","特品貿易有限公司","臺北市中山區建國北路3段129號3樓","核准設立"
"28102274","牛亨食品有限公司","彰化縣彰化市古夷里泰和路3段168之8號附1","核准設立"
"28222313","和進草本生機股份有限公司","臺北市中山區長安東路2段169之8號1樓","核准設立"
"29090141","鴻華食品有限公司","新北市三峽區安溪里大同路147巷16號5樓之3","核准設立"
"35274602","信安生化科技股份有限公司","新北市蘆洲區和平路14號","核准設立"
"42582302","愛爸爸實業有限公司","宜蘭縣羅東鎮復興路一段51號1樓","核准設立"
"42585238","萬苗生技有限公司","屏東縣萬丹鄉灣內村聖賢路129號","核准設立"
"42588679","瓃慕爾企業有限公司","屏東縣屏東市明正里北平路16號1樓","核准設立"
"42594671","水可靈生技股份有限公司","桃園市楊梅區高上里青年路6號2樓","核准設立"
"42602187","格園社會企業有限公司","屏東縣東港鎮興東里興東路44-1號1樓","核准設立"
"42602623","順天禾科技股份有限公司","桃園市龍潭區工五路192巷3號","核准設立"
"42609702","合融合生技股份有限公司","桃園市大溪區仁和里隆德街190巷5號1樓","核准設立"
"42622135","安尼克貿易有限公司","臺北市信義區忠孝東路5段1之1號8樓","核准設立"
"42625604","禾裕烘焙國際有限公司","臺北市信義區永吉路187巷7號","核准設立"
"42648022","兔兔日子股份有限公司","臺北市內湖區內湖路1段387巷3弄7號","核准設立"
"42652242","宜暉生物科技有限公司","臺北市大同區重慶北路3段254號4樓","核准設立"
"42657801","凰祿食品股份有限公司","臺北市萬華區長順街99巷16弄5號3樓","核准設立"
"42658301","米之樂股份有限公司","臺北市內湖區安泰街125巷6號8樓之1","核准設立"
"42660192","綠色防衛生技股份有限公司","臺北市大同區西寧北路70號7樓","核准設立"
"42662038","立順股份有限公司","臺中市潭子區中山路三段169號","核准設立"
"42748922","阿里山頂尖食品股份有限公司","桃園市平鎮區北勢里德育路213號7樓","核准設立"
"42751051","康祥生物科技有限公司","南投縣埔里鎮大城里大城路62號","核准設立"
"42752349","民那的健康有限公司","新竹縣竹東鎮五豐里敦睦街1巷14號1樓","核准設立"
"42754326","塔卡國際管理顧問有限公司","桃園市楊梅區富豐里新明街530巷22號","核准設立"
"53114241","盈竣實業有限公司","高雄市鳳山區凱旋路90之1號1樓","核准設立"
"53118957","崇儉實業有限公司","臺北市大同區太原路54之1號3樓","核准設立"
"53131001","丞泰國際企業有限公司","臺中市北區新北里錦南街7號3樓","核准設立"
"53565012","安德富實業有限公司","臺北市信義區信義路5段5號","核准設立"
"53641258","綠能農產產銷有限公司","彰化縣溪湖鎮忠覺里忠工路41號1樓","核准設立"
"53685001","益品食品有限公司","新北市汐止區長安路179號(1樓)","核准設立"
"53690911","康博網國際有限公司","新北市淡水區中正東路2段27之2號28樓","核准設立"
"53695036","泓晟國際股份有限公司","臺北市中山區南京東路2段137號14樓","核准設立"
"53732975","碧倫生物技術股份有限公司","宜蘭縣五結鄉成興村利工三路101號","核准設立"
"53902680","銀座屋股份有限公司","高雄市苓雅區中正一路135號1樓","解散"
"53908848","紫金國際有限公司","高雄市苓雅區自強三路20巷8號1樓","核准設立"
"53909038","廣味美開發有限公司","高雄市仁武區工業二路17巷68弄42號","核准設立"
"53942233","皇饌食品股份有限公司","臺北市信義區松隆路102號17樓之1","核准設立"
"53972432","宏臻企業有限公司","宜蘭縣羅東鎮新群里月眉路438巷2號1樓","核准設立"
"53985788","皇鶴貿易有限公司","嘉義市西區育英里永安街205號1樓","核准設立"
"53985871","京紅豆文化主題館有限公司","屏東縣萬丹鄉中興路二段258號","核准設立"
"54069547","樺維食品興業股份有限公司","臺南市南區大忠里國民路270巷6弄56號1樓","核准設立"
"54073471","同華順生物科技有限公司","臺南市中西區仁愛街42號之1","核准設立"
"54086004","向進科技有限公司","臺南市仁德區仁德里仁中六街118號1樓","核准設立"
"54094686","玟瑛企業有限公司","臺中市北區錦南街7號3樓","核准設立"
"54104376","冠詮生技股份有限公司","新竹縣竹北市鹿場里自強三路31號3樓","核准設立"
"54121500","安道食品有限公司","彰化縣北斗鎮大道里復興路512號","核准設立"
"54126097","得意家科技有限公司","臺中市西區大昌街222號5樓之12","解散"
"54126575","鍀莎樂活坊有限公司","臺東縣臺東市南榮里志航路一段752巷15號1樓","核准設立"
"24953169","和曄企業股份有限公司","臺北市中正區衡陽路51號6樓之9","核准設立"
"24954863","百歐強生技國際有限公司","臺北市中山區南京東路2段137號14樓","核准設立"
"24966039","我在家設計科技股份有限公司","臺北市士林區中山北路6段172巷16弄2號4樓之6","核准設立"
"24975488","果真好股份有限公司","臺北市大安區和平東路2段357巷2號","核准設立"
"24980813","農揚生技實業有限公司","屏東縣新園鄉新園村媽祖路407巷11號","核准設立"
"25004279","盈桔有限公司","雲林縣水林鄉蘇秦村順安路11號1樓","核准設立"
"27566325","力遠貿易股份有限公司","臺北市內湖區民權東路6段90巷31弄5號","核准設立"
"27811967","維風糧泉有限公司","臺南市永康區中山南路490巷2弄72號","核准設立"
"28126965","馥瑞馨國際有限公司","桃園市龜山區大華里頂湖路7號2樓","核准設立"
"28185154","陞邦食品技術開發有限公司","臺北市信義區基隆路1段155號8樓之4","核准設立"
"28392246","富禾食品有限公司","雲林縣虎尾鎮公安里明正路27巷14號1樓","核准設立"
"28548472","華永生物科技股份有限公司","新北市中和區中山路3段114巷47號","核准設立"
"28783095","鼎喬食技有限公司","彰化縣埔心鄉太平村太平路75巷38號1樓","核准設立"
"28789751","穀興農場股份有限公司","新北市八里區老阡里荖阡坑路69號","核准設立"
"28831358","藝多廚食材股份有限公司","臺北市中山區南京東路2段88號18樓","核准設立"
"28943277","領先奈米製藥生技股份有限公司","新北市新莊區新北大道2段219號13樓之1","核准設立"
"29122565","財興貿易有限公司","臺南市北區大興街602巷1弄21號1樓","核准設立"
"29500460","欣慶有限公司","臺北市信義區信義路6段33巷5號4樓","核准設立"
"30856360","高林農貿股份有限公司","新北市板橋區文化路1段268號14樓之2","核准設立"
"35127383","回春堂製藥廠股份有限公司","桃園市新屋區社子里社子8號","核准設立"
"35940916","樺興化學工業有限公司","新北市新莊區化成路389巷18號","核准設立"
"37509008","三億食品原料有限公司","嘉義縣大林鎮平林里中正路230巷1弄80號","核准設立"
"38409956","品高企業股份有限公司","雲林縣斗六市溪洲里中南路290巷10-2號","核准設立"
"42560742","康渼生醫科技股份有限公司","新竹市公道五路二段228號","核准設立"
"42573731","昕蘭實業有限公司","宜蘭縣羅東鎮樹林里公正路338之2號1樓","核准設立"
"42582746","江江有限公司","桃園市平鎮區北華里德育路二段85號1樓","核准設立"
"42585808","香鬱美容有限公司","新竹縣竹北市光明六路東二段220號2樓","核准設立"
"42588066","亞諾賓士國際有限公司","南投縣南投市文化路137巷2弄13號1樓","核准設立"
"42618809","立派食品企業股份有限公司","臺北市大同區南京西路22號12樓","核准設立"
"42631367","德田農業生技股份有限公司","臺北市內湖區瑞湖街58號12樓","核准設立"
"42638713","碧美股份有限公司","臺北市中正區信義路2段23號3樓之9","核准設立"
"42704179","優鮮園有限公司","新北市三峽區大勇路31號(1樓)","核准設立"
"42704635","大隸國際餐飲有限公司","新北市新莊區五工三路70巷13號","核准設立"
"42743497","宏燕企業有限公司","桃園市觀音區草漯里福一街37號1樓","核准設立"
"42796803","群生福食品科技有限公司","高雄市仁武區八德南路100巷12弄13號","核准設立"
"42849457","天霈生技有限公司","臺北市中山區南京東路2段137號14樓","核准設立"
"42871099","綜晟國際有限公司","臺中市大里區仁德里至善路242號4樓","核准設立"
"53075205","恩發能源科技股份有限公司","臺南市仁德區仁德里仁中六街118號1樓","核准設立"
"53116923","台灣福代克思股份有限公司","臺北市內湖區內湖路1段91巷22號3樓","核准設立"
"53645037","和佳聯企業有限公司","桃園市龜山區嶺頂里茶專路33號","核准設立"
"53662008","貝里斯商家喜多樂草本有限公司","新竹市北區世界街153號","核准設立"
"53670247","日商掛川酵母股份有限公司","臺北市松山區民生東路3段156號11樓","核准設立"
"53741257","常源生技有限公司","臺北市士林區德行東路189號1樓","核准設立"
"53866777","妮蓓爾生物科技股份有限公司","高雄市燕巢區安林三街68號1樓","核准設立"
"53884584","皇呈開發有限公司","高雄市仁武區文南四街42號","核准設立"
"53895457","安林軒食品有限公司","高雄市燕巢區安林四街20號1樓","核准設立"
"53945246","喜元有限公司","臺北市信義區吳興街60號","解散"
"53955243","鼎超食品有限公司","臺北市萬華區長泰街139巷17號5樓","核准設立"
"53970223","康健博士生物科技有限公司","基隆市中正區義一路59號8樓","核准設立"
"54014950","聯華駿企業有限公司","新北市中和區碧河里連城路222巷8弄6號3樓","解散"
"54016140","揚明食品有限公司","新北市樹林區中山路2段151巷15弄10號","核准設立"
"54039880","寶耕生技股份有限公司","新北市中和區立德街148巷40號3樓","核准設立"
"54052503","吉甄有限公司","新北市林口區忠孝路542巷8號","核准設立"
"54083870","大勝食品原料有限公司","臺南市東區崇德里崇善路232巷17弄33號1樓","核准設立"
"54106085","金中發展股份有限公司","新竹市海濱里尚濱路72號13樓之3","解散"
"54106183","源天然農業有限公司","臺東縣池上鄉福原村中山路99號","核准設立"
"54107731","蕎福國際貿易有限公司","臺中市南區和平里復興路二段71巷77弄66號12樓","解散"
"54134391","秉豐生物科技股份有限公司","雲林縣口湖鄉崙東村民生路1-90號1樓","核准設立"
"54135201","醇香食品股份有限公司","屏東縣崁頂鄉崁頂村中正路1-1號","核准設立"
"54138283","聖恩國際食品有限公司","臺中市潭子區豐栗路166巷8號","核准設立"
"54201861","騏鐿新企業有限公司","高雄市三民區堯山街74之3號","核准設立"
"54219898","我們有限公司","桃園市平鎮區新勢里中豐路79巷8號","核准設立"
"54227031","糖都食品股份有限公司","桃園市平鎮區義興里環南路301巷18號7樓之6","解散"
"24915855","綠沛雅生醫事業股份有限公司","臺南市安平區永華路2段248號13樓之6","核准設立"
"24917967","勝鉦實業有限公司","臺南市安定區中榮里許中營24之17號","核准設立"
"24933158","禾餘麥酒有限公司","臺北市松山區民生東路5段153號4樓之14","核准設立"
"24939266","匯康科技有限公司","臺北市松山區南京東路4段133巷7弄23號1樓","核准設立"
"24949308","三福生技股份有限公司","臺北市中山區中山北路2段21號7樓","核准設立"
"24965968","合洋開發實業有限公司","臺北市中正區重慶南路1段49號9樓","核准設立"
"24985893","毅克生技有限公司","高雄市三民區建興路419巷25號5樓之1","核准設立"
"24986751","杰森食品開發有限公司","高雄市大樹區瓦厝街6之126號","核准設立"
"25078882","和星食品企業有限公司","高雄市岡山區為隨東路66巷18號","核准設立"
"25090561","十九生物科技股份有限公司","雲林縣元長鄉下寮村經建街6號","核准設立"
"25195832","展峰貿易有限公司","基隆市中正區中正路36號1樓","解散"
"27374136","欣隆食品有限公司","新北市汐止區福德一路409號","核准設立"
"27583041","青埔休閒開發有限公司","桃園市桃園區西埔里永安路1326號","核准設立"
"27711144","順淯實業有限公司","高雄市小港區明聖街40巷12號1樓","核准設立"
"27770451","風尚國際開發股份有限公司","新北市板橋區三民路1段89號10樓","核准設立"
"27806319","明方實業有限公司","雲林縣北港鎮大同里義民路９９號","核准設立"
"27899061","諧和實業股份有限公司","新北市土城區中華路1段70巷33號","核准設立"
"28297279","合聖食品有限公司","高雄市鳥松區美山路36巷1之32號","核准設立"
"28384978","爾克生物有限公司","嘉義縣朴子市竹圍里四維路2段204號","核准設立"
"28392724","福泰生物科技有限公司","彰化縣員林鎮萬年里萬年路1段308號1樓","核准設立"
"28555640","渼芙生技有限公司","新竹縣竹北市復興一街253號7F-1","核准設立"
"28587740","優質澱粉有限公司","新北市林口區文化三路1段447巷59號12樓之2","核准設立"
"28809089","致協有限公司","高雄市鳳山區新富路391號10樓之1","核准設立"
"28842496","大人物國際股份有限公司","臺北市中正區忠孝西路1段50號13樓之3","解散"
"28861747","翰柏有限公司","新北市新店區北新路3段207之2號5樓","核准設立"
"28906478","台科發生技股份有限公司","臺中市東勢區北興里豐勢路513號1樓","核准設立"
"28931286","承大國際股份有限公司","新北市新莊區中正路853之5號1樓","核准設立"
"28947344","宏野國際有限公司","新北市中和區建康路130號7樓","核准設立"
"29003239","米豆食尚有限公司","高雄市苓雅區中正二路56巷33弄8號1樓","核准設立"
"29007848","豪順企業有限公司","高雄市左營區重清路178號1樓","核准設立"
"29148663","全家康企業有限公司","新北市中和區中山路2段523巷32弄11號","核准設立"
"29184631","喬本生醫股份有限公司","屏東縣長治鄉德和村神農東路9號","核准設立"
"30860786","中國健菀股份有限公司","臺北市大安區信義路4段189號6樓之1","核准設立"
"33059683","正峰化學製藥股份有限公司","新北市板橋區南雅西路2段2之2號8樓","核准設立"
"33115502","艾德蒙海外股份有限公司","新北市中和區中正路716號12樓之3","核准設立"
"34505198","岡呈企業有限公司","新北市土城區亞洲路10號","核准設立"
"42570621","冠富國際有限公司","嘉義縣義竹鄉東光村新庄1號","核准設立"
"42573789","富佳香企業有限公司","彰化縣埔心鄉義民村員鹿路2段152號","核准設立"
"42591843","弘農企業有限公司","雲林縣莿桐鄉興貴村興南路1-6號","核准設立"
"42606022","邦德健康科技股份有限公司","桃園市中壢區中山路63號4樓之6","核准設立"
"42618940","橙達實業有限公司","臺北市大安區延吉街133號","核准設立"
"42627482","糖話國際股份有限公司","臺北市中山區新生北路2段31之1號11樓之６","核准設立"
"42633436","楠興興業有限公司","臺北市大安區復興南路2段35號12樓","核准設立"
"42658175","流金商號股份有限公司","臺北市松山區富錦街464號","核准設立"
"42673611","新生態環控科技有限公司","臺中市南屯區大墩五街8號1樓","核准設立"
"42674647","禧恩生物科技有限公司","臺中市南屯區大光街102號1樓","核准設立"
"42699598","一午一食有限公司","新北市板橋區光復街177號","核准設立"
"42750567","福源農業生物科技開發股份有限公司","新竹縣北埔鄉北埔街75號","核准設立"
"42757365","仁康生技有限公司","桃園市桃園區建國東路15巷9弄9號","核准設立"
"42763113","正一農畜有限公司","雲林縣莿桐鄉甘西村中村路87號1樓","核准設立"
"42792665","裕雋生物科技有限公司","高雄市左營區自由三路202巷91號","核准設立"
"42826882","銘楓貿易有限公司","臺北市大安區大安路1段51巷33號","核准設立"
"42837163","亞諠有限公司","臺北市松山區南京東路5段102號6樓","核准設立"
"42839660","瑞華生物科技有限公司","臺北市松山區南京東路4段164號12樓","核准設立"
"42847660","唯心實業有限公司","臺北市松山區南京東路4段197號8樓之3","核准設立"
"51911712","興農股份有限公司","臺中市西區梅川西路1段23號1樓","核准設立"
"53063171","鳳山古城餅舖有限公司","高雄市燕巢區安南路26巷39弄4號1樓","核准設立"
"53255001","德和貿易有限公司","高雄市鳳山區鳳甲路519號3樓","核准設立"
"53491342","吻彩創新科技有限公司","宜蘭縣礁溪鄉龍潭村漳福路102號","核准設立"
"53563942","台肥生技股份有限公司","臺北市中山區南京東路2段88號10樓","核准設立"
"53723048","禪記食品股份有限公司","臺北市內湖區新明路138號2樓","核准設立"
"53727430","禾喆生機有限公司","新北市三重區重陽路2段34巷1號","核准設立"
"53747055","申元有限公司","新北市板橋區忠孝路239巷15號","核准設立"
"53783333","坤詮食品有限公司","雲林縣水林鄉蘇秦村順安路11號1樓","核准設立"
"54127770","宏鈴生技有限公司","臺中市南屯區大業里14鄰大墩路716號2樓-4","解散"
"54133864","宇茗生物科技有限公司","桃園市平鎮區新英里新富街112號6樓","解散"
"54137670","鉅洋餐飲有限公司","臺中市大肚區自強里中沙路168號","核准設立"
"54137904","天方生技食品有限公司","基隆市安樂區樂利三街263巷12弄2-3號(4樓)","核准設立"
"54160881","合締生物科技有限公司","新北市三重區金華街77號","核准設立"
"54170086","啤瓦多創意行銷有限公司","臺北市中正區金門街24巷35號","核准設立"
"54171352","岱醇有限公司","臺北市大同區延平北路2段1號1樓","核准設立"
"54184188","四季生物科技有限公司","臺北市文山區羅斯福路6段106號7樓","核准設立"
"54189825","台灣美溪生物科技股份有限公司","高雄市仁武區澄新九街78巷6號","解散"
"54208040","歐吉鄉食品股份有限公司","高雄市鳳山區鳳仁路100之22號","核准設立"
"54213613","東鮨有限公司","高雄市苓雅區廣州一街163號1樓","核准設立"
"54237164","蔗鄉褒忠食品股份有限公司","雲林縣褒忠鄉田洋村下田路18之6號","核准設立"
"54239775","昌富食品有限公司","雲林縣北港鎮南安里信義路47-1號1樓","解散"
"54249653","華陀興業有限公司","臺中市西屯區惠來里惠中一街30號8樓之5","解散"
"54255562","宇洋酵素生物科技有限公司","臺中市南區忠明南路789號18樓之2","核准設立"
"54259531","茶伯樂國際股份有限公司","彰化縣田中鎮梅州里斗中路1段320巷76號","核准設立"
"54270331","廣豐盈食品股份有限公司","新北市中和區中山路2段354號10樓","解散"
"54290006","金鼎研究生化科技有限公司","新北市汐止區大同路1段337巷16弄20號","核准設立"
"54320260","偶爾吃素餐飲有限公司","臺北市松山區民生東路3段113巷7弄8號(1樓)","解散"
"54340174","亞大東凌國際股份有限公司","臺北市松山區復興北路1號6樓之5","解散"
"54396155","日商四葉乳業股份有限公司","新北市汐止區新台五路1段79號19樓之11、12","核准設立"
"54507899","珺康有限公司","新竹縣關西鎮中豐路二段15號1樓","解散"
"54519683","浦丞企業有限公司","桃園市楊梅區富岡里富聯路356巷6號","廢止"
"54563189","饗饌健康生技有限公司","臺南市仁德區新田里北保東路8巷12號1樓","核准設立"
"54582833","榮晟企業有限公司","臺中市烏日區前竹里中山路一段和平巷71號","核准設立"
"54602486","雄賀國際有限公司","臺中市南屯區三厝里向上路二段328號1樓","解散"
"54612288","同一生技有限公司","高雄市仁武區慈惠二街180巷12號1樓","核准設立"
"54613049","瀧芝德生物科技有限公司","高雄市鳳山區中山西路111號2樓","核准設立"
"54617360","仙道生物科技股份有限公司","高雄市岡山區為隨西路138號2樓","核准設立"
"54618620","隆旺食品開發有限公司","高雄市三民區覺民路531巷21號1樓","解散"
"54622814","信億食品有限公司","高雄市前鎮區崗山東街193巷44號4樓","核准設立"
"54631222","柏彥有限公司","高雄市鳳山區八德路148號12樓","核准設立"
"54638689","鴻芝禧企業股份有限公司","高雄市仁武區仁光路171號1樓","解散"
"54648379","嚮味有限公司","臺北市中山區南京東路3段189號8樓","核准設立"
"54659537","沛朔股份有限公司","臺北市松山區復興北路313巷45號1樓","解散"
"54659852","豚寶股份有限公司","臺北市中山區中山北路1段5巷73弄4號","解散"
"54678204","亨斯亞食品有限公司","臺北市文山區辛亥路6段100巷4號","核准設立"
"54679702","勝吉餐飲股份有限公司","臺北市中山區南京東路2段96號7樓","核准設立"
"54695225","如意堂有限公司","新北市新店區花園十路2段4之501號","核准設立"
"54707469","邦宇科技有限公司","新北市林口區文化北路2段168號","核准設立"
"54713618","台灣浮仕卡國際有限公司","新北市樹林區俊保路12號14樓","核准設立"
"54731496","全世達企業股份有限公司","新北市三重區中興南街27號","核准設立"
"54749165","洛荷技術股份有限公司","臺中市太平區中興里永義九街30號","核准設立"
"54762949","東豐食品有限公司","臺中市烏日區前竹里中山路一段和平巷69號","核准設立"
"54774558","崴權海洋生技股份有限公司","苗栗縣苗栗市文聖里20鄰經國路6段230號2樓","核准設立，但已命令解散"
"54821433","綠自然生物科技股份有限公司","高雄市前金區七賢二路203號3樓之1","核准設立"
"54830550","醬樂活有限公司","高雄市楠梓區加仁路64號4樓","核准設立"
"54875599","旺多實業有限公司","新北市蘆洲區仁愛街70巷28號7樓","核准設立"
"56676194","華元食品股份有限公司","臺中市梧棲區草湳里自立二街392號","核准設立"
"60202542","協成化工股份有限公司","彰化縣員林鎮振興里員水路1段257號","核准設立"
"68888882","臺南蓬萊企業有限公司","臺南市東區關聖里裕農路668巷73號","核准設立"
"70631830","双宏興食品企業有限公司","臺南市永康區東橋里27鄰中正路279巷21弄43號","核准設立"
"80048977","百達思實業有限公司","臺北市中正區和平西路1段170號2樓","核准設立"
"80116854","鑫隴興業有限公司","高雄市鳳山區興仁里中山路235號","核准設立"
"80138365","茂霖食品股份有限公司","臺南市安南區科技五路157號","核准設立"
"80227922","永邦國際實業股份有限公司","新北市三重區新興路35號(1樓)","核准設立"
"80241804","鐳瑪實業有限公司","臺北市松山區八德路4段245巷58號","核准設立"
"80318606","允誠興業有限公司","新北市淡水區自強路415巷34弄2之1號","核准設立"
"80402076","台科食品原料有限公司","臺中市西屯區何德里甘州五街25-10號","核准設立"
"80425660","裕樂家有限公司","高雄市鳥松區美山路36巷1之28號","核准設立"
"80556156","佳隆食品科技有限公司","臺南市永康區小東路591巷30號1樓","核准設立"
"80617528","乙靈國際企業有限公司","臺北市中山區新生北路2段31之1號12樓","核准設立"
"80672198","沅芳生物科技股份有限公司","臺北市松山區復興北路57號7樓之2","核准設立"
"53808192","金寶國際通路股份有限公司","臺中市潭子區中山路二段135號6樓之3","核准設立"
"53920651","納百福國際有限公司","臺北市萬華區和平西路3段109巷11號3樓","核准設立"
"53976063","金安信食品有限公司","臺中市南屯區寶山里工業區二十二路17號1樓","核准設立"
"53976394","寶樟生技股份有限公司","臺中市大里區中新里德芳南路78號3樓之1","核准設立"
"54004741","福聯食品有限公司","新竹縣竹北市新社里新工三路80號","核准設立"
"54024134","滌煩子茶業有限公司","新北市三重區三和路4段101巷14弄4號(1樓)","核准設立"
"54027391","金大亨科技實業有限公司","新北市板橋區仁愛路62巷15弄11號","核准設立"
"54032227","采遠實業有限公司","新北市中和區捷運路8之21號5樓","核准設立"
"54032697","福爾摩沙大地生技有限公司","臺北市中正區臨沂街51號1樓","核准設立"
"54047679","育寶國際有限公司","新北市三重區三民街100號(3樓)","核准設立"
"54048380","優世貿易企業有限公司","新北市中和區立德街156號2樓","核准設立"
"54059626","綠茵生技股份有限公司","中部科學工業園區臺中市大雅區科雅路43號5樓","核准設立"
"54062559","福佑生技有限公司","臺南市西港區慶安里中山路447號","核准設立"
"54073346","富汀股份有限公司","臺南市麻豆區麻口里麻豆口5-2號","解散"
"54112431","富瑞佳實業有限公司","基隆市安樂區樂利三街263巷14號","核准設立"
"54116210","傳承全球股份有限公司","臺中市烏日區太明路2巷1弄8號","核准設立"
"54179586","薇馥有限公司","新北市汐止區康寧街61巷22弄9號","核准設立"
"54189515","旭田貿易有限公司","高雄市左營區富國路98號3樓","核准設立"
"54214958","霖登有限公司","高雄市左營區大中二路765號12樓","核准設立"
"54218820","建豪生技有限公司","高雄市三民區灣中街323巷3號1樓","核准設立"
"54239472","台灣德森蜜生物科技有限公司","苗栗縣頭份鎮文化里10鄰文化街32巷129號","核准設立"
"54252137","中台植物種苗有限公司","臺中市東勢區中寧里公園路34號1樓","核准設立"
"54264231","廣達豐興業有限公司","高雄市岡山區新樂街1之3號11樓","核准設立"
"54271465","稷馨企業有限公司","新北市汐止區康寧街169巷29號12樓之2　　　　　　　　　　","核准設立"
"54296466","井揚國際貿易有限公司","新北市中和區連城路238號2樓之1","核准設立"
"54317906","穅傑貿易有限公司","新北市土城區國際路139巷48號","核准設立"
"54350003","真食補生技有限公司","臺北市大安區辛亥路1段93號、95號","核准設立"
"54356301","供活股份有限公司","臺北市中山區錦州街154號","核准設立"
"54367460","穎陞興業有限公司","新北市樹林區佳園路2段59之3號(3樓)","核准設立"
"54368778","力推實業有限公司","臺北市中山區南京東路2段97號3樓","核准設立"
"54501071","健樂寶國際有限公司","新竹縣竹北市新泰路33號3樓","核准設立"
"54521359","翖商國際貿易股份有限公司","宜蘭縣員山鄉金古一路1巷40弄35號","核准設立"
"54532010","蘭城香開發有限公司","宜蘭縣礁溪鄉龍潭村漳福路98巷2號","核准設立"
"54562941","元博生物科技股份有限公司","臺南市佳里區忠仁里忠仁街53號1樓","核准設立"
"54571110","詠糧實業有限公司","臺南市東山區東中里新東路二段59號","核准設立"
"54576776","德安生技有限公司","臺南市中西區進學里永福路一段５０號五樓之３","核准設立"
"54580645","台灣製茶廠股份有限公司","臺中市西屯區大河里甘河路40號1樓","核准設立"
"54628654","七元九鍠有限公司","高雄市楠梓區清成街69號3樓","核准設立"
"54652345","台北得魚再生科技股份有限公司","臺北市中正區濟南路1段7巷1號2樓","核准設立"
"54660289","亞商卓盛華閣股份有限公司","臺北市信義區忠孝東路5段31巷18弄3號","核准設立"
"54678865","台灣亞思夢股份有限公司","臺北市士林區忠誠路2段94號9樓","核准設立"
"54688322","樂法美食股份有限公司","新北市五股區興珍里五工六路28號(2樓)","核准設立"
"54689173","首採餐飲顧問有限公司","臺中市大肚區中沙路168號","核准設立"
"54690805","洪師父實業有限公司","新北市土城區廷寮里永豐路255巷27弄52號","核准設立"
"54724679","我愛購國際有限公司","新北市淡水區八勢一街46號3樓","核准設立"
"54725163","茂順食品有限公司","苗栗縣公館鄉館東村和東街45號1樓","核准設立"
"54727922","伊羅瑪生物科技有限公司","新北市新莊區幸福路32之3號","核准設立"
"54731209","巨力電能科技股份有限公司","新北市泰山區明志路2段90號(1樓)","核准設立"
"54739666","綠圃食品科技有限公司","臺中市南區永興里工學二街151巷43號","核准設立"
"54758706","萬友有限公司","臺中市梧棲區文化路二段270號1樓","解散"
"54771095","江湖開放工作室有限公司","桃園市桃園區莊敬里中正路1535巷91號2樓","核准設立"
"54771659","帝霖股份有限公司","桃園市大園區橫峰里中山南路1段152號1樓","核准設立"
"54772411","三本食品有限公司","宜蘭縣蘇澳鎮隘丁里祥禮路11號1樓","核准設立"
"54772799","源沛康生技有限公司","新竹縣竹北市三民路95號2樓之1","核准設立"
"54780117","活躍分子生技股份有限公司","彰化縣二水鄉修仁村南通路二段138號","核准設立"
"54789638","品青生物興業股份有限公司","花蓮縣鳳林鎮平漢路48號","核准設立"
"54802647","佳奇食品有限公司","彰化縣和美鎮鎮平里彰草路二段579號1樓","核准設立"
"54811879","永泉興科技有限公司","嘉義市保順路213號","核准設立"
"54812589","慶翔生技有限公司","臺東縣臺東市卑南里永安街72巷5號1樓","核准設立"
"54815489","彩儷生物科技有限公司","高雄市鳥松區美山路230巷1之5號","核准設立"
"54825064","堃星國際開發有限公司","高雄市三民區建國二路34號6樓","核准設立"
"54826057","艾唯浦有限公司","高雄市楠梓區裕昌街203號10樓","核准設立"
"54826330","良昌生技有限公司","高雄市楠梓區後昌路837巷34號1樓","核准設立"
"54240745","台水生物科技有限公司","桃園市中壢區復華九街139號","核准設立"
"54241842","大城食品有限公司","彰化縣大城鄉上山村魚寮路49-1號1樓","核准設立"
"54251691","中華尖端生物科技有限公司","苗栗縣苗栗市福星里福星街204號","解散"
"54258358","日友食品有限公司","宜蘭縣三星鄉雙賢村三星路6段75巷76號1樓","核准設立"
"54271937","美顏國際有限公司","臺北市大安區辛亥路2段121號1樓","核准設立"
"54300996","禾村盈國際有限公司","新北市中和區秀士里景德街60號4樓","核准設立"
"54308060","庫國生技有限公司","新北市淡水區新義里新生街41巷22之1號","核准設立"
"54327502","益得康國際商務有限公司","臺北市中山區長安東路2段169之6號12樓之2","核准設立"
"54327926","青山工房有限公司","新北市汐止區秀山里勤進路70號之1","核准設立"
"54337889","昌翃食品有限公司","臺北市信義區信義路5段150巷10號3樓","解散"
"54351306","第一太平洋投資股份有限公司","臺北市信義區基隆路1段420號3樓","核准設立"
"54360261","文甜國際有限公司","臺北市士林區文林路587巷15弄2號1樓","核准設立"
"54363197","統達有限公司","臺北市中山區大直街33巷3號1樓","核准設立"
"54368290","天地人文創有限公司","臺北市中正區齊東街74號1樓","核准設立"
"54368355","鑽鎰實業有限公司","臺北市中山區長春路112之1號1樓","核准設立"
"54500116","寬珍實業有限公司","臺中市烏日區烏日里大同七街5號1樓","核准設立"
"54509952","百威國際科技股份有限公司","雲林縣斗六市八德里引善路99號","核准設立"
"54524807","安芯社會企業有限公司","新北市三芝區淡金路2段97號(1樓)","核准設立"
"54527473","新鮪豐貿易股份有限公司","基隆市安樂區武隆街13巷21號","核准設立"
"54532671","宏玟實業有限公司","桃園市中壢區三民里中正路1274巷32號","核准設立"
"54532927","慶隆肉品有限公司","屏東縣林邊鄉林邊村2鄰中林路140號1樓","核准設立"
"54538078","美得福事業有限公司","苗栗縣頭份鎮文化里10鄰文化街32巷129號","解散"
"54571505","佳橙食品有限公司","臺南市關廟區下湖里關新路一段10號","核准設立"
"54573840","永禾豐生物科技有限公司","臺南市官田區富強路7號","核准設立"
"54595112","貝可貝樂食品有限公司","臺中市北屯區三光里三光北一街36號","核准設立"
"54612837","嘉辰食品有限公司","高雄市大樹區竹寮路311號","核准設立"
"54618662","鴻成實業股份有限公司","高雄市大寮區永芳路20之15號1樓","核准設立"
"54623877","戊群科技有限公司","高雄市小港區龍鳳路132之1號","核准設立"
"54629197","美特瑞國際貿易有限公司","高雄市前鎮區草衙二路462號3樓","核准設立"
"54631102","索里歐食品有限公司","高雄市苓雅區中正一路121巷6弄10號4樓","核准設立"
"54656428","貝富得興業有限公司","臺北市信義區永吉路321巷8號4樓","核准設立"
"54666973","田薯黍實業有限公司","臺北市士林區大南路428巷17號1樓","核准設立"
"54680222","茲膳有限公司","臺北市士林區社中街412之1號1樓","核准設立"
"54705032","西絲朵拉國際股份有限公司","臺北市大安區復興南路2段144之3號","核准設立"
"54708832","品華國際餐飲股份有限公司","新北市板橋區三民路2段35巷17號3樓之1","核准設立"
"54720076","詠品股份有限公司","新北市汐止區民族五街45號5樓","核准設立"
"54729415","長和國際股份有限公司","新北市樹林區復興路198號9樓","核准設立"
"54742141","立崧食品有限公司","臺中市北區忠明路175號3樓","核准設立"
"54749046","能馗科技有限公司","臺中市大里區大元里國中路368號","核准設立"
"54751540","毅鼎新光電有限公司","臺中市神岡區社口里民權一街63號1樓","核准設立"
"54763412","旺家通有限公司","臺中市南屯區大同里大墩六街130號1樓","核准設立"
"54771166","海原材料有限公司","苗栗縣南庄鄉東村中正路145之2號","核准設立"
"54773093","喬可多食品工業有限公司","彰化縣員林市仁美里萬年路三段371號1樓","核准設立"
"54783043","傳香油坊有限公司","彰化縣埔心鄉埔心村埔新路37號1樓","核准設立"
"54788390","浩誠生物科技有限公司","嘉義縣溪口鄉美北村崙尾1-3號1樓","核准設立"
"54799925","金喜來食品有限公司","屏東縣里港鄉永春村永春路4之3號","核准設立"
"54817199","廣兆蕙生技股份有限公司","雲林縣莿桐鄉甘西村甘西49-12號","核准設立"
"54818866","連發生物科技有限公司","嘉義市西區福安里泰山一街78號1樓","核准設立"
"54823381","高大便利通有限公司","高雄市鼓山區九如四路1998號4樓之1","核准設立"
"54837977","嘉豐興企業有限公司","新北市樹林區忠信街15號6樓","核准設立"
"54902189","連發餐飲有限公司","臺中市豐原區豐原里中正路33號2樓","核准設立"
"59078799","惠昇食品股份有限公司","彰化縣埔心鄉經口村武聖路308號","核准設立"
"70363932","金東林貿易有限公司","臺北市大同區延平北路4段280號1樓","核准設立"
"70419324","安德魯紳有限公司","高雄市苓雅區林興里14鄰廣州二街86巷26號","核准設立"
"70735933","向富實業股份有限公司","彰化縣員林鎮浮圳里員東路1段433號","核准設立"
"70738024","台灣計器科技有限公司","臺中市西屯區福恩里工業區一路二巷九號壹樓","核准設立"
"80451738","森炬企業股份有限公司","臺中市西區三民西路197號1樓","核准設立"
"80516633","佑鎬國際食品有限公司","南投縣南投市永豐里工業路43號","核准設立"
"80558350","禾百實業股份有限公司","新北市淡水區民族路31巷20號9樓之3","核准設立"
"80624062","冠詮科技股份有限公司","新竹縣竹北市鹿場里自強三路31號3樓","核准設立"
"84352746","瀧騰皓有限公司","雲林縣北港鎮新街里民樂路246號","核准設立"
"86197468","順傑生物科技股份有限公司","臺南市南區彰南里新和路40號","核准設立"
"86657602","盛祿隆實業有限公司","高雄市大寮區濃公路256巷41號","核准設立"
"86823594","詮亞股份有限公司","南投縣南投市永豐里工業北一路4號","核准設立"
"84081961","俊昇飼料股份有限公司","臺南市仁德區保安里開發七路3號","核准設立"
"84407496","易而善國際事業有限公司","苗栗縣頭份鎮文化里文化街32巷129號","核准設立"
"84643105","偉翔生技開發股份有限公司","臺北市南港區園區街3號11樓之5","核准設立"
"86011738","科麥股份有限公司","新北市汐止區康寧街169巷27之1號2樓之3","核准設立"
"86761627","嘉義食品工業股份有限公司","新北市中和區中正路907號","核准設立"
"89302491","箴得企業有限公司","新北市三重區仁愛街422巷14號2樓","核准設立"
"89377675","美淳香料股份有限公司","臺中市西屯區協和里工業區39路41號1樓","核准設立"
"89622136","大元氣體有限公司","臺北市南港區成福路171巷30號1樓","核准設立"
"89687215","鮮元食品有限公司","新北市三重區大有里中正北路428巷9號(1樓)","核准設立"
"89881908","佳里企業有限公司","臺南市北區南園街127巷29號1樓","核准設立"
"93644251","洋洲大飯店有限公司","臺東縣臺東市中正里中正路277號4樓","核准設立"
"97013662","宗寅國際實業有限公司","新北市泰山區明志路3段44號","核准設立"
"97109195","艾博大企業股份有限公司","臺北市松山區民族東路709號1樓","核准設立"
"97194256","譽豐食品有限公司","桃園市楊梅區三湖里楊湖路一段676巷33弄15號","核准設立"
"54826649","九饗食品有限公司","高雄市楠梓區興楠路151巷27弄15號4樓","核准設立"
"54843160","毅慶生技開發有限公司","新北市中和區橋安街23號(1樓)","核准設立"
"54848094","捷浩科技實業有限公司","新北市中和區中正路959號11樓","核准設立"
"54857255","台灣諾顯生技有限公司","新北市板橋區板新路200巷22號(1樓)","核准設立"
"54868197","樂璽企業有限公司","新北市中和區員山路394巷12弄1號2樓","核准設立"
"54878126","享赫食品有限公司","新北市中和區新生街112巷6號6樓","核准設立"
"54892133","永聖飼料有限公司","臺中市龍井區麗水里三港路水裡港巷49之5號","核准設立"
"54910821","精鑽股份有限公司","臺中市豐原區南嵩里北陽路339巷20號2樓","核准設立"
"69649729","拿典企業有限公司","臺南市南區新忠路27號","核准設立"
"70447095","韋冠實業有限公司","新北市深坑區北深路3段276號6樓","核准設立"
"70473451","泰崴科技有限公司","臺北市大同區民族西路74號1樓","核准設立"
"70535251","鉅坤科技股份有限公司","臺北市大同區民族西路74號1樓","核准設立"
"71362101","珙榮石灰工廠股份有限公司","臺南市白河區仙草里46之1號1樓","核准設立"
"72017058","三進粉業股份有限公司","臺南市善化區什乃里什乃93號","核准設立"
"72029907","玉成澱粉企業股份有限公司","臺南市善化區東隆里東勢寮212之1號","核准設立"
"72153264","裕樺澱粉工廠有限公司","臺南市善化區文昌里中正路141號","核准設立"
"75459703","信榮工業原料有限公司","高雄市新興區南台路71之3號","核准設立"
"79955280","饗賓餐旅事業股份有限公司","桃園市大園區五青路150巷12號","核准設立"
"79962851","金泉源麵食品有限公司","臺南市安南區布袋里工明南一路19號","核准設立"
"80059050","永泉化工原料有限公司","嘉義縣中埔鄉和興村中山路5段661號1樓","核准設立"
"80190333","磐石資產管理股份有限公司","臺北市中正區信義路2段23號3樓之9","核准設立"
"80557943","健康資源國際有限公司","新北市中和區民享街93巷12號","核准設立"
"80680508","宸品有限公司","臺北市南港區八德路4段778號4樓","核准設立"
"84351417","竹聯實業股份有限公司","嘉義縣民雄鄉西安村菜園4號之1","核准設立"
"84793883","百草生化科技股份有限公司","南投縣竹山鎮延平里東鄉路3之6號","核准設立"
"86071123","隆太生技食品有限公司","臺中市南屯區寶山里工業區20路11號1樓","核准設立"
"86369601","順慶實業有限公司","高雄市大寮區大有三街28號","核准設立"
"86973523","麗豐實業股份有限公司","臺南市官田區二鎮里工業路48號","核准設立"
"86977963","北成生物科技股份有限公司","南投縣竹山鎮延平里東鄉路3之7號","核准設立"
"89688185","亞世家企業股份有限公司","雲林縣莿桐鄉大美村大美21-10號","核准設立"
"89955491","利統股份有限公司","新北市汐止區康寧街169巷31之1號13樓之1","核准設立"
"97021298","御禮烘焙事業有限公司","新北市汐止區新台五路1段75號13樓之5","核准設立"
"97105228","碩大興食品股份有限公司","新北市板橋區中正路275巷62弄8號1樓","核准設立"
"89377979","東庭國際事業股份有限公司","臺中市西區吉龍里五權五街151號5樓之3","核准設立"
"89431158","沅笙企業有限公司","高雄市岡山區岡山路610巷26號","核准設立"
"89953466","豐盈股份有限公司","臺北市中山區松江路127之1號7樓","核准設立"
"96865024","鮮大王企業股份有限公司","桃園市平鎮區關爺東路35號","核准設立"
"97477509","富裔實業股份有限公司","臺北市士林區中山北路5段453號1樓","核准設立"
"24920626","慈潤實業股份有限公司","臺南市東區東門路1段358號11樓","核准設立"
"24974869","彩虹生技股份有限公司","臺北市信義區基隆路1段11巷10弄30號1樓","核准設立"
"24979055","寶達克生醫科技股份有限公司","高雄市燕巢區安林三街68號","核准設立"
"24988462","綠駿興業有限公司","高雄市仁武區鳳仁路3號","核准設立"
"25023418","詠意企業有限公司","新北市八里區中山路2段347號6樓","核准設立"
"25068553","億順食品有限公司","嘉義市西區大溪里高鐵大道580號1樓","核准設立"
"27313602","安倍康生物科技有限公司","臺南市南區彰南里新義南路49號1樓","核准設立"
"27602672","芬斯特股份有限公司","新北市新店區中正路501之16號5樓","核准設立"
"27899750","韓蜜食品有限公司","新北市鶯歌區二甲路中心巷13弄2號","核准設立"
"28050851","適合您國際開發有限公司","新北市土城區裕生路21巷2弄10號","核准設立"
"28346861","品揚食品原料有限公司","高雄市林園區中門路339巷50弄11號1樓","核准設立"
"28449395","百歐微生科技有限公司","臺北市松山區南京東路5段343號9樓之1","核准設立"
"28488050","燕莊實業有限公司","新北市中和區員山路504號4樓之5","核准設立"
"28513706","萬禾國際興業有限公司","臺中市北區忠明路175號1樓","核准設立"
"28795629","德揚環境生物科技有限公司","桃園市桃園區大業路2段237號7樓","核准設立"
"28878769","雙匯冷凍食品有限公司","雲林縣元長鄉長南村中山路261號-1","核准設立"
"29102322","允誠國際實業有限公司","彰化縣員林鎮崙雅里崙雅巷5之5號","核准設立"
"29123121","乙弘生物科技股份有限公司","桃園市平鎮區平安里中豐路南勢一段158巷47號1樓","解散"
"35426782","萬家香醬園股份有限公司","臺北市中山區德惠街9號5樓之6","核准設立"
"42578031","阿米巴國際股份有限公司","桃園市新屋區下田里中山西路2段1181巷6弄2號3樓","核准設立"
"42584202","美立堅生技股份有限公司","嘉義縣布袋鎮東安里過溝東勢頭76之3號","核准設立"
"42602497","岑品事業股份有限公司","基隆市信義區培德路75-1號2樓","核准設立"
"42614228","可鼻阿爸的寶寶副食品有限公司","臺北市中山區民權東路2段92巷7弄20號1樓","核准設立"
"42622254","宣美國際股份有限公司","臺北市內湖區新湖一路87號6樓","核准設立"
"42623916","禾膳坊國際股份有限公司","臺北市內湖區文湖街2之1號3樓","核准設立"
"42626998","寬泰食品有限公司","新北市汐止區大同路3段202號9樓之1","核准設立"
"42636026","昴宿星星際有限公司","臺北市松山區南京東路5段40號4樓之13","核准設立"
"42636433","安普蕾修股份有限公司","臺北市中山區南京東路2段96號7樓","核准設立"
"42636790","全家貿易有限公司","臺北市大安區大安路1段51巷33號","核准設立"
"42638333","馬爾席灣生態農業股份有限公司","臺北市內湖區堤頂大道2段477號2樓","核准設立"
"42652952","德意邦生技有限公司","臺北市松山區南京東路3段346號10樓之13","核准設立"
"42654396","安康生醫股份有限公司","臺北市大同區酒泉街34之1號6樓","核准設立"
"42673696","泰迪皇家股份有限公司","臺中市南屯區田心里文心路一段73號6樓之1","核准設立"
"42690169","中央智饍股份有限公司","臺中市西屯區漢口路2段138號8樓","核准設立"
"42690533","齊美股份有限公司","新北市新店區中興路2段125號5樓","核准設立"
"42699529","淯淂國際投資有限公司","新北市新店區中正路501之12號","核准設立"
"42746425","富力亨有限公司","桃園市新屋區新生里三民路533-1號","核准設立"
"42754162","阿里山頂尖牛肉麵股份有限公司","桃園市八德區茄明里中華路195號1、2樓","核准設立"
"42770022","醍醐素食事業有限公司","彰化縣員林市三和里靜修東路176巷5號1樓","核准設立"
"42772268","都藜氏有限公司","臺東縣達仁鄉土坂村土坂70-1號","核准設立"
"42774548","合新國際有限公司","桃園市龜山區興華一街232號","核准設立"
"42792378","來得生物科技有限公司","高雄市鳳山區文龍東路57巷1弄31號","核准設立"
"42796326","巨森生物科技有限公司","高雄市小港區港壽街192號3樓","核准設立"
"42824337","醣醣生醫國際股份有限公司","臺北市信義區吳興街284巷18弄4號2樓","核准設立"
"42832358","萊勁蒸氣有限公司","臺北市大安區仁愛路4段48巷30號","核准設立"
"42843720","台灣翔尚有限公司","臺北市松山區南京東路5段230號7樓之2","核准設立"
"42845430","立果國際有限公司","臺北市中山區合江街102巷2號","核准設立"
"53265319","久芳生物科技股份有限公司","臺南市柳營區大農里工二路8號","核准設立"
"53330584","全品廣告企業有限公司","臺北市中正區中華路2段293巷12號","核准設立"
"53673167","伯仲有限公司","連江縣南竿鄉清水村20號","核准設立"
"53727255","謙億國際通運有限公司","新北市永和區永貞路202號5樓","核准設立"
"53795176","城豐股份有限公司","新竹縣竹北市斗崙里縣政六路18號1樓","核准設立"
"53872052","玉美研究股份有限公司","彰化縣彰化市南平街30號1樓","核准設立"
"53927009","天然新鮮乳品有限公司","臺北市松山區民族東路719號","核准設立"
"53936252","安盛生活股份有限公司","臺北市松山區八德路4段245巷32弄38號2樓","核准設立"
"53937689","范蔡香股份有限公司","臺北市大安區信義路4段307號","解散"
"53953548","小器生活創意股份有限公司","臺北市大同區鄭州路87號11樓之2","核准設立"
"53954103","信瑞生物科技股份有限公司","臺北市大安區忠孝東路3段96號10樓之1","核准設立"
"53982163","錦綠資源科技股份有限公司","屏東縣東港鎮興東里興東路44-1號1樓","核准設立"
"53985909","昌弘食研有限公司","臺中市西屯區大河里永輝路89巷11號1樓","核准設立"
"53989975","大益生物科技有限公司","屏東縣東港鎮興農里環美八街2號","核准設立"
"54011089","中華李時珍生醫有限公司","桃園市龍潭區上林里中豐路上林段533號","核准設立"
"54034885","寰宇綠色科技有限公司","新北市中和區中山路3段110號5樓之5","核准設立"
"54039024","衛強生技有限公司","新北市蘆洲區水湳里水湳街285號2樓","核准設立"
"54058078","全新愛有限公司","臺北市大安區東豐街60號2樓","核准設立"
"54058160","羿碩興業有限公司","新北市樹林區柑園街2段122巷5號2樓","核准設立"
"54076316","馥汀股份有限公司","臺南市麻豆區麻口里麻豆口5之2號","核准設立"
"54078551","三騰事業有限公司","臺南市善化區什乃里98之1號1樓","核准設立"
"54103550","洺美企業有限公司","桃園市八德區茄苳里永豐路222號1樓","核准設立"
"54113972","奇萊美地股份有限公司","花蓮縣壽豐鄉平和村豐坪路三段1411巷36弄50號","核准設立"
"54117180","廷麗通路事業有限公司","彰化縣田尾鄉田尾村光復路3段122號","核准設立"
"54128074","崴仕法實業有限公司","新竹市東區仙水里光復路一段485巷6弄2號11樓","核准設立"
"54133338","順和蔬果有限公司","雲林縣元長鄉合和村三房26之1號1樓","核准設立"
"54158920","金田食品股份有限公司","臺北市北投區致遠一路1段96號","解散"
"54178405","尚味興業有限公司","臺北市內湖區內湖路1段737巷39號3樓","核准設立"
"54203559","捷銳科技有限公司","高雄市鼓山區中華一路21號5樓","核准設立"
"54205938","惠盛科技股份有限公司","高雄市新興區中山二路472號10樓之3","核准設立"
"54214774","鑫偉超導節能科技有限公司","屏東縣潮州鎮三星里三星路28號1樓","核准設立"
"54230697","龍景貨櫃股份有限公司","桃園市楊梅區高榮路316號1樓","核准設立"
"54285101","特康食品開發企業有限公司","新北市汐止區大同路1段181號5樓之1","核准設立"
"54315175","百軒食品有限公司","新北市樹林區佳園路1段41巷1號4樓之5","核准設立"
"54335073","御福堂生物科技有限公司","臺北市萬華區廣州街32號9樓","解散"
"54348957","大久生物科技股份有限公司","臺北市松山區寶清街89巷31號","核准設立"
"54352115","合和堂餅店有限公司","臺北市松山區饒河街74號","解散"
"54352157","上泓貿易有限公司","臺北市文山區保儀路109巷21弄11號2樓","解散"
"54354280","艾兒長榮有限公司","臺北市中正區開封街1段2號12樓","核准設立"
"54511248","寵愛生物科技有限公司","桃園市桃園區中山路1000-7號1樓之2","解散"
"54531455","佛心國際事業有限公司","桃園市八德區國聯街1號1樓","核准設立"
"54568656","科生企業有限公司","臺南市學甲區秀昌里一秀50-3號","核准設立"
"54571218","嘉瑭商貿有限公司","臺南市東山區東正里東勢1之14號","核准設立"
"54571548","台之滷食品生技有限公司","臺南市西港區西港里文化路41之18號","核准設立"
"54572130","恆鼎生物科技股份有限公司","臺南市永康區塩洲里正南六街91號","核准設立"
"54596317","台灣木產生技股份有限公司","臺中市南區和平里南平路2-19號1樓","核准設立，但已命令解散"
"54602710","維宸國際有限公司","臺中市西屯區何成里大容西街67號3樓之2","核准設立，但已命令解散"
"54610280","佳日世食品科技有限公司","高雄市前鎮區新生路248之12號5樓","核准設立"
"54614309","高山生技有限公司","高雄市左營區文自路736號1樓","核准設立"
"54622526","東裕烘焙食品有限公司","高雄市仁武區鳳仁路369巷36號1樓","核准設立"
"54631905","人良食品股份有限公司","高雄市鳥松區明湖路1號13樓之1","核准設立"
"54637703","不二食品有限公司","屏東縣潮州鎮光春里18鄰光復路591號","核准設立"
"54638098","興豐記食品有限公司","高雄市仁武區竹東路62號","核准設立"
"54646040","樂金食品股份有限公司","新北市五股區興珍里五工六路15號","核准設立"
"54648693","台灣綠百合國際有限公司","新北市新店區中央路175號2樓之2","核准設立"
"54655011","台灣歌行燈股份有限公司","臺北市大安區忠孝東路4段162號5樓之5","核准設立"
"54656927","悅洋生技食品有限公司","臺北市信義區永吉路278巷37弄27號","核准設立"
"54692563","良菓生化科技股份有限公司","新北市新店區寶宏路7號3樓","核准設立"
"54693768","豊薰料國際有限公司","新北市八里區中山路2段347號6樓","核准設立"
"54717179","高林水科技工程顧問股份有限公司","新北市樹林區鎮前街26號","核准設立"
"54723242","先進綠色生物科技股份有限公司","臺南市安平區金城里州平二街186號2樓","核准設立"
"54780192","晶華食品有限公司","新竹縣竹北市文興路一段301號","核准設立"
"54798691","高定精細工業有限公司","桃園市桃園區北埔里莊二街170號3樓","核准設立"
"54810750","王田生物科技股份有限公司","桃園市平鎮區平安里中豐路南勢一段158巷47號1樓","核准設立"
"54821948","品圓國際有限公司","高雄市三民區永吉街120號1樓","核准設立"
"54872729","揚昱食品股份有限公司","新北市八里區龍米路2段222號","核准設立"
"54873614","百為有限公司","新北市新店區中興路2段125號5樓","核准設立"
"54896927","禾樂生技有限公司","臺中市北區永興街329號1樓","核准設立"
"55746186","裕馨國際食品科技有限公司","臺中市西屯區協和里工業區38路210號4樓之7","核准設立"
"59661701","泰山企業股份有限公司","彰化縣田中鎮興工路6號","核准設立"
"61865006","中和澱粉股份有限公司","南投縣竹山鎮中崎里沉潭巷1之5號","核准設立"
"69353295","東暎企業有限公司","臺南市南區新興路219號","核准設立"
"70356539","采貴生技有限公司","新北市三峽區龍學里大學路162號","核准設立"
"70728876","德普興業有限公司","臺南市仁德區仁義里中正路二段1078巷13號","核准設立"
"72080880","東又悅企業股份有限公司","臺南市永康區龍潭里中山北路342之1號","核准設立"
"80072315","秋虎企業有限公司","雲林縣莿桐鄉興貴村興南31-26號","核准設立"
"80104365","尚旺生技有限公司","新竹市士林里東大路2段639號","核准設立"
"80122878","俐豪企業有限公司","臺中市西區忠明南路270號12樓之1","核准設立"
"80170651","三福化工股份有限公司","臺北市中山區中山北路2段21號5樓","核准設立"
"80230829","景富食品有限公司","新北市汐止區中正路260號1樓","核准設立"
"80317959","象牙企業有限公司","桃園市蘆竹區五福里五福一路32巷6號　　","核准設立"
"80324678","安加食品有限公司","新北市新莊區永安街201號","核准設立"
"80395666","龍翔納米科技股份有限公司","臺中市豐原區豐田里田心路二段439巷10號1樓","核准設立"
"80620093","立騏生技股份有限公司","雲林縣斗六市斗工12路6號","核准設立"
"80657892","品元實業股份有限公司","新北市淡水區中正東路2段27之10號12樓","核准設立"
"80722205","全鼎國際實業股份有限公司","新北市三重區長樂街19號(1樓)","核准設立"
"84093832","美菩居實業有限公司","新北市蘆洲區忠孝路88號1樓","核准設立"
"84576197","昇珀有限公司","臺中市南屯區向心南路905巷14號1樓","核准設立"
"84743884","達客實業有限公司","臺北市內湖區瑞光路76巷22號3樓","核准設立"
"85834778","允偉興業股份有限公司","高雄市大寮區華中路28號","核准設立"
"86348825","安妥工業股份有限公司","臺南市七股區中寮里中寮22號","核准設立"
"86358409","萬翊實業有限公司","新北市永和區永貞路417巷1號5樓","核准設立"
"89632704","綠風實業有限公司","新北市汐止區大同路3段198號9樓","核准設立"
"89797959","青春泉食品股份有限公司","新北市三重區中正北路20巷21號1樓","核准設立"
"89963133","金吉晟企業有限公司","臺北市大同區延平北路4段280號1樓","核准設立"
"97060881","佳淇實業有限公司","嘉義縣新港鄉潭大村潭子墘26-2號1樓","核准設立"
"97105579","和新化學工業股份有限公司","臺北市中山區德惠街9號8樓之2","核准設立"
"97135428","打狗餅舖股份有限公司","高雄市苓雅區中正一路137號","核准設立"
"97265511","欣健生物科技股份有限公司","臺北市大同區迪化街2段191巷9號7樓","核准設立"
"97308770","永吉化工股份有限公司","桃園市大園區內海里民族街6號","核准設立"
