﻿"統一編號","商業名稱","商業地址","登記狀態"
"34838317","固德生機園","桃園市桃園區玉山里秀山路一二一號一樓","歇業／撤銷"
"25747526","星農場實業","嘉義縣民雄鄉三興村陳厝寮1之4號1樓","核准設立"
"66951732","華茂食品原料行","花蓮縣吉安鄉勝安村中原路１段１４１號１樓","核准設立"
"01995321","三豐食品工廠","新北市新莊區化成路１００之１號","核准設立"
"31513835","綠川黃金蜆商行","基隆市中山區中山一路223-5號(1樓)","歇業／撤銷"
"26536823","京震食品商行","新北市土城區金城路3段239號8樓","核准設立"
"10956427","傳香油坊","彰化縣員林市仁美里浮圳路2段541號","核准設立"
"46665606","燈燦?油行","新竹市北區中興里北門街一一九號一樓","核准設立"
"41289189","瑞僑企業社","高雄市苓雅區泰順街６６號５樓之２","核准設立"
"38504065","梨山農場蔬果行","臺北市大安區安和路1段78巷37號","歇業／撤銷"
"10261741","永彩實業社","高雄市新興區民生１路３６３巷１２號１樓","歇業／撤銷"
"38837232","久保健健康館","臺中市烏日區九德里中華路６１號１樓","核准設立"
"38963027","澄淨食品行","南投縣信義鄉明德村玉山路82之1號一樓","核准設立"
"25979341","立晨商號","高雄市三民區鼎信街２６號１３樓","停業"
"26011349","印象國際貿易商行","高雄市鳳山區建國路三段２４５之４號","核准設立"
"77904413","熊樣小舖","臺北市大同區延平北路2段19號","核准設立"
"10995701","臻宏食品行","臺中市大里區仁化里仁美路９８號２樓","核准設立"
"01485517","勤記商店","桃園市平鎮區華安里平東路239巷48號1樓","核准設立"
"38797457","上勝商號","雲林縣口湖鄉梧南村文光路210號","核准設立"
"39128639","佩琪家居生活館","新北市汐止區中正路１３０號１樓","核准設立"
"26997445","境轉隨心工作室","臺中市南區新榮里信義南街８１巷２６號１樓","核准設立"
"38987246","灣麗小吃店","苗栗縣苑裡鎮山腳里7鄰彎麗路99號2樓","核准設立"
"26569680","望彤創意影像工作室","宜蘭縣頭城鎮新建里新忠路20號四樓","歇業／撤銷"
"31865161","米琪棗精坊","臺北市大同區民生西路218號","核准設立"
"20133128","展福商行","新竹市東區龍山里長春街一六五巷七號一樓（僅供辦公室使用）","遷他縣市"
"02121424","葛瑞妮可手作坊","新北市三重區光復路1段99巷11號","停業"
"38837232","久保健健康館","臺中市大里區立德里立中二街１１號１樓","核准設立"
"26986496","牛佬牛肉麵專門店","臺中市北屯區北屯里興安路一段20號","核准設立"
"26538940","一口食品行","新北市樹林區長壽街23之4號","核准設立"
"37749513","昇達食品商行","臺南市北區正風里公園路984號","核准設立"
"40985434","甜蜜蜜釀皂工作室","新竹縣新豐鄉崎頂村十六鄰新庄子４８號","核准設立"
"37734238","三豐商行","臺東縣卑南鄉泰安村泰安路六十六號一樓","核准設立"
"38503452","旅憩咖啡工作坊","臺北市信義區黎平里崇德街10號","核准設立"
"31842647","唐瑤精緻養生館","臺北市士林區承德路4段56號1樓及58巷1號1樓","核准設立"
"41302269","維多麗亞百貨館","高雄市左營區新莊一路２４２號１樓","核准設立"
"34963285","泰源實業行","嘉義縣民雄鄉西安村20鄰西安路１５號","停業"
"26639855","龍申小吃店","桃園市龜山區文化里文化二路152號1樓","歇業／撤銷"
"37583175","小作行","臺南市東區泉南里林森路1段151號15樓","停業"
"37749513","昇達食品商行","臺南市北區正風里公園路984號","核准設立"
"37806921","中原商行","桃園市中壢區普忠里大仁二街13號","歇業／撤銷"
"01478086","富鴻商行","桃園市新屋區新生里中山路533、535號","核准設立"
"19380037","日丰商行","新竹市香山區大庄里西濱路三段250號一樓","核准設立"
"93390067","福昌行","臺東縣臺東市自強里新生路三四一號一樓","核准設立"
"20133128","展福商行","新竹縣竹東鎮大鄉里10鄰中豐路3段101巷15弄16號","核准設立"
"37887304","甘心食堂","新北市汐止區龍安路173號(1樓)","核准設立"
"26531144","牛奶立方商行","新北市土城區南天母路18之1號5樓","歇業／撤銷"
"39784563","晹明健康生活館","南投縣埔里鎮南村里桃南路9號一樓及9-1號一樓","核准設立"
"31405929","穎泰企業社","新北市板橋區民治街７１巷４８號","核准設立"
"26213555","佳豐富食品行","臺北市大同區甘州街44之1號","核准設立"
"36932816","冠宏實業社","高雄市左營區重文街２號１４樓","核准設立"
"38720660","布緯食聊企業社","高雄市苓雅區和平二路３２２巷１弄３７號","核准設立"
"26987869","鎮州紅麴坊","臺中市西區後龍里民權路213巷4號一樓","停業"
"39765968","小龍商行","彰化縣社頭鄉泰安村石坑一巷61號","核准設立"
"37797654","八分滿小舖","桃園市桃園區寶慶里同德七街46號1樓","核准設立"
"26361915","老杜府手感烘焙坊","新北市板橋區四維路２３４號","核准設立"
"02136067","生沛運動生活館","新北市板橋區民生路1段135號2樓","核准設立"
"26459781","裕凱貿易企業社","臺南市東區東智里崇德三十四街1號1樓","核准設立"
"37575920","永辰企業社","臺南市安定區港口里港口399之40號1樓","歇業／撤銷"
"40619726","吉維尼手工作坊","臺中市神岡區豐洲里豐洲路１３５巷１弄３７號１樓","核准設立"
"26456074","廷翰企業社","臺南市安定區中榮里許中營77之21號","歇業／撤銷"
"37733006","正福商行","臺東縣臺東市中山里中華路一段四四九號","核准設立"
"38852177","蘇爾亞企業社","臺中市太平區新城里樹孝路５３號１樓","核准設立"
"37682111","多乙企業社","屏東縣九如鄉洽興村昌榮路１６２巷３６號","核准設立"
"31866149","啤瓦多創意行銷商行","臺北市中正區金門街24巷35號","歇業／撤銷"
"41088628","莘園企業社","新北市林口區仁愛路2段62巷20號8樓","歇業／撤銷"
"31578695","法歐里早餐店","桃園市桃園區中聖里國鼎一街27號1樓之1","歇業／撤銷"
"26669554","正樺企業社","新竹縣新豐鄉忠孝村建興路一段158-1號","核准設立"
"38989954","吉米商行","苗栗縣南庄鄉東村文化路12號","核准設立"
"26563948","烘咖啡企業社","基隆市仁愛區仁三路40之1號1樓","歇業／撤銷"
"55945397","應安西藥房","臺中市神岡區社口里中山路６２０號","核准設立"
"26459781","裕凱貿易企業社","臺南市東區東智里崇德三十四街1號1樓","停業"
"37563966","乾隆化工貿易行","臺南市麻豆區油車里23之2號1樓","核准設立"
"41305842","鮮之屋行","高雄市鼓山區九如四路７１１巷２弄１０號","停業"
"25989967","品泰商行","高雄市岡山區大遼里大遼路４１號","歇業／撤銷"
"40733183","友竑商行","臺南市南區明興里金華路1段84巷11號1樓","核准設立"
"26352887","天然彩藝國際企業社","臺北市大同區大龍街259巷14號4樓之1","核准設立"
"26370029","鮮帝食品行","臺北市大同區延平北路2段250巷9號3樓","歇業／撤銷"
"38844070","新雅企業社","臺中市北屯區大德里中清路二段３３２號１樓","歇業／撤銷"
"36897629","欣統企業社","屏東縣潮州鎮三共里明仁巷36號1樓","歇業／撤銷"
"40545339","日月光茶行","臺中市烏日區烏日里建國路３０９號１樓","核准設立"
"41395920","鮮瑩國際企業社","新北市泰山區泰林路2段173巷2號2樓","核准設立"
"31861221","微賀企業社","臺北市中山區民權東路2段92巷1弄5號","核准設立"
"26734274","興達企業社","新北市淡水區民生路152之2號14樓","核准設立"
"39858797","卡莫卡巧克力莊園","雲林縣斗六市鎮西里中堅西路268號","核准設立"
"09199143","可樂思百貨商行","苗栗縣苗栗市中苗里中正路４３３巷６號２樓之３","核准設立"
"39862005","普遠商行","雲林縣西螺鎮福田里新厝路2之5號","停業"
"59130937","宏泉化工原料行","彰化縣溪州鄉西畔村中西路2段200巷116號","核准設立"
"02121424","葛瑞妮可手作坊","新北市三重區光復路1段99巷11號","停業"
"38663197","熊熊樂園商行","高雄市三民區順昌街７２號２樓","核准設立"
"41382050","千千飲料店","新北市三重區仁愛街690號(1樓)","核准設立"
"26501704","東湧企業行","連江縣東引鄉中柳村42號","核准設立"
"26157815","新怡盛中藥行","新竹市東區復中里民生路180巷2號","核准設立"
"40970093","大麥食品行","宜蘭縣壯圍鄉古亭村永美路二段三號一樓","核准設立"
"41086369","阿胖桑咖啡烘焙館","新北市蘆洲區長安街274巷11號4樓","核准設立"
"41304251","諄爵企業社","高雄市小港區山明路３０７巷１６０號","核准設立"
"36821889","李家?商行","臺南市永康區勝利里勝利街197巷8弄10號7樓之3","核准設立"
"06486199","世峰行","臺南市北區大豐里大興街325巷56號1樓","核准設立"
"41289337","珵苗大地商行","高雄市楠梓區北昌街９３號１４樓","核准設立"
"38708912","吾妻幸福烘焙","高雄市鳳山區建國路三段５７號","核准設立"
"41291306","翔園企業社","高雄市美濃區興南街２５號１樓","核准設立"
"37551271","樂活手作工房","臺南市南區新昌里西門路1段551號2樓","核准設立"
"31874422","闊喜工房","臺北市信義區基隆路2段22號6樓之6","核准設立"
"40982491","翔亭小棧企業社","桃園市平鎮區北安里延平路一段2號1樓","核准設立"
"40860624","天佑企業社","臺南市後壁區嘉田里12之8號","核准設立"
"36616368","三榮企業社","嘉義市西區美源里仁愛路１６８號一樓","核准設立"
"02118005","尚豐企業社","新北市八里區忠孝路187號(1樓)","核准設立"
"41059932","崧源企業社","新北市泰山區台麗街16巷5號(1樓)","核准設立"
"41170529","?辣門川菜館","新竹縣竹北市北崙里縣政十街72號1樓","核准設立"
"41194775","台灣尚品食品企業","宜蘭縣冬山鄉群英村冬山路五段321號一樓","停業"
"36906253","東翰商行","高雄市新興區南港里南華橫二路２９號７樓","核准設立"
"38965833","芸想依企業社","南投縣中寮鄉永福村永平路441之3號","核准設立"
"40657663","甘珠實業社","臺中市龍井區東海里遠東街１１４巷３３號一樓","核准設立"
"14609884","謙豐婦嬰生活館","南投縣埔里鎮北安里中山路二段137、137之1號","核准設立"
"38814370","旭佳烘焙材料專賣店","苗栗縣頭份鎮東庄里自強路186號1樓","核准設立"
"26817767","梓庭烘焙食品行","臺中市太平區豐年里大源二街１２號１樓","核准設立"
"40722518","一廷企業社","臺南市安定區中榮里許中營77號之21(1樓)","核准設立"
"41070922","千賀商行","新北市新莊區中港路499號(1樓)","歇業／撤銷"
"36898633","朝煬行","屏東縣屏東市厚生里建民路156號","核准設立"
"40609234","德鞣商行","臺中市太平區新福里旱溪西路二段２１２巷３７號１樓","歇業／撤銷"
"18142109","金豐富商號","南投縣埔里鎮薰化里永樂巷２４號","核准設立"
"26228353","泰前國際貿易商行","臺北市中山區錦州街23巷16號1樓","歇業／撤銷"
"10920322","勝豐企業社","南投縣南投市軍功里東山路一街一巷12號一樓","停業"
"41330650","宏華鑽實業社","高雄市三民區寶盛里臥龍路４９號六樓之２","核准設立"
"26541001","?大食品社","新北市蘆洲區永平街32巷45弄9號1樓","廢止"
"26018841","型男好食餐飲店","高雄市苓雅區三多四路７７巷９號１樓","核准設立"
"40287000","金山小吃部","臺中市大甲區頂店里成功路９７號","歇業／撤銷"
"40609234","德鞣商行","臺中市太平區新福里旱溪西路二段２１２巷３７號１樓","核准設立"
"36699254","瑞太行","臺南市新營區南興里延平路138之3號1樓","核准設立"
"26948584","峰榮商行","南投縣埔里鎮杷城里民有二街30號","核准設立"
"34841967","毛坊化工行","桃園市蘆竹區羊稠里長壽二街七一號三樓","歇業／撤銷"
"13321764","明嘉洋行","高雄市岡山區平安里文賢路３７號１樓","核准設立"
"02444016","樂貝克商行","新北市八里區龍米路2段58之1號6樓","核准設立"
"45804427","玄娘亭小館","彰化縣鹿港鎮玉順里後寮巷81之1號","核准設立"
"36939923","機米工程行","高雄市左營區立文路７７號４樓","停業"
"74908020","彩焰服飾店","臺東縣臺東市自強里正氣路四八四號一樓","歇業／撤銷"
"15774002","超舜商行","新北市鶯歌區光明街２６、２８號１樓","核准設立"
"09501716","美安食品行","臺南市安南區理想里大安街285巷15號1樓","核准設立"
"26958203","珍豪記傳統小吃館","臺中市西屯區上安里上仁街123號","核准設立"
"30346584","鴻裕國際企業社","宜蘭縣宜蘭市思源里嵐峰路三段462巷13號四樓","核准設立"
"40794646","迷路餐桌雜物書店","屏東縣恆春鎮城南里光明路86號1樓","核准設立"
"72068443","三興原料行","臺南市永康區五王里南工街44號","核准設立"
"99386316","多力倫企業社","高雄市小港區順苓里宏平路４７５號１樓","歇業／撤銷"
"39865919","六米豆食品企業社","雲林縣斗南鎮南昌里光復街36號2樓之6","歇業／撤銷"
"38582049","羅斯胡商行","臺北市大安區羅斯福路3段183號","核准設立"
"40612104","霏姈商行","臺中市西屯區逢甲里河南路二段２７１號一樓","核准設立"
"26961967","豐圭商行","臺中市豐原區豐田里市政路２４號１樓","核准設立"
"38856666","二魚小館","臺中市北屯區平德里北平路三段１０４號１樓","停業"
"37680676","康威藥局","屏東縣屏東市華山里瑞光路3段92之1號","核准設立"
"40982491","翔亭小棧企業社","新竹縣新豐鄉新和路108號","遷他縣市"
"38984851","嘉琳國際企業社","苗栗縣竹南鎮龍鳳里龍山路一段196巷2號2樓","核准設立"
"31578533","茶客商行","桃園市平鎮區莊敬里中豐路山頂段159號1樓","核准設立"
"81878140","嘉新免洗餐具行","高雄市仁武區南勢巷６之１號","核准設立"
"31579049","三泰旺百貨商行","桃園市蘆竹區中福里上興路143號","核准設立"
"40865563","就將喝商行","臺南市東區崇德里崇德路406號","核准設立"
"26560359","果然美食商行","基隆市中正區義二路146號1樓","核准設立"
"41002848","萍?人力行銷實業社","基隆市安樂區湖海路二段100號","停業"
"98117911","江仔伯五金百貨行","桃園市蘆竹區錦中里南崁路３６２號１樓","核准設立"
"37741809","元永貞企業行","臺南市東區自強里東門路3段37巷22弄64號1樓","核准設立"
"37561123","美夢成真企業行","臺南市永康區網寮里文化路320號1樓","停業"
"37885024","津玉茶飲棧","新北市新店區民權路44之1號","核准設立"
"26983907","鴻大商行","臺中市東勢區南平里中正路288號","歇業／撤銷"
"38988049","灣麗小吃店","苗栗縣苑裡鎮山腳里7鄰彎麗路99號2樓","核准設立"
"26360562","喜德服裝工作室","臺北市士林區文林路89號","遷他縣市"
"37659553","布魯斯國際商行","臺東縣臺東市豐榮里仁義北路一五五號","核准設立"
"40728822","強治茶企業社","臺南市北區光武里北門路2段553號1樓","核准設立"
"37569407","棠晴企業社","臺南市安南區溪心里本原街2段50巷3弄15號1樓","歇業／撤銷"
"99757674","李進財企業社","新北市新莊區中義街39號5樓","核准設立"
"38792853","歐雅仕商行","雲林縣土庫鎮後埔里雙人厝65號","核准設立"
"41168988","米時商行","新竹縣湖口鄉信勢村18鄰新化街５７號","核准設立"
"59454301","日進食品行","彰化縣員林市萬年里萬年巷31號","核准設立"
"02356408","壹貳壹貳企業社","新北市新莊區福樂街118巷17號3樓","歇業／撤銷"
"40980888","新世紀飾品樂活部社","新竹縣竹北市斗崙里光明九路150巷9號10F","核准設立"
"40287000","金山小吃部","臺中市大甲區頂店里成功路９７號","核准設立"
"45592839","菲羚企業社","苗栗縣竹南鎮正南里民治街17號1樓","歇業／撤銷"
"37809976","明暘企業社","桃園市中壢區振興里龍泉街137巷52弄6號1樓","核准設立"
"38726221","好運土司商行","高雄市苓雅區自強三路１７３號１樓","核准設立"
"37794495","玖伍柒企業社","桃園市桃園區武陵里復興路95號","遷他縣市"
"68561302","美豐工業原料行","臺南市中西區天后里西門路2段278號1樓","核准設立"
"80761121","福帥投資顧問企業社","桃園市中壢區復興里長樂街８９巷６之２號３樓","歇業／撤銷"
"10971644","茶極飲品店","臺中市沙鹿區北勢里北勢二街10巷9號","核准設立"
"41098230","葛來美食品行","新北市淡水區忠寮里口湖子1之7號","核准設立"
"31585231","純翊企業社","桃園市平鎮區廣興里育達路8號1樓","核准設立"
"41375017","呷喀煙燻滷味","新北市樹林區三俊街126巷29號","核准設立"
"13372453","家品商行","新北市板橋區中正路３２５巷３弄８號","核准設立"
"31567509","伊莉莎廚房","桃園市桃園區寶山里寶山街250號","歇業／撤銷"
"26009385","泓盈商行","高雄市鳳山區自由路１８號１樓","核准設立"
"26734529","千美企業社","新北市新莊區中正路706之26號8樓","停業"
"93686913","玉記香料行","臺東縣臺東市豐谷里漢陽北路三十號","核准設立"
"00344906","集豐商店","基隆市中山區新生路二三號","核准設立"
"26481616","萊桔商行","高雄市大樹區中興街８０號１樓","歇業／撤銷"
"36916301","富民胡麻園商行","高雄市左營區富民路３９７號１樓","歇業／撤銷"
"36930535","安婕麗時尚館","高雄市前鎮區興旺路４０５號１樓","停業"
"10958332","咪咪熊咖啡屋","彰化縣社頭鄉社頭村清水岩路400號","核准設立"
"37793361","?羲商行","桃園市桃園區瑞慶里明德街19號5樓","核准設立"
"37804445","醇果企業社","桃園市桃園區三元里大有路156號1樓","歇業／撤銷"
"31872557","沃格小吃店","臺北市信義區基隆路2段107之5號2樓","核准設立"
"36906556","隆旺食品行","高雄市三民區本和里大福街１５０-１號","歇業／撤銷"
"38843614","楊桃美眉飲品商行","臺中市豐原區南陽路３８３號１樓","核准設立"
"41304317","葳瑞飲品店","高雄市苓雅區三多四路３１之１號１樓","核准設立"
"38578208","青陽商行","臺北市大安區延吉街123號1樓","核准設立"
"31568520","斯博特美式餐廳","桃園市桃園區春日里大興路138號1樓","歇業／撤銷"
"38758855","幸福平安企業社","彰化縣彰化市阿夷里金馬路1段505號1樓","歇業／撤銷"
"38725222","君臨商行","高雄市鳥松區山腳路１８０之１號","核准設立"
"37849294","菁品實業社","桃園市蘆竹區營盤里六福路239號2樓之3","歇業／撤銷"
"68845104","富美工業原料行","臺南市北區國興里開元路312號","核准設立"
"41624640","宏明化工原料行","宜蘭縣五結鄉上四村中正路二段一一二號一樓","核准設立"
"36940463","享自然商行","高雄市三民區建興路３４４號１樓","歇業／撤銷"
"37566226","夏采設計企業社","臺南市安平區育平里平豐路44巷20號6樓之2","核准設立"
"41295252","凱峰貿易行","高雄市仁武區永仁街２９６號","核准設立"
"41225411","俐安複合式養生工作坊","新竹市東區建華里東南街291號","核准設立"
"25615124","媽媽好婦幼用品館","臺北市信義區莊敬路399號","歇業／撤銷"
"36904298","秝新企業行","高雄市仁武區澄仁西街２７５號","核准設立"
"37583029","雅安實業","臺南市東區虎尾里東門路3段179巷16弄16號1樓","歇業／撤銷"
"38871441","洋洋自然行","臺中市烏日區湖日里榮泰街１００巷２１弄１６號１樓","核准設立"
"38514562","青果園鮮萃飲品企業社","臺北市大安區和平東路1段159之2號","核准設立"
"37732288","正月行","臺東縣臺東市豐谷里漢陽南路二三二號一樓","核准設立"
"01415837","本一家國際素食企業社","桃園市平鎮區湧光里中豐路302巷11弄10號","歇業／撤銷"
"31871662","華師傅商行","臺北市信義區基隆路1段103號","停業"
"66862485","吉順行","新竹市香山區中埔里牛埔東路１９５號","核准設立"
"40567543","壹淇商行","臺中市烏日區東園里溪南路一段２３８巷２４７號","核准設立"
"41080288","峻陞雜糧行","新北市三峽區光明路40號","申覆（辯）期"
"26732748","甫達企業行","新北市永和區竹林路115號(1樓)","歇業／撤銷"
"37913078","伸彩企業社","新北市中和區華新街35號1樓","核准設立"
"31581853","龍翊企業社","桃園市中壢區龍安里南昌新村46之5號1樓","歇業／撤銷"
"70920661","日友食品行","宜蘭縣三星鄉雙賢村三星路六段75巷76號","歇業／撤銷"
"36918223","正時興業行","高雄市前鎮區后安路２２９號１１樓","核准設立"
"00004300","大方傢俱行","基隆市信義區義六路28號20樓之1","核准設立"
"10955222","啟順商行","彰化縣彰化市南興里雲長路123號1樓","核准設立"
"39772519","波斯海商行","彰化縣鹿港鎮海埔里海明街88巷16號","核准設立"
"25932803","卡波奇企業社","高雄市左營區明華一路3號","歇業／撤銷"
"25944701","品味館","高雄市小港區沿海１路３５１號","歇業／撤銷"
"10141958","魔幻咖啡企業行","屏東縣恆春鎮網紗里省北路300號","停業"
"38725222","君臨商行","高雄市鳥松區山腳路１８０之１號","核准設立"
"18073525","鼎立烘焙商行","新北市板橋區重慶路２６９巷１５號１樓","核准設立"
"41081250","凡可生技企業社","新北市板橋區大勇街8巷7號","核准設立"
"37801572","金采百貨商行","桃園市中壢區信義里長沙路101、103號","核准設立"
"13372453","家品商行","新北市板橋區中正路３２５巷３弄８號","核准設立"
"38826431","禾久相古法雞精","臺中市沙鹿區六路里南陽路５６號","核准設立"
"26016225","順慶企業社","高雄市鳳山區中山西路２５號１樓","核准設立"
"34831948","矽園科技企業社","桃園市桃園區龍壽里龍泉五街八六號一樓","歇業／撤銷"
"40627789","樂醍英式茶行","臺中市西屯區西安里文華路１４７號一樓","核准設立"
"31721398","金鼎菁仔坊","新北市新莊區龍安路12號","廢止"
"36936073","瑋秀企業社","高雄市左營區修明街１２１號３樓之２","核准設立"
"19524251","碩豐實業社","新北市永和區福和路３２６號","核准設立"
"38510833","茱諾企業社","臺北市大安區忠孝東路4段87號6樓","核准設立"
"98931534","禾田企業社","屏東縣屏東市勝利里公正四街九五號八樓之二","停業"
"38569539","快樂村商行","臺北市信義區虎林街132巷24號1樓","核准設立"
"41296800","享青貿易","高雄市前鎮區英明一路４３巷４之４號","核准設立"
"37727975","友豪服飾店","臺東縣臺東市自強里正氣路四八四號","核准設立"
"45874801","壹豆醇品咖啡專賣店","臺中市潭子區潭興路3段105號","核准設立"
"37846402","豐炘商行","新竹市香山區頂褔里中山路700號","核准設立"
"26999909","福順發商行","臺中市西屯區福林里福科路６９０號３樓","核准設立"
"38578208","青陽商行","新北市中和區連城路238號2樓之1","核准設立"
"41075222","玟玟國際貿易商行","新北市新店區安德街161號(1樓)","核准設立"
"26562271","上緣企業社","基隆市中正區調和街290巷45弄1號","歇業／撤銷"
"38723625","耀慶企業社","高雄市左營區富國路３４７號３樓之１","核准設立"
"41053769","捷發工程行","新北市三重區頂崁街210巷28弄10號4樓","核准設立"
"10965586","花媽婦嬰用品店","臺中市西區公?里三民西路100號1樓","核准設立"
"37582008","香料天堂企業行","臺南市永康區勝利里勝利街1巷11弄38號1樓","歇業／撤銷"
"38577279","八德胡商行","臺北市松山區八德路3段130號","核准設立"
"41326240","宏運食品行","高雄市左營區富國路１１１號","核准設立"
"02435754","韓一品商行","新北市新莊區民安西路200號","停業"
"10965586","花媽婦嬰用品店","臺中市西區公?里三民西路100號1樓","核准設立"
"26483924","富煒企業社","高雄市苓雅區意誠路７號８樓之１０","核准設立"
"38578208","青陽商行","臺北市大安區延吉街123號1樓","遷他縣市"
"26803264","世旺貴族池上飯包","臺中市太平區豐年里大源路97號","歇業／撤銷"
"38837850","璽爾雃蕬商行","臺中市西屯區福雅里福科路３６２巷２２號１樓","停業"
"39965924","小林生活用品店","基隆市七堵區明德一路110號1樓","核准設立"
"02390715","尚易食品行","新北市板橋區信義路17號","核准設立"
"37891335","靚寶咖啡商行","新北市中和區捷運路135、137號(1樓)","歇業／撤銷"
"25705764","吉康美妝保健藥局","屏東縣屏東市武廟里永福路20號","核准設立"
"38934939","富佳香食品原料行","彰化縣埔心鄉義民村員鹿路2段152號1樓","核准設立"
"40869625","司普瑞網路行銷企業","臺南市安平區石門里安北路104號2樓","核准設立"
"38555937","人品養生御膳坊","臺北市中山區錦州街50號8樓之18","核准設立"
"31962826","文山胡商行","臺北市文山區興隆路2段331號（1樓）","核准設立"
"52864575","大東文具印刷品行","臺中市西屯區何安里四川路１０２號一樓","核准設立"
"31954972","金如商行","臺北市松山區八德路3段155巷23號","歇業／撤銷"
"38457751","王家農場蔬果店","臺北市大安區延吉街169號","核准設立"
"38459809","四月雨咖啡館","臺北市大安區忠孝東路4段216巷40弄18號1樓","核准設立"
"38852401","豆豆生活百貨館","臺中市外埔區甲后路３５８號１樓、３６０號１樓","核准設立"
"25759091","五湖國際企業社","嘉義市西區竹圍里德安路２７號十三樓之二","核准設立"
"41290192","永昜商行","高雄市岡山區育仁街１６號","核准設立"
"41024316","良品商行","桃園市中壢區中正里興仁路二段463巷6號5樓","核准設立"
"36735890","琁樂活企業社","屏東縣潮州鎮永春里萬年路176號1樓","核准設立"
"40652891","媽媽樂手作料理","臺中市南屯區同心里文心路一段１８６號１１樓之５","核准設立"
"31716923","原玖百貨商行","桃園市龜山區大同里大同路173號1樓","核准設立"
"25492410","瑞士藥粧生活館","雲林縣斗六市成功里成功路342號1樓","核准設立"
"40650394","承益商行","臺中市南區樹德里大慶街二段４７－２號１樓","核准設立"
"41462407","富豐國際商業企業社","花蓮縣新城鄉北埔村自助街12之1號1樓","核准設立"
"41424642","番王部落小館","桃園市桃園區自強里南平路88巷1號","核准設立"
"26009998","富閎商行","高雄市三民區義華路４２１巷９號７樓","停業"
"31860736","鼎原企業社","臺北市士林區永平街76號1樓","歇業／撤銷"
"38787916","元展科技開發洋行","雲林縣西螺鎮廣福里廣興路162號","核准設立"
"37562713","詮冠科技企業社","臺南市歸仁區南保里民權六街129號1樓","核准設立"
"98809203","泓明香料行","臺南市東區自強里中華東路2段243巷18號1樓","核准設立"
"78683445","七海食品原料行","臺南市中西區萬昌里民權路1段173號1樓","核准設立"
"26535845","開葉實業社","新北市三重區永福街197巷37弄15號","歇業／撤銷"
"30273415","馥品屋烘焙原料店","新北市樹林區大安路173號","核准設立"
"38718165","心胡商行","高雄市前鎮區一心二路６１號１樓","核准設立"
"38505156","柯威企業社","臺北市中山區南京東路2段137號14樓","核准設立"
"26526521","福源發漢方企業社","新北市新店區車子路122號","核准設立"
"39824777","健勤廣告科技社","臺中市烏日區光明里五光路６７９巷８２弄１１號１樓","核准設立"
"37802256","銓宥食品行","桃園市中壢區自信里莊敬路811巷18號","歇業／撤銷"
"41364975","晶讚企業社","新北市樹林區佳園路1段75巷206號(3樓)","核准設立"
"38863218","宗松行","臺中市太平區中政里中興路１１３巷１５號１樓","核准設立"
"37715339","凱?餐飲部","嘉義縣中埔鄉和美村後庄190之7號1樓","歇業／撤銷"
"99455299","富育企業社","新北市板橋區民有街１２７之２號（現場僅供辦公室使用）","遷他縣市"
"39849524","嵐田企業社","臺中市南區和平里復興路二段７１巷５２之５號８樓","歇業／撤銷"
"37699886","大成吉禎寶堂企業社","嘉義市西區新富里西榮街２４號一樓","停業"
"41326451","永瑋企業社","高雄市岡山區竹圍東街１８２巷６號６樓","核准設立"
"26815347","大墩蜂巢商行","臺中市南屯區豐樂里大墩南路370號1樓","歇業／撤銷"
"26481931","松旺養生食品城","高雄市苓雅區復興二路１３號","停業"
"40705742","田桔企業社","臺南市永康區復華里國華街87巷12號1樓","歇業／撤銷"
"41373475","黃金妙蓮企業社","新北市土城區金城路2段265號12樓","核准設立"
"26826219","龍霆企業社","南投縣竹山鎮桂林里中山路42之83號一樓","核准設立"
"26746905","三石食品行","新北市三重區重新路3段20號1樓","歇業／撤銷"
"40548976","珠兒創藝設計室","臺中市北區長青里天津路一段１２２號１樓","核准設立"
"39730075","九天企業社","雲林縣虎尾鎮西屯里大屯351之13號1樓","核准設立"
"48856882","旺來精品商行","臺北市中山區松江路37巷8之1號","遷他縣市"
"41065771","這係韓企業社","新北市新莊區和平里思源路419巷1弄25號2樓","停業"
"10969112","信鴻食品行","臺中市北屯區東山里東山路2段60-2-1號1樓","核准設立"
"45701442","百億燈飾工程行","雲林縣虎尾鎮西安里白宮街七二號","核准設立"
"26995495","芝味商行","臺中市北屯區和平里東山路一段367-19號1樓","核准設立"
"34182649","旭成碾米工廠","新北市三峽區民生街71號","核准設立"
"26991006","友益企業社","臺中市東區振興里大智路１９２巷２３-１號一樓","停業"
"31553300","群蓁健康實業社","桃園市八德區大安里和平路692巷3弄10衖35號1樓","核准設立"
"37746874","碩豐企業社","臺南市永康區中興里中華路196之16號","停業"
"38673033","榮均企業社","屏東縣九如鄉耆老村田中街54號2樓","歇業／撤銷"
"31851722","宏定天然食品商行","臺北市萬華區西寧南路4號西寧公有市場1樓96號攤位","歇業／撤銷"
"37681437","力金咖啡行","屏東縣屏東市豐源里林森路東四段47之3號","核准設立"
"45465708","埔里劉祖師企業總行","南投縣埔里鎮枇杷里樹人一街２５１號一樓","核准設立"
"26931676","黃金荔香商行","彰化縣彰化市福山里彰南路1段429號1樓","核准設立"
"37674560","爾安企業社","屏東縣潮州鎮永春里五福路１５２號一樓","核准設立"
"38735544","谷豐實業社","高雄市旗山區中山路１５０號２樓","核准設立"
"26236234","寶寶屋","臺北市大安區四維路66巷8號","歇業／撤銷"
"25482433","金寬富商號","南投縣埔里鎮鐵山里鐵山路120巷2號","核准設立"
"37840511","上峰鋼鋁企業社","宜蘭縣羅東鎮維揚里中山路四段329號一樓","核准設立"
"37578308","崇明胡商行","臺南市東區崇明里崇明路552號1樓","核准設立"
"41373475","黃金妙蓮企業社","新北市土城區金城路2段265號12樓","歇業／撤銷"
"38726361","薑道工坊","高雄市鳳山區東門街７２號１樓","歇業／撤銷"
"39768297","滿香企業社","彰化縣田尾鄉新生村延平路78號","歇業／撤銷"
"31683747","賞讚食品行","新北市新莊區中平路82巷6號3樓","廢止"
"41290799","炎術天然冷熱飲品專賣店","高雄市新興區六合一路１７４號１樓","核准設立"
"45839489","寶格曼經典美研館","臺中市東區旱溪里自由路三段316號1樓","核准設立"
"26768479","彩虹狗寵物社","新北市板橋區漢生西路165巷50號","核准設立"
"37816961","桃鶯胡商行","桃園市八德區大明里桃鶯路60號1樓","歇業／撤銷"
"38467842","極上堂","臺北市松山區民權東路3段146號","核准設立"
"36826596","太昊企業社","臺南市安平區平通里慶平路703號1樓","歇業／撤銷"
"31684372","小太陽食品行","新北市汐止區明峰街297巷3弄1之1號2樓","歇業／撤銷"
"47367719","牧誠食品行","彰化縣溪湖鎮湖東里興學街14號","核准設立"
"38689154","後昌胡商行","高雄市左營區後昌路７２９號１樓","核准設立"
"41085137","香草日韓精品","新北市林口區興林路42之3號","核准設立"
"52864575","大東商工實業社","臺中市西屯區何安里四川路１０２號一樓","核准設立"
"26931676","黃金荔香商行","彰化縣彰化市福山里彰南路1段427號1樓","核准設立"
"10764933","優質營養健身社","臺南市安平區華平里建平十七街237號1樓","核准設立"
"36745573","壹品香商行","臺東縣臺東市豐谷里中華路二段六二一號","歇業／撤銷"
"26626161","芭舞巷花園咖啡","桃園市蘆竹區營盤里六福一路85巷21號","核准設立"
"38713160","光遠星耀行銷應用工作室","高雄市三民區建興路３７０號２樓之１８","核准設立"
"38658259","臻善禮儀社","高雄市苓雅區昇平街３８號１樓","核准設立"
"38825539","農家素食自助餐","臺中市北屯區和平里東山路一段３５８號","核准設立"
"37562376","吉快樂寵物蛋糕屋","臺南市北區元寶里開元路485巷41弄3號1樓","核准設立"
"40549980","一極萬企業社","臺中市西區忠誠里公益路１７４巷２２２號２樓","核准設立"
"57911210","赤崁企業行","臺南市東區後甲里裕農路811號1樓","核准設立"
"17996917","老公正醫療健康器材行","臺中市南區樹德里文心南路５６０號１樓","核准設立"
"31877912","羽岑實業社","臺北市萬華區成都路92號(1、2樓)","核准設立"
"10969204","金品水蒸蛋糕","臺中市北屯區后庄里中清路108巷1號12樓之3","停業"
"38836923","孫家廚房","臺中市西區忠明里中美街４７１號２樓","歇業／撤銷"
"26746546","莊家西點麵包坊","新北市三重區仁愛街391號(1樓)","核准設立"
"41318234","以馬內利整體美學精品名店","高雄市鳳山區文衡路５４６號１樓","核准設立"
"41038037","貓飯碗店鋪","桃園市中壢區中建里延平路536號","核准設立"
"37794495","玖伍柒企業社","新北市板橋區中山路1段26之5號","核准設立"
"40796996","寶哥烘炸麻花捲","屏東縣琉球鄉杉板路１０６之１號","核准設立"
"40714833","彩新商行","臺南市歸仁區新厝里復興路133號1樓","歇業／撤銷"
"41461110","昌遠企業社","花蓮縣吉安鄉吉安村中央路2段139巷4弄22號1樓","核准設立"
"37788120","群悅食品行","桃園市楊梅區瑞溪里瑞溪路一段246號1樓","核准設立"
"31643099","凱欣商城","新竹市北區湳雅里湳雅街193號三樓之1","核准設立"
"10901113","仙山飲食部","雲林縣古坑鄉草嶺村草嶺75之1號","核准設立"
"45804427","楊家陽春麵","彰化縣鹿港鎮玉順里後寮巷81之1號","核准設立"
"39652824","立珍食品行","臺中市大里區長榮里新芳路５５之２號１０樓","核准設立"
"26021064","榮華烘焙食品行","高雄市鼓山區銘傳路１１０號１樓","歇業／撤銷"
"00249109","品富食品行","金門縣金寧鄉盤山村下堡79之1號","核准設立"
"13775863","恆春豆行","桃園市中壢區信義里嘉興二街３３號１樓","核准設立"
"37680676","康威藥局","屏東縣屏東市華山里瑞光路3段92之1號","核准設立"
"99914702","春豊碾米工廠","新竹市北區長和里愛文街６８號","歇業／撤銷"
"45312767","溫典商行","臺中市大肚區頂街里榮華街５８－１號１樓","核准設立"
"31718160","傳愛商行","新北市瑞芳區瑞竹路36巷19號3樓","核准設立"
"10050008","富期商行","新北市板橋區民生路1段1之1號13樓之1","核准設立"
"41373427","藍海游龍企業社","新北市土城區金城路2段265號12樓","核准設立"
"25216750","樂易企業社","苗栗縣竹南鎮海口里光德路2巷15號1樓","核准設立"
"26997965","英盟商行","臺中市龍井區新庄里學園路6-2號2樓","核准設立"
"26731136","康沛醫療器材行","新北市樹林區鎮前街17號","核准設立"
"42270173","職人咖啡商行","臺北市內湖區新湖一路128巷15號","核准設立"
"26215815","鴻偉小吃店","臺北市中山區長安東路1段53巷19號","歇業／撤銷"
"37734928","龍輝農產行","臺東縣臺東市豐田里中興路五段二六八巷十號","核准設立"
"41170529","?辣門川菜館","新竹縣竹北市北崙里縣政十街72號1樓","歇業／撤銷"
"26348815","美樂林小吃店","臺北市大安區大安路1段31巷50號","歇業／撤銷"
"41100616","全通路食品行","新北市汐止區祥雲街10巷7號3樓","核准設立"
"45686809","詠誠烘焙原料行","臺中市西區公德里精誠路３１９號１樓","核准設立"
"47389967","小耕丁工作室","雲林縣斗六市龍潭里八德路82號1樓","核准設立"
"38860628","楊桃甜心飲品商行","臺中市北屯區昌平路二段２之２７號１樓","核准設立"
"26483945","彭家屯牛肉美食?","高雄市新興區中正三路５號","歇業／撤銷"
"36905590","炘幃企業行","高雄市小港區桂陽路１８４號７樓之１","核准設立"
"38472401","賴桑的珍寶商行","臺北市中正區青島東路7號3樓之5","歇業／撤銷"
"39876325","里優烘焙商行","苗栗縣苗栗市上苗里5鄰中正路25號","核准設立"
"37798204","名馨食品商行","桃園市桃園區大林里桃鶯路386巷8號1樓","歇業／撤銷"
"57911210","赤崁企業行","高雄市前金區民生２路１５１號１樓","遷他縣市"
"02397457","壹貳壹貳企業社","新北市新莊區福樂街118巷17號3樓","歇業／撤銷"
"37684791","活力青安全農業企業社","屏東縣枋寮鄉安樂村中山路４３號一樓","核准設立"
"25366906","順義有機商行","彰化縣彰化市富貴里永樂街２２７之１號１樓","核准設立"
"40706910","享墾商行","臺南市新營區延平里復興路69號1樓","核准設立"
"08315279","益富行","臺中市大雅區上雅里神林南路５３號１樓","核准設立"
"10919866","興鏵商行","南投縣南投市平山里平山一路三街76號1樓","核准設立"
"26360562","喜德服裝工作室","新北市永和區自由街9號1樓","核准設立"
"38836923","孫家廚房","臺中市西區忠明里中美街４７１號２樓","核准設立"
"38726221","好運商行","高雄市苓雅區自強三路１７３號１樓","核准設立"
"38797554","源鄉商行","雲林縣元長鄉瓦?村中央路229號","核准設立"
"02452021","大立旺企業社","新北市樹林區佳園路2段15巷9弄1號","核准設立"
"41307047","鼎葉津食品行","高雄市左營區勝利路１６１號１樓","核准設立"
"36938889","源駿行","高雄市三民區義華路１５９巷２７弄２號１樓","核准設立"
"31555497","旺旺小吃店","桃園市桃園區龍鳳里龍安街142之1號1樓","核准設立"
"41016815","瑞霖商行","花蓮縣花蓮市主力里林森路23、25號","核准設立"
"37811451","迴龍百貨商行","桃園市龜山區龍華里龍興街11巷1號1樓、1之1號2樓","核准設立"
"39865919","六米豆食品企業社","雲林縣斗南鎮南昌里光復街36號2樓之6","核准設立"
"39652394","龍杰大商店","臺中市霧峰區丁台里丁台路４３４之３號１樓","核准設立"
"41025194","味冠行","桃園市蘆竹區新莊里新生路246巷39號1樓","核准設立"
"41373427","藍海游龍企業社","新北市土城區金城路2段265號12樓","歇業／撤銷"
"31854431","金色台灣餐飲坊","臺北市信義區松山路466號","歇業／撤銷"
"38457437","天圓地方企業社","臺北市大安區信義路2段30號2樓","歇業／撤銷"
"39875466","久保健養生館","苗栗縣苗栗市大同里中山路806號1樓","歇業／撤銷"
"26451964","奧爾斯食品商號","臺南市東區崇文里崇德二十四街17號1樓","核准設立"
"02423434","乙盛咖啡","新北市板橋區長江路2段215號","核准設立"
"78931748","維倫商行","雲林縣水林鄉松西村後厝路七九之六號","核准設立"
"38736017","?嘉商行","高雄市前鎮區武慶一路１２８號８樓","核准設立"
"26817561","青坊食品行","臺中市北屯區忠平里陳平一街68號","核准設立"
"93942717","新瑞益原料行","嘉義市西區永和里永和街６３號一樓","核准設立"
"36844145","茂紘食品原料行","臺南市後壁區嘉民里148之12號1樓","核准設立"
"41082568","伊裳美精品服飾","新北市新莊區建中街3號","核准設立"
"26501704","東湧企業行","連江縣東引鄉中柳村75號","核准設立"
"31582733","健康開運養生洋行","桃園市蘆竹區南興里忠孝西路173號9樓","歇業／撤銷"
"26741747","明揚企業社","新北市永和區豫溪街78號1樓","核准設立"
"41093811","誌輝企業社","新北市汐止區橋東街19號2樓","核准設立"
"41481306","暖了文創工作室","新竹縣竹北市中興里嘉豐六路一段２７號","核准設立"
"13321764","明嘉洋行","高雄市岡山區大德三路１２０號１樓","核准設立"
"26633493","又見蘇氏企業","桃園市桃園區東埔里大華八街16巷4之1號2樓","歇業／撤銷"
"31550275","一品苑復古式餐廳","桃園市八德區瑞發里更寮腳28號","歇業／撤銷"
"26018342","上申商行","高雄市楠梓區土庫一路２２８號１樓","核准設立"
"31515284","莫亞小吃店","基隆市仁愛區精一路19號(1樓)","核准設立"
"41088134","千儀精品店","新北市汐止區茄興街20巷1弄17號5樓","核准設立"
"57937632","元合喬企業行","高雄市鼓山區富農路３０８號１樓","核准設立"
"38657364","弘旺食堂","高雄市前鎮區崗山南街５０９巷２７號","核准設立"
"36916490","欣鑫美食館","高雄市新興區中正三路５號","歇業／撤銷"
"31869770","糰糰創意烘焙企業社","臺北市信義區永吉路30巷148弄27號","歇業／撤銷"
"31710028","三街印尼商品店","新北市新莊區中港三街108之1號","歇業／撤銷"
"40719083","阜皇企業社","臺南市新營區新南里隋唐街31巷42號1樓","歇業／撤銷"
"37573107","鬥味行食品商行","臺南市南區府南里永成路3段608號2樓","停業"
"31880233","晟億原料行","臺北市萬華區西藏路259巷23號","核准設立"
"41091840","順怡鵝油企業社","新北市鶯歌區中正三路291巷15弄7號(1樓)","停業"
"10987575","原味千尋休閒食品行","臺中市西區土庫里五權三街276號2樓","遷他縣市"
"14219491","鼎祐商行","苗栗縣竹南鎮竹南里中山路109號2樓","核准設立"
"41061260","隆聖企業社","新北市永和區仁愛路306巷40號5樓","停業"
"41363526","錦德食品社","新北市中和區安和路41號","核准設立"
"37742820","聖平生物科技行號","臺南市永康區?行里新民街31號1樓","核准設立"
"34835732","蕃薯園","桃園市龜山區文化里復興北路六巷十九號","歇業／撤銷"
"36910502","佑冠商行","高雄市三民區鼎山街５４６巷８弄４號６樓之１","核准設立"
"41061260","隆聖企業社","新北市永和區仁愛路306巷40號5樓","停業"
"40719083","阜皇企業社","臺南市新營區新南里隋唐街31巷42號1樓","核准設立"
"31405929","穎泰企業社","新北市板橋區民治街７１巷４８號","核准設立"
"39831307","樂好吃食品行","臺中市大里區樹王里東興路５３５巷６６號１樓","核准設立"
"26948803","御珊企業社","南投縣草屯鎮和平里碧山路85號一樓","核准設立"
"41287696","善知識商行","高雄市三民區明哲路３３號６樓之１５","停業"
"26354175","瑟盟飛企業社","臺北市中山區中山北路2段16巷16號2樓","歇業／撤銷"
"41380383","窈窕比例企業社","新北市土城區中正路1號8樓之3","核准設立"
"37907580","稼穗國際企業社","新北市淡水區新市一路3段101巷140號(1樓)","核准設立"
"38880286","森田有機香純黑糖農園","南投縣竹山鎮延正里公正巷2之9號一樓","核准設立"
"40648074","德匯醫療器材行","臺中市北屯區忠平里陳平一街７２號１樓","核准設立"
"37873478","祥通商行","新北市土城區明德路1段20巷2弄8號4樓","核准設立"
"26348456","名漾企業社","臺北市士林區福華路164巷13號","核准設立"
"40720808","富群時尚健康芳療館","臺南市東區莊敬里莊敬路106號1樓","停業"
"37714649","藤達興商行","嘉義縣六腳鄉蘇厝村蘇厝寮１５２號一樓","核准設立"
"38513775","寶食商行","臺北市大同區重慶北路2段82號","核准設立"
"39705667","瀛勝商行","雲林縣虎尾鎮穎川里林森路二段477巷75號1樓","停業"
"37742820","聖平生物科技行號","臺南市永康區?行里新民街31號1樓","歇業／撤銷"
"40562168","飛躍工作室","臺中市潭子區頭家東里頭張東路７５號","核准設立"
"41289189","瑞僑企業社","高雄市苓雅區泰順街６６號５樓之２","停業"
"39652676","天長素食行","臺中市南屯區惠中里大墩十街１８５號１樓","歇業／撤銷"
"14603869","松慶行","南投縣南投市軍功里軍功路63之3號一樓","核准設立"
"41191881","和宜企業社","宜蘭縣宜蘭市自強新路66號","核准設立"
"39782805","伸品牙科材料行","南投縣草屯鎮新豐里稻香路18-32號一樓","核准設立"
"36706902","田庄食品企業行","嘉義市西區後驛里博愛路二段２８４之２１號一樓","核准設立"
"36929191","正光烘焙","高雄市小港區鳳北路２０７號","核准設立"
"19235288","中華免洗餐具行","南投縣南投市平和里南陽路一一二號","歇業／撤銷"
"47246032","竹奇行","新竹縣竹北市新崙里光明十一路８１號１樓","遷他縣市"
"41022513","和宜企業社","桃園市龜山區大華里文化七路111號2樓之55","核准設立"
"37609055","東吉美企業社","臺東縣臺東市永樂里永樂路二一０巷二十六號一樓","核准設立"
"34838055","三立烘焙原料行","桃園市中壢區普仁里中北路十五號一樓","停業"
"26616298","嘉露蘭貿易實業社","桃園市龜山區文化里文昌一街17號4樓","核准設立"
"39678660","揚一明企業社","苗栗縣頭份鎮蘆竹里16鄰蘆竹214之2號","歇業／撤銷"
"38963173","樸藝工坊","南投縣國姓鄉石門村國姓路102之16號","核准設立"
"38795633","品銓企業社","雲林縣麥寮鄉麥豐村新興路53號1樓","核准設立"
"66951732","華茂食品原料行","花蓮縣吉安鄉勝安村中原路１段１４１號１樓","核准設立"
"67730511","春華青草店","桃園市平鎮區義興里義民路230號1樓","核准設立"
"40797812","玩美女孩市集網路品牌開發行銷企業社","屏東縣屏東市新生里復興南路一段33號2樓","歇業／撤銷"
"26433170","婕凡希美容坊","臺南市中西區公正里民族路2段66號5樓之1","核准設立"
"40733183","友竑商行","臺南市南區明興里金華路1段84巷11號1樓","歇業／撤銷"
"38579641","城?企業社","臺北市士林區葫蘆街77號3樓","核准設立"
"31870713","宏定商行","臺北市萬華區西寧南路4號公有西寧市場1樓1096號攤位","核准設立"
"38989188","佑安企業社","苗栗縣後龍鎮大山里下大山腳40-7號1樓","核准設立"
"20205614","大漢行","高雄市楠梓區建楠橫路４２之１５號","核准設立"
"37562208","歡迎光臨便利店","臺南市佳里區建南里成功路203號1樓","核准設立"
"41428773","凡星企業社","桃園市大園區田心里崁腳20之1號","核准設立"
"40186306","貝瑟尼複合式餐坊","臺中市西屯區福林里福康路１２２號ㄧ樓","核准設立"
"37682718","大將麴企業社","屏東縣屏東市大連里豐華街120巷24號1樓","停業"
"26361915","吉田村手感烘焙坊","臺北市大安區和平東路2段311巷19號","遷他縣市"
"41074321","禾利康食品企業社","新北市板橋區大觀路3段208號","核准設立"
"31868028","民生胡商行","臺北市松山區民生東路4段94號","核准設立"
"37838085","皇羿企業社","宜蘭縣員山鄉員山村員山路一段100巷15弄22號一樓","核准設立"
"36917060","幸福手工餅乾","高雄市前鎮區育樂路１８巷３８號３樓","歇業／撤銷"
"26171204","泊飛商行","新北市新店區中正路530號3樓","核准設立"
"41027904","黃海企業社","桃園市桃園區同德里中正路1165號7樓","核准設立"
"26428818","麥凡樂商行","臺南市新市區新和里中山路274號","歇業／撤銷"
"38511875","慈購網實業社","臺北市士林區中山北路7段165號3樓之5","核准設立"
"38580106","及第貿易商行","臺北市中山區中山北路2段85巷15號","核准設立"
"39841987","雲易國際貿易社","臺中市西屯區福林里臺灣大道四段１２７０號２樓之７","核准設立"
"26541781","芝庭企業社","新北市中和區南山路183之3號","歇業／撤銷"
"41100778","阿胖烘焙屋","新北市樹林區保安街1段257號","核准設立"
"39811983","禾品家企業社","臺中市太平區長億里永安街６６巷２０號１樓","核准設立"
"01735613","竹的食堂","桃園市桃園區成功里自強路57號1樓","核准設立"
"40797812","玩美女孩市集網路品牌開發行銷企業社","屏東縣屏東市新生里復興南路一段33號2樓","核准設立"
"10971927","勤美誠品飲料店","臺中市西區忠明里美村路一段81號1樓","歇業／撤銷"
"39784493","好安心藥局","南投縣埔里鎮南門里中山路二段327號","核准設立"
"38987246","灣麗小吃店","苗栗縣苑裡鎮山腳里7鄰彎麗路99號2樓","歇業／撤銷"
"25747526","星農場實業","嘉義縣民雄鄉三興村陳厝寮1之4號1樓","核准設立"
"46665606","燈燦?油行","新竹市北區中興里北門街119號一樓","核准設立"
"40998141","統友百貨商行","基隆市七堵區福五街50號1樓","核准設立"
"38787726","敵富朗超市","雲林縣虎尾鎮東仁里林森路一段283號1樓","核准設立"
"38818018","豆的奶酪甜點屋","苗栗縣頭份鎮後庄里20鄰信中路111號","核准設立"
"47246032","竹奇行","新竹市北區文雅里竹光路8號十一樓之3","核准設立"
"26468557","頂好冷凍食品行","高雄市三民區吉林街１３１號１樓","核准設立"
"40971261","友善種子實業社","宜蘭縣礁溪鄉二龍村淇武蘭路88-1號一樓","核准設立"
"26375066","多棻工作室","臺北市信義區富陽街60號2樓","核准設立"
"10959796","旺旺商行","彰化縣員林市中正里博愛路86號1樓","核准設立"
"99751138","世明食品原料行","新北市新店區三民路１１７巷８弄４號１樓","核准設立"
"37746065","加杏商行","臺南市北區文成里和緯路3段257號1樓","核准設立"
"37816955","義莎一六八印式商店","桃園市中壢區東興里新興路168號1-2樓","歇業／撤銷"
"37682718","大將麴企業社","屏東縣屏東市大連里豐華街120巷24號1樓","核准設立"
"26477795","福德食品行","高雄市大寮區民族路４００號","核准設立"
"31553771","采妤美容生活館","桃園市八德區大正里介壽路一段612號1樓","歇業／撤銷"
"26084530","崇德製麵廠","高雄市田寮區崇德路興德巷４號１樓","核准設立"
"52403118","永誠行","臺中市西區公民里民生路１４７號","核准設立"
"37714649","藤達興商行","嘉義縣六腳鄉蘇厝村蘇厝寮１５２號一樓","歇業／撤銷"
"41395920","鮮瑩國際企業社","新北市泰山區泰林路2段173巷2號2樓","核准設立"
"37728974","品皇咖啡原料行","臺東縣臺東市民權里中山路二五二號一樓","核准設立"
"41302269","維多麗亞百貨館","高雄市左營區新莊一路２４２號１樓","歇業／撤銷"
"31676252","和愛生技實業","新北市淡水區新民街40號13樓","核准設立"
"40545339","日月光茶行","臺中市烏日區烏日里建國路３０９號１樓","核准設立"
"42002178","安布爾生活館","宜蘭縣羅東鎮樹林里樹人路９號一樓","核准設立"
"02383616","元味賞小吃店","新北市中和區自強路18號","核准設立"
"08720848","耀得企業社","新北市板橋區僑中一街１２４巷２０弄４６號１樓","核准設立"
"26171204","泊飛商行","臺北市萬華區長泰街297巷7號","遷他縣市"
"36938706","巨和貿易行","高雄市三民區本松街７３巷２號１樓","停業"
"40998254","基宇商行","基隆市仁愛區孝二路55號1樓","核准設立"
"47388518","聖德商行","雲林縣斗六市公誠里鎮北路157號1樓","核准設立"
"39678660","揚一明企業社","苗栗縣頭份鎮蘆竹里16鄰蘆竹214之2號","核准設立"
"37587658","成翔行","臺南市安平區平安里安平路396號1樓","核准設立"
"31789951","金捷滿企業社","花蓮縣花蓮市主和里南京街70號","核准設立"
"41289189","瑞僑企業社","高雄市苓雅區泰順街６６號５樓之２","核准設立"
"34963285","泰源實業行","嘉義縣民雄鄉西安村20鄰西安路１５號","歇業／撤銷"
"26343797","佳玲食品行","臺北市松山區新中街4巷1號","核准設立"
"37587658","成翔行","臺南市安平區平安里安平路396號1樓","歇業／撤銷"
"31850765","姿瑞企業社","臺北市中山區長安東路2段36巷9號地下","核准設立"
"31842843","水噹噹的店","臺北市大安區青田街13號1樓","核准設立"
"38845325","新友實業社","臺中市大里區立德里甲園街１０１巷１３號１樓","核准設立"
"37873478","祥通商行","新北市新莊區天泉二街5號1樓","核准設立"
"31878497","山諾企業社","臺北市大安區敦化南路1段169巷8號","歇業／撤銷"
"41358072","金鴻運旅遊代訂社","基隆市安樂區麥金路421巷63-3號","核准設立"
"34763218","佑峻室內裝修業","新北市林口區自強四街16號4樓","核准設立"
"38843537","榮峰企業社","臺中市外埔區大東里甲后路新城九巷１０號一樓","核准設立"
"10987575","原味千尋休閒食品行","彰化縣員林市萬年里員水路2段421巷81號2樓","核准設立"
"31443326","泉瑑行","桃園市龜山區文化里文化二路13號","核准設立"
"26985010","趙德旺咖啡工房","臺中市北屯區大坑里東山路二段78之37號","核准設立"
"26746320","赫尼曼工作室","新北市林口區文化三路2段41巷39號13樓之1","歇業／撤銷"
"10999642","雅蜜斯牛軋堂","臺中市北區賴興里青島東街53號","核准設立"
"31866035","品睿商行","臺北市中山區復興北路288號7樓之3","核准設立"
"41094712","一七二咖啡店","新北市汐止區汐平路一段172號","核准設立"
"31698755","鑫村麻辣坊","新北市板橋區文化路2段315號(1樓)","歇業／撤銷"
"41057603","蘇記麵食館","新北市鶯歌區鶯桃路2段38號(1樓)","歇業／撤銷"
"36897629","欣統企業社","屏東縣潮州鎮三共里明仁巷36號1樓","停業"
"39862005","普遠商行","雲林縣西螺鎮福田里新厝路2之5號","停業"
"37596039","萬萬來商行","臺南市北區公園里公園南路81號1樓","核准設立"
"40743942","喬馨食品坊","臺南市安南區安富里郡安路5段164巷14弄15號1樓","核准設立"
"36917049","松財商行","高雄市鳳山區瑞興路２４７號９樓","歇業／撤銷"
"26439688","友狗棧寵物生活館","臺南市東區和平里仁和路95號之3(1樓)","核准設立"
"10969149","寶島碼頭餐飲店","臺中市南屯區向心里文心南一路2號1樓","停業"
"39821510","丞皇企業社","臺中市西區吉龍里五權一街２１號１樓","核准設立"
"41383966","旺旺美食坊","新北市林口區竹林路446巷3弄1號","核准設立"
"26555193","甜又冰復合式休閒餐飲坊","新北市貢寮區新港街26巷6之1號","核准設立"
"25216750","樂易企業社","苗栗縣竹南鎮海口里光德路2巷15號1樓","核准設立"
"37659553","布魯斯國際商行","臺東縣臺東市豐榮里仁義北路一五五號","停業"
"00249109","品富食品行","高雄市大樹區九大路６５之３號７樓","遷他縣市"
"41423279","世峰戶外用品家","桃園市中壢區普慶里6鄰環中東路809號1樓","核准設立"
"18163504","信康加藥局","屏東縣屏東市大連里建豐路二０八號一樓","核准設立"
"06486199","世峰行","臺南市北區大豐里大興街325巷56號1樓（僅供辦公室使用）","核准設立"
"31698066","維鈺素料行","新北市汐止區光明街6號","歇業／撤銷"
"40658712","大又商行","臺中市北區賴厝里梅川西路三段６６號６樓","核准設立"
"37734928","龍輝農產行","臺東縣臺東市豐田里中興路五段二六八巷十號","核准設立"
"10896012","新新商行","屏東縣枋山鄉楓港村舊庄路37之11號","歇業／撤銷"
"02423743","合記化工行","宜蘭縣冬山鄉群英村冬山路五段二九五號一樓","核准設立"
"25990514","源記食品行","高雄市前鎮區憲德市場巷31號","核准設立"
"26605145","容有企業社","桃園市楊梅區金溪里三民東路258號5樓","歇業／撤銷"
"10895549","信康美藥粧藥局","屏東縣內埔鄉龍泉村原勝路225號","核准設立"
"41069896","京陽工作坊","新北市土城區中央路1段277巷3號3樓","核准設立"
"41031267","承諺包子","桃園市大溪區一心里民權東路94巷25號1樓","核准設立"
"38864271","石頭鄉佐料行","臺中市南屯區豐樂里文心南一路１９４號１樓","核准設立"
"37591631","葍登咖啡輕食館","臺南市安平區華平里華平路425號1樓","核准設立"
"02490398","珊珊瘦身美容生活館","新北市汐止區忠孝東路297號(2樓)","核准設立"
"41100616","全通路食品行","新北市汐止區祥雲街10巷7號3樓","核准設立"
"26890957","馥嘉食品行","南投縣草屯鎮中山里碧山南路11號一樓","核准設立"
"37732294","正惠行","臺東縣卑南鄉太平村太平路五三０巷五十號一樓","核准設立"
"36913825","生命樹種子商行","高雄市三民區民孝路５９號１１樓","歇業／撤銷"
"31872260","麗昇養生館","臺北市士林區雨聲街60號","核准設立"
"45756121","祥鶴實業社","臺中市大雅區員林里大林路291巷13號1樓","核准設立"
"38706597","金品洋行","高雄市楠梓區藍昌路３９８之２１號１樓","核准設立"
"10979441","鐵山小吃部","臺中市大甲區頂店里成功路97號1樓","歇業／撤銷"
"25441742","田堯食品商行","彰化縣彰化市田中里田中路２８９號","核准設立"
"41426661","豪運發餐廳","桃園市桃園區武陵里復興路99號7樓之1","核准設立"
"41031870","光勝企業社","桃園市平鎮區平興里延平路三段2號3樓","核准設立"
"41194775","台灣國際美食推廣實業","宜蘭縣冬山鄉群英村冬山路五段321號一樓","停業"
"41067757","阿胖烘焙屋","新北市樹林區保安街1段257號","歇業／撤銷"
"15774002","超舜商行","新北市鶯歌區光明街２６、２８號１樓","歇業／撤銷"
"31858921","鬆餅公主小吃店","臺北市大安區通化街38巷11號","歇業／撤銷"
"31682542","蜜之國健康企業社","新北市汐止區新台五路1段207號11樓","停業"
"39819768","皇家耀企業社","臺中市霧峰區峰谷里峰谷路４８１號１樓","核准設立"
"37872891","阿修食品企業社","新北市永和區中正路465巷2號6樓","歇業／撤銷"
"36828953","澧古園商行","臺南市安平區石門里安北路7號1樓","核准設立"
"38722219","弟禮修斯烘焙坊","高雄市前鎮區英德街１１２號１樓","核准設立"
"38473247","蜜思禮企業社","臺北市大同區重慶北路1段22號地下之5","核准設立"
"37801720","理德寶實業社","桃園市桃園區中德里國際路一段680巷110號","核准設立"
"26983786","國保商行","臺中市北屯區平心里安順四街2號","歇業／撤銷"
"26231667","得意茶園商行","臺北市大同區大龍街89巷15之45號","歇業／撤銷"
"00182509","翔園企業社","高雄市美濃區興南街２５號１樓","歇業／撤銷"
"41375826","富田實業社","新北市鶯歌區南雅路449號","核准設立"
"10749526","美濃潤惠有機事業行","高雄市美濃區泰安里泰中路８９０號１樓","核准設立"
"25705841","長鴻國際貿易社","屏東縣佳冬鄉六根村佳和路132之5號","歇業／撤銷"
"36834646","文得實業社","臺南市歸仁區後市里大順六街32號","歇業／撤銷"
"38776636","洋房小火鍋","雲林縣斗六市鎮南里九如街69號","核准設立"
"40660914","富紳行","臺中市北區錦平里太平路９９號１樓","核准設立"
"41318234","以馬內利整體美學精品名店","高雄市鳳山區文衡路５４６號１樓","歇業／撤銷"
"13321764","明嘉洋行","高雄市岡山區大德三路１２０號１樓","核准設立"
"18163504","信康加藥局","屏東縣屏東市大連里建豐路二０八號一樓","核准設立"
"41091671","一大鍋美食館","新北市汐止區中興路150巷8之1號","核准設立"
"10920717","鎂佑企業社","南投縣草屯鎮山腳里正言街17巷18弄11號1樓","歇業／撤銷"
"37685320","誠翔企業行","屏東縣東港鎮興東里興東路49之240號","核准設立"
"38713008","山嵐食品行","高雄市三民區建興路３７０號２樓之１６","核准設立"
"37876215","仟鑫環保藥劑設備企業社","新北市新莊區思源路109巷1號","核准設立"
"17265779","啟順蔥蒜行","臺北市大同區歸綏街271號273號1樓","核准設立"
"37908531","蘭旺百貨商行","新北市板橋區大觀路2段22巷37號(1樓)","核准設立"
"36932082","帥耕企業社","高雄市大寮區力行路１９９巷１４號１樓","歇業／撤銷"
"29743017","義美化學企業社","臺北市士林區社中街458巷27號1樓","核准設立"
"38764483","中山胡麻園商行","彰化縣鹿港鎮泰興里中山路164號1樓","核准設立"
"10985302","羅馬假期餐廳","臺中市南屯區三和里黎明路二段386-8號","核准設立"
"38965833","芸想依企業社","南投縣中寮鄉永福村永平路441之3號","核准設立"
"31874773","淇妃豆子行","臺北市信義區忠孝東路5段435之1號","歇業／撤銷"
"31576161","澄漾咖啡飲料店","桃園市龜山區文化里復興北路30號一樓","歇業／撤銷"
"99914702","其鋒企業社","臺中市北區賴福里太原路２段２０６之４號５樓","核准設立"
"38863511","永安醫療用品專賣店","臺中市西屯區何厝里四川路７９之７號１樓","核准設立"
"41293959","懂寶孕嬰精品","高雄市三民區明賢街５７號","核准設立"
"38708912","吾妻幸福烘焙","高雄市鳳山區建國路三段５７號","歇業／撤銷"
"34894892","義貞企業社","花蓮縣花蓮市國強里豐村36之13號","歇業／撤銷"
"38727729","高鑫餐飲商行","高雄市鳳山區北辰街９７號","核准設立"
"38513178","興馨生活百貨行","臺北市士林區忠義街24號","歇業／撤銷"
"98914887","百韻工坊","新北市中和區中正路901號2樓之1","遷他縣市"
"39805069","大里胡麻園商行","臺中市大里區長榮里中興路二段２３３號一樓","核准設立"
"09063618","文濱文具百貨行","高雄市鳳山區文濱路１４０、１４２號１樓","核准設立"
"26546717","得意茶園商行","新北市坪林區(魚逮)魚堀路1號","核准設立"
"26344450","馬乙叔餐飲企業社","臺北市內湖區安康路246號3樓","廢止"
"00438903","光遠胡商行","高雄市鳳山區光遠路２６７號１樓","核准設立"
"41380715","誼傳食品社","新北市板橋區四川路2段245巷55弄13號2樓","核准設立"
"77552070","泰豐食品原料行","臺中市東區東英里東英九街１４９號一樓","核准設立"
"30168785","快易烘企業社","臺北市北投區明德路5號2樓","歇業／撤銷"
"26675275","亞逸食品行","新北市新莊區中和街26巷5號3樓","核准設立"
"19524251","碩豐實業社","新北市永和區福和路３２６號","核准設立"
"38880357","御品圓食尚坊","南投縣南投市振興里中興路413號1樓","核准設立"
"99338785","鮪宇行","臺北市中山區松江路140巷6之2號1樓","核准設立"
"10141958","魔幻咖啡企業行","屏東縣恆春鎮網紗里省北路300號","停業"
"21737131","雅客迷企業社","臺北市中山區四平街55號1樓","核准設立"
"10670422","信泰企業社","新北市板橋區光武街136巷3號(1樓)","核准設立"
"37867341","全來企業社","新北市板橋區三民路2段154巷14號","核准設立"
"41295794","富爾禮商行","高雄市三民區鼎山街１９６號１樓","歇業／撤銷"
"39944365","老公正銀髮用品店","臺中市大甲區庄美里興安路８號１樓","核准設立"
"10962552","黃遜耕食品行","彰化縣鹿港鎮順興里介壽路3段85號","歇業／撤銷"
"10971644","茶極飲品店","臺中市沙鹿區北勢里北勢二街10巷9號","歇業／撤銷"
"26541142","阿坤檳榔店","新北市三重區龍門路216號1樓","核准設立"
"71230405","育志澱粉工廠","臺南市善化區西關里興農路151巷41號","核准設立"
"31703390","長霖實業商行","新北市新莊區新豐街22號","歇業／撤銷"
"46243607","長榮行","新竹市北區中山里大同路１２１號","核准設立"
"38837850","璽爾雃蕬商行","臺中市西屯區福雅里福科路３６２巷２２號１樓","歇業／撤銷"
"36923372","蒙太奇咖啡館","高雄市新興區文橫二路１２１巷２８號","歇業／撤銷"
"02390314","采奕企業社","新北市永和區永和路2段57號7樓","核准設立"
"41010410","美企業社","花蓮縣吉安鄉南昌村吉興路一段27之1號1樓","核准設立"
"26961299","欣饗事成飲食店","臺中市北區賴旺里青島一街20號1樓","核准設立"
"10290210","竣宥多媒體企業社","高雄市鳳山區海洋一路６０巷３號７樓","核准設立"
"36933499","快樂服務社","高雄市三民區九如一路４５６號","核准設立"
"39947460","富美飲料店","彰化縣和美鎮和北里彰美路6段99號","核准設立"
"25488078","十三停車場","雲林縣北港鎮新街里公園路296號1樓","廢止"
"39753668","禾品企業社","臺中市北屯區平福里大連路二段２４１號１０樓","核准設立"
"37880077","勇泉企業社","新北市板橋區龍泉街121號(1樓)","歇業／撤銷"
"26995880","懿菇堡農業科技行","臺中市新社區新社里中和街四段３６８號一樓","核准設立"
"38988569","樂陶食店","苗栗縣竹南鎮大厝里新生路39號1樓","核准設立"
"37574154","金華胡商行","臺南市南區金華里金華路2段119號1樓","核准設立"
"41080288","峻陞雜糧行","新北市三峽區光明路40號","核准設立"
"26554103","弼鈞商行","新北市新莊區中正路力行巷1弄13號(1樓)","核准設立"
"39803148","河南胡麻園商行","臺中市西屯區福雅里福科路３７８號１樓","核准設立"
"31850836","玉閔行","臺北市中正區同安街99之9號1樓","核准設立"
"13501034","鼎香居烘焙原料店","新北市新莊區新泰路４０８號１樓","核准設立"
"41320724","香兒玄鋪","高雄市鳥松區山腳路１０８號２樓","核准設立"
"25468170","民晟茶業","南投縣名間鄉松柏村松柏街262號1樓","歇業／撤銷"
"41394302","一路發室內裝修設計實業社","新北市土城區延吉街296巷4號(1樓)","核准設立"
"38582033","忠孝胡商行","臺北市大安區忠孝東路3段172號","核准設立"
"41167355","吉米隆生活館","新竹縣竹北市十興里42鄰光明一路422號3F","核准設立"
"40799396","可茵山可可莊園休閒農場","屏東縣萬巒鄉萬和村復興路２之５５號","核准設立"
"37849294","菁品實業社","新竹市東區金山里金山八街108號一樓","遷他縣市"
"39826677","雅斯餐廳","臺中市南屯區田心里文心路一段１６３號１，２樓","歇業／撤銷"
"02447604","金茂商行","新北市板橋區長江路3段98號(1樓)","核准設立"
"37569151","天下日報社","臺南市中西區永華里府前路1段170號1樓","核准設立"
"37660658","福來昌商行","臺東縣臺東市自強里新生路三三九號一樓","停業"
"37660658","福來昌商行","臺東縣臺東市自強里新生路三三九號一樓","核准設立"
"26558804","琉璃頂商行","基隆市中正區砂子里調和街290巷45弄1號1樓","核准設立"
"36979115","優味鮮商行","高雄市大寮區立德路６６５巷２０弄３號１樓","核准設立"
"41015077","薑黃姐姐企業社","花蓮縣壽豐鄉壽豐村壽豐路1段59號","核准設立"
"14441372","京燕企業社","基隆市中正區調和街290巷193號","核准設立"
"41056983","協珍餅店","新北市三重區重新路3段20號(1樓)","核准設立"
"10708757","御霖藝品行","高雄市鳳山區文衡里文殿街１８號１樓","核准設立"
"26734529","千美企業社","新北市新莊區中正路706之26號8樓","停業"
"08825842","元豪記麵館","臺中市西屯區上安里青海路2段303號一樓","核准設立"
"41197294","台灣正力量企業社","宜蘭縣宜蘭市泰山路３８９號一樓","核准設立"
"38999708","有有來企業社","雲林縣水林鄉水南村新興南路40號1樓","核准設立"
"38725594","瑪利亞生活館","高雄市左營區文寧街３３０巷１號１樓","核准設立"
"38829508","豐原胡?園商行","臺中市豐原區頂街里中正路１００號一樓","核准設立"
"41080288","峻陞雜糧行","新北市三峽區光明路40號","廢止"
"36816324","立果企業社","臺南市東區崇明里中華東路3段399巷24弄6號1樓","核准設立"
"37592821","大山應用材料行","臺南市善化區光文里中山路242號4樓","核准設立"
"31850786","蜂寶暢鑫行","臺北市信義區仁愛路4段496巷15號","歇業／撤銷"
"30222556","沅銘寵物水族百貨館","桃園市中壢區後寮里環中東路二段四九五號一樓","核准設立"
"77552070","泰豐食品原料行","臺中市東區東英里東英九街１４９號一樓","核准設立"
"41061070","卡瓦烘焙坊","新北市永和區永元路105號","核准設立"
"31691373","康乃馨美容工作室","新北市蘆洲區民族路343之3號","歇業／撤銷"
"31685647","全宏食品行","新北市樹林區柑園街2段16號","核准設立"
"40548217","大里小東方烘焙材料行","臺中市大里區永隆里爽文路９１７號１樓","核准設立"
"31968357","清玉行","臺北市信義區松隆路329巷2號1樓","核准設立"
"26017701","統俗商行","高雄市楠梓區右昌街４５８號１樓","核准設立"
"39822433","馨香味企業社","臺中市太平區中興里永平路二段４７６巷８３號１樓","歇業／撤銷"
"37567415","金河實業社","臺南市安平區國平里文平路209號","核准設立"
"25323941","龍麒企業社","南投縣鹿谷鄉永隆村麒麟路21-1號","核准設立"
"26633873","康友傳統整復推拿企業社","桃園市楊梅區紅梅里中山路154號1樓","核准設立"
"41389477","一桌美好生活創意工作室","新北市淡水區文化路６３號１２樓之８","核准設立"
"37916835","家佳五金商行","新北市林口區中原街14號之1","核准設立"
"40709938","瑞麗企業社","臺南市仁德區後壁里中正路2段305號1樓","核准設立"
"25468185","弘崧茶業","南投縣名間鄉松柏村松柏街82-5號1樓","核准設立"
"26003100","柏恩商行","高雄市左營區新莊１路２８０號１３樓之１","歇業／撤銷"
"38780527","大利市商行","雲林縣北港鎮華勝里公園路19號","核准設立"
"06572048","弘達企業社","臺南市善化區坐駕里民生路413號","核准設立"
"37895016","大成利食品行","新北市土城區中央路3段248之3號","核准設立"
"31559070","唯康婦嬰生活館","桃園市平鎮區金星里中豐路南勢二段144號","核准設立"
"37582008","香料天堂企業行","臺南市永康區勝利里勝利街1巷11弄38號1樓","核准設立"
"41624640","宏明化工原料行","宜蘭縣五結鄉上四村中正路二段一一二號一樓","核准設立"
"00344906","集豐商店","基隆市中山區新生路23號","核准設立"
"34937533","千極弘商號","新竹市北區金竹里武陵路271巷120號","核准設立"
"31873367","文德胡商行","臺北市內湖區文德路13號","核准設立"
"37795369","康賜福企業社","桃園市桃園區寶慶里同德五街264號","歇業／撤銷"
"40557974","昂庭實業社","臺中市北屯區平福里崇德一路４５號１樓","核准設立"
"98914887","百韻工坊","臺北市松山區南京東路4段93號2樓","核准設立"
"31683818","元亨堂企業社","新北市三峽區文化路120巷2號1樓","歇業／撤銷"
"41070900","芝杏食業商行","新北市板橋區自由路51巷2之2號","停業"
"01630224","黑桃國際企業社","桃園市大園區田心里崁腳20-1號","核准設立"
"41070900","芝杏食業商行","新北市板橋區自由路51巷2之2號","停業"
"40646553","允豐行","臺中市中區柳川里興中街１３２之２號１樓","核准設立"
"01456267","微幸福食品商行","桃園市龜山區文化里復興北路88號1樓","核准設立"
"77114993","順德寢具百貨名店","彰化縣彰化市中央里太平街１６４號","核准設立"
"38708949","名緯企業社","高雄市仁武區澄仁西街２７５號","核准設立"
"26359621","六顆星專業外燴坊","臺北市內湖區內湖路3段365號","核准設立"
"26477752","韓舍企業行","高雄市三民區鼎山街２０１號１樓","核准設立"
"38795774","越港超市","雲林縣土庫鎮越港里林森路337號1樓","核准設立"
"80927586","巧聯禮品百貨企業社","新北市蘆洲區復興路２７７號","停業"
"41367987","金賞味食品行","新北市板橋區成都街21號(1樓)","核准設立"
"41897114","勤亨商行","宜蘭縣礁溪鄉三民村七結路24-6號","核准設立"
"01456392","雅淯食品材料行","桃園市龜山區文化里復興北路88號1樓","核准設立"
"37945796","元亨實業社","新竹縣竹北市斗崙里縣政二路１７號一樓","核准設立"
"39782994","鯉麵包達人烘焙坊","南投縣魚池鄉魚池村魚池街385號","核准設立"
"30339079","大展食品行","新竹市東區復興里經國路一段379巷10弄5號一樓","核准設立"
"10970103","天天道超級商行","臺中市北區中達里英才路170巷2之2號3樓","停業"
"38467934","泰皇悅生活養生事業館","臺北市中山區長安東路1段24號","核准設立"
"41168501","妙味軒商行","新竹縣竹北市竹北里中山路394號1F","核准設立"
"41389477","一桌美好生活創意工作室","新北市淡水區文化路６３號１２樓之８","核准設立"
"26445844","福麟食品行","臺南市佳里區建南里中和街18巷9號1樓","歇業／撤銷"
"05925564","欣記行","彰化縣彰化市興北里民生路429號","核准設立"
"41090223","宏品特賣商行","新北市永和區中正路92號","核准設立"
"39701542","永晶食品企業社","南投縣南投市漳和里文化路559巷46弄10號","核准設立"
"31700008","鮮綠家農特產行","新北市汐止區明峰街4號","核准設立"
"10958157","甜蜜相餞食品科技","彰化縣員林市振興里山?路2段522巷35號1樓","歇業／撤銷"
"41383656","愛倍商行","新北市板橋區莒光路103號","核准設立"
"26456118","甲竹貿易商行","臺南市佳里區建南里建南街142之1號","歇業／撤銷"
"26239529","福多雜糧行","臺北市大安區新生南路1段137巷9之1號","核准設立"
"38503636","竹子米兒咖啡","臺北市中山區民生東路2段115巷24號1樓","核准設立"
"10670422","信泰企業社","新北市板橋區光武街136巷3號(1樓)","核准設立"
"36817554","創薪點子行銷工坊","臺南市東區崇明里中華東路3段357巷29號","核准設立"
"37565394","在地臺灣名產店","臺南市山上區山上里40之1號1樓","歇業／撤銷"
"38787606","鈕津企業社","雲林縣土庫鎮西平里民權路172之5號1樓","歇業／撤銷"
"39997192","盛珍蔬?行","金門縣金城鎮東門里民族路34號","核准設立"
"37868812","鈞富商行","新北市三重區介壽路39巷24號","歇業／撤銷"
"37807718","多多綠生活館","桃園市八德區大勇里忠勇五街10號2樓","核准設立"
"09345292","上美味商行","臺中市南屯區文山里嶺東路370巷32號1樓","核准設立"
"09063618","文濱文具百貨行","高雄市鳳山區文濱路１４０、１４２號１樓","核准設立"
"26484634","良方企業社","高雄市三民區民族一路３０１巷３８號１樓","歇業／撤銷"
"37758358","銘鎮商行","基隆市中山區新生路25號1樓","核准設立"
"40863093","康禾生技企業社","臺南市永康區西橋里中山南路43巷37弄12號","核准設立"
"38964898","喜信園企業社","南投縣埔里鎮北門里中山路二段183號","核准設立"
"36946749","恒軒資訊科技","高雄市三民區中都街１巷６號１樓","歇業／撤銷"
"26621927","壹零壹複合式書坊","桃園市楊梅區永寧里環南路101號1樓","歇業／撤銷"
"58392308","亞爾基神聖生物科技藥行","彰化縣彰化市卦山里公園路一段三五三之一號","核准設立"
"14906408","宜承實業社","宜蘭縣五結鄉成興村成興路一二之二號一樓","核准設立"
"01520839","一合珍烘焙坊","桃園市八德區大義里義勇街15號1樓","核准設立"
"41316989","子淩企業行","高雄市三民區吉林街５７巷３５號１樓","核准設立"
"26546527","健營美營養食品專賣店","新北市中和區中正路1207號5樓之2","核准設立"
"37699886","大成吉禎寶堂企業社","嘉義市西區新富里西榮街２４號一樓","停業"
"37707345","大利市商行","嘉義市東區中山里民權路７６號一樓","核准設立"
"10990071","賞味工坊","臺中市南區樹義里福田二街338號1樓","停業"
"26478099","偉暉企業行","高雄市左營區重惠街８８號８樓","核准設立"
"09729641","沅德企業社","新北市深坑區北深路３段２７０巷１１號２樓","核准設立"
"31677132","巨發行","新北市汐止區伯爵街14巷12號7樓","歇業／撤銷"
"31693061","佳聖食品行","新北市中和區建二路157號","遷他縣市"
"36931491","聚寶盆商行","高雄市旗津區永興巷８７號１樓","核准設立"
"41289033","乃師企業行","高雄市新興區復興一路６３號１１樓之２","核准設立"
"41366072","愛源商店","新北市新莊區瓊泰路２０５號（１樓）","核准設立"
"36894355","立盛企業行","屏東縣屏東市新興里復興南路一段341之1 號1樓","核准設立"
"26485325","唯飲飲品店","高雄市新興區新田路１２３號１樓","核准設立"
"14429314","伸品牙科材料行","臺中市霧峰區本堂里成功路３０１巷２號限１樓","歇業／撤銷"
"38456802","武藏野小吃店","臺北市中山區長安東路2段232號","核准設立"
"41315601","恩信國際貿易企業行","高雄市仁武區八德南路１００巷８弄２號","核准設立"
"37562158","瓜瓜泡菜","臺南市南區文南里金華路2段289巷5弄21號1樓","歇業／撤銷"
"38656338","淨美學企業社","高雄市左營區南屏路２２３號１樓","核准設立"
"17856036","明吉企業行","高雄市苓雅區興中２路１２２號","核准設立"
"34778021","胡麻園商行","新北市新莊區幸福路707號(1樓)","核准設立"
"40548976","珠兒創藝設計室","臺中市北區長青里天津路一段１２２號１樓","核准設立"
"40743909","山林香小吃店","臺南市中西區民權里民權路3段197號1樓","核准設立"
"13790689","禾泰什糧行","新北市新莊區福樂街１２號２樓（現場僅供辦公室使用）","核准設立"
"26977031","金堆企業社","臺中市豐原區豐原里豐中路70號1樓","核准設立"
"41461673","昱鑫行銷商行","花蓮縣鳳林鎮林榮里林榮路38之1號","核准設立"
"26538961","翻箱搗櫃企業社","新北市土城區中州路3巷42弄3號","核准設立"
"38700931","樂事多商行","高雄市新興區南華路１９８號","歇業／撤銷"
"26725866","法漾西點咖啡屋","新北市中和區南華路17之1號","歇業／撤銷"
"41368037","甦活食品","新北市林口區民族路199號6樓","核准設立"
"37559365","千田商行","臺南市永康區西勢里富強路1段279巷31弄1號1樓","核准設立"
"31831629","蜂寶暢順行","臺北市中山區建國北路3段81巷11號","歇業／撤銷"
"38460432","雙西廚房","臺北市士林區至善路3段77號(1樓)","歇業／撤銷"
"68297802","利泰香料行","臺南市永康區五王里成功路222號1樓","核准設立"
"87831853","成和商行","南投縣南投市南營路二七四巷一一號","核准設立"
"37886255","月桂香食品行","新北市新莊區化成路113巷84號","核准設立"
"94026236","中興企業社","花蓮縣花蓮市國華里博愛街277號1樓","核准設立"
"26234714","可可娜食品行","臺北市內湖區康寧路3段189巷157弄22號","列入廢止中"
"26768479","彩虹狗寵物社","新北市板橋區漢生西路165巷50號","核准設立"
"37848859","光復胡商行","新竹市東區仙水里光復路一段505號一樓","核准設立"
"10921188","廣仁生技行","南投縣水里鄉北埔村中山路一段562號一樓","停業"
"40800231","勻豐企業社","屏東縣潮州鎮永春里光春路７７號一樓","核准設立"
"40990767","偉盟國際企業社","新竹市北區客雅里中和路136巷14號一樓","核准設立"
"38832665","上富和群投資顧問企業社","臺中市西屯區何源里華美西街二段３１１號９樓之３","核准設立"
"14163779","詠統農產行","雲林縣莿桐鄉甘西村中村路1之3號1樓","核准設立"
"26786440","歡喜就好企業社","宜蘭縣宜蘭市延平里延平路50之32號一樓","核准設立"
"02863018","葉記西點原料行","新竹市北區金雅里鐵道路二段二三一號","核准設立"
"41328351","喜達軒飲料店","高雄市前鎮區二聖一路８３號１樓","核准設立"
"40863093","康禾生技企業社","臺南市永康區西橋里中山南路43巷37弄12號2樓","核准設立"
"41335310","川翔企業社","高雄市三民區十全二路４號１樓","核准設立"
"00657245","五華商行","高雄市美濃區福安街１５巷２４之１號","核准設立"
"99455299","富育企業社","桃園市桃園區汴洲里峨眉一街63號","核准設立"
"26371527","豐餘洋行","臺北市士林區中山北路7段72號","停業"
"64223506","宏光書局","雲林縣土庫鎮宮北里中正路230號1樓","核准設立"
"31402084","品甜蛋糕舖","桃園市中壢區舊明里中山路369號","歇業／撤銷"
"38673033","榮均企業社","高雄市鼓山區明華路３３７號８樓","遷他縣市"
"36821614","航家水族寵物館","臺南市永康區?行里中正南路628號","歇業／撤銷"
"38726361","薑道工坊","高雄市鳳山區東門街７２號１樓","核准設立"
"01905378","昇燿商行","新北市鶯歌區文昌街14號1樓","核准設立"
"39816452","翊昀商行","臺中市沙鹿區清泉里東海路１２－６號","歇業／撤銷"
"98809203","泓明香料行","臺南市東區自強里中華東路2段243巷18號1樓","核准設立"
"38462163","南昌胡商行","臺北市中正區南昌路1段65號1樓","核准設立"
"02405870","淡水宇成商行","新北市淡水區中山北路1段76號","核准設立"
"26728929","志聖事業養生專賣店","新北市三重區環河南路221巷44號1樓","核准設立"
"39965282","美美百貨商行","基隆市安樂區基金一路135巷11-1、11-2號2樓","核准設立"
"37681437","力金咖啡行","屏東縣屏東市大武里建南路137號1樓","核准設立"
"31559304","美獻堂生技企業社","桃園市八德區大強里東勇街400巷4弄54號1樓","核准設立"
"74961657","仙湖農場","臺南市東山區南勢里大洋6之6號","核准設立"
"45839489","寶格曼經典美研館","臺中市東區旱溪里自由路三段316號1樓","核准設立"
"34842348","福峰食品企業社","桃園市桃園區大豐里大豐路一○九號一樓","歇業／撤銷"
"37715339","凱?餐飲部","嘉義縣中埔鄉和美村後庄190之7號1樓","核准設立"
"26940773","雅米麵包坊","彰化縣北斗鎮新政里三民街69號1樓","歇業／撤銷"
"41315601","恩信商行","高雄市仁武區八德南路１００巷８弄２號","核准設立"
"38847180","東海化工原料行","臺中市南屯區豐樂里永春東二路１５９號１樓","歇業／撤銷"
"26458517","鮮果蒻企業社","臺南市新市區港墘里中山路78巷9號1樓","歇業／撤銷"
"36827384","黑麻麻雜貨屋","臺南市新化區竹林里中山路376巷3號","歇業／撤銷"
"02422435","雨園企業社","新北市土城區順風路38號5樓","核准設立"
"39830659","茂昌醫療器材","臺中市龍井區三德里中央路二段５７號１樓","歇業／撤銷"
"26809534","慶宥商行","臺中市北屯區三和里東光路894號5樓之2","歇業／撤銷"
"37608957","哇軋力共店","臺東縣東河鄉都蘭村都蘭路八十九號","核准設立"
"37757668","糰糰商行","基隆市信義區東明路55巷53號","核准設立"
"41306096","岡山養生商行","高雄市岡山區岡山路２５０號１樓","核准設立"
"36928398","皇冠商行","高雄市前鎮區德昌街５巷１０之４號","核准設立"
"40831065","利誠自然農場企業社","臺東縣臺東市康樂里康樂路二三八號","核准設立"
"31790182","喜願行","花蓮縣玉里鎮中城里興國路1段193號2樓","核准設立"
"31684372","小太陽食品行","新北市汐止區明峰街297巷3弄1之1號2樓","核准設立"
"25998430","壬子泉企業社","高雄市三民區明誠１路１７２號１樓","停業"
"41053698","金永食品商行","新北市蘆洲區仁愛街62巷20號(1樓)","核准設立"
"37684048","久留米企業社","屏東縣屏東市崇蘭里崇武路123號","核准設立"
"31954419","修修雯雯冰品甜品店","臺北市信義區忠孝東路5段486號(1樓)","核准設立"
"10969112","東山食品店","臺中市北屯區東山里東山路2段60-2-1號1樓","核准設立"
"01542159","正裕企業社","桃園市桃園區同德里中埔五街1巷7號1樓","核准設立"
"41061661","精磊生技","新北市淡水區文化路63號2樓之2","核准設立"
"25482433","金寬富商號","南投縣埔里鎮鐵山里鐵山路120巷2號","核准設立"
"26004229","飛越企業社","高雄市左營區光興街５８巷２０號５樓","停業"
"38756239","享運蚤寶商行","彰化縣彰化市光復里中正路1段429號1樓","核准設立"
"38671675","建工胡商行","高雄市三民區建工路５９３號１樓","核准設立"
"26608662","光雅企業社","桃園市桃園區龍壽里中山路一三三０之七號一樓","核准設立"
"40985574","尚賓企業社","新竹縣竹北市北崙里博愛街149巷5號","核准設立"
"36894355","立盛企業行","屏東縣屏東市新生里復興南路一段285號1樓","核准設立"
"37712234","上勝商號","嘉義縣太保市安仁里祥和三路東段2號","核准設立"
"25735021","米開朗農產行","臺東縣池上鄉福原村文化路二一一之五號","核准設立"
"26249408","雙麗得企業社","臺北市文山區光輝路9之1號","歇業／撤銷"
"34841636","永發包子早餐店","桃園市中壢區新明里民權路一一九之三號","核准設立"
"31693061","立民食品行","桃園市龍潭區烏林里工五路191巷67弄71號","核准設立"
"26817020","仟賀食品行","臺中市大甲區朝陽里新政路7號1樓","歇業／撤銷"
"41020959","家佳百貨行","桃園市中壢區過嶺里民族路五段354、356號1樓","核准設立"
"41397130","中環茶餐廳","新北市林口區中山路２４８號地下一層２號","核准設立"
"38565956","以便以謝國際商行","臺北市北投區榮華三路43號2樓","核准設立"
"38733503","香格企業社","高雄市三民區大豐二路１１６之８號７樓","核准設立"
"39819710","金鼎軒國際商行","臺中市大肚區遊園路一段２０７號","歇業／撤銷"
"41365340","佳千企業社","新北市蘆洲區中山一路284號10樓","核准設立"
"41061661","精磊生技","新北市淡水區文化路63號2樓之2","核准設立"
"38663035","吾甲胡商行","高雄市鳳山區五甲二路４１０號１樓","歇業／撤銷"
"36906373","翟姐企業社","高雄市鳳山區武慶里漢慶街９６巷１４號一樓","核准設立"
"26561189","水泱企業社","基隆市中正區義二路159號1樓","停業"
"26999675","山心七意美學精品館","臺中市南屯區大同里大進街54號1樓","核准設立"
"17856036","明吉企業行","高雄市苓雅區興中２路１２２號","核准設立"
"38934939","富佳香食品原料行","彰化縣埔心鄉義民村員鹿路2段152號1樓","歇業／撤銷"
"37999928","庭羽企業社","花蓮縣花蓮市國威里民國路159號2樓","歇業／撤銷"
"26762550","雲采齋","新北市淡水區中山北路1段259號21樓之6","核准設立"
"41073998","國哲行","新北市三重區環河南路246之1號","核准設立"
"40656209","朴子義成實業社","臺中市南屯區大誠里精誠路６７０號二樓","核准設立"
"31877498","上億企業社","臺北市北投區行義路138號4樓","歇業／撤銷"
"38711260","日昌富商行","高雄市新興區五福二路１９２號１２樓之１","核准設立"
"92928569","三魚食品行","宜蘭縣三星鄉雙賢村三星路六段75巷76號","核准設立"
"13656661","長高中藥房","宜蘭縣宜蘭市東門里聖後街八七號一樓","核准設立"
"26550520","菩提素食商店","新北市新莊區五工三路94巷32號","歇業／撤銷"
"38695135","莎爸企業行","高雄市鳳山區海洋一路６１號","核准設立"
"26474360","魔法商行","高雄市左營區新莊１路４２１號１樓","歇業／撤銷"
"37813351","冠吉生技食品行","桃園市桃園區豐林里南豐三街12號1樓","停業"
"41462407","富豐國際商業企業社","花蓮縣吉安鄉仁里村仁里八街115巷4號1樓","核准設立"
"02406239","茱蒂漢堡店","新北市新店區中興路3段191號","核准設立"
"41333853","京順企業社","高雄市大樹區中山路９０號１樓","核准設立"
"02383643","山石化工原料行","宜蘭縣宜蘭市民權里自強路九號一樓","核准設立"
"48856882","旺來精品商行","新北市中和區橋和路90號8樓","核准設立"
"18174087","勝岳藥膳茶品企業社","桃園市大溪區仁武里介壽路８８４巷１號１樓","核准設立"
"25934289","美嘉美國際商行","高雄市三民區鼎泰街９５之１４號","停業"
"31709697","崧芸企業社","新北市永和區竹林路119巷22弄12號2樓","歇業／撤銷"
"39762738","佳佳工坊","彰化縣員林市黎明里南昌路39號","核准設立"
"26370034","滷智深食品行","臺北市大同區延平北路2段250巷9號3樓","歇業／撤銷"
"26230323","翔妮美容坊","臺北市松山區民生東路4段87號2樓","歇業／撤銷"
"37595735","法利達企業社","臺南市永康區東橋里東橋十街116、118號1樓","核准設立"
"31716923","原玖百貨商行","新北市汐止區建成路39號","遷他縣市"
"34977507","康健醫療運動器材行","嘉義市西區國華里文化路１９１號一樓","歇業／撤銷"
"41078380","一五七咖啡館","新北市永和區永和路2段157巷2弄2號","核准設立"
"36815280","鑫鴻典精品皮飾?賣店","臺南市永康區?行里中正七街53號1樓","歇業／撤銷"
"41065771","這係韓企業社","新北市新莊區和平里思源路419巷1弄25號2樓","停業"
"38832665","上富和群投資顧問企業社","臺中市西屯區何源里華美西街二段３１１號９樓之３","歇業／撤銷"
