﻿"統一編號","商業名稱","商業地址","登記狀態"
"00348348","可佳食品行","高雄市前鎮區佛公路１２３巷１０號","核准設立"
"02315224","五福豆腐","新北市土城區明?街14號6樓","核准設立"
"02340510","姆姆行銷商行","新北市新莊區思源路４２巷３號之２","核准設立"
"06929814","陳品潔生技興業社","高雄市新興區大明里中正４路５３號４樓之１２","停業"
"08594146","純香食品行","臺北市內湖區南京東路6段330巷18弄15號2樓","核准設立"
"09594236","上等商行","高雄市鳳山區鎮北里鳳仁路９２之１５號１樓","核准設立"
"09852727","祥奘健康生活館","新北市新店區復興路４３巷６弄１號１樓","歇業／撤銷"
"10116521","翊芳珍食品行","臺南市仁德區太子里太子路40號1樓","核准設立"
"10116521","翊芳珍食品行","臺南市仁德區太子里太子路40號1樓","核准設立"
"10147340","晉德食品廠","高雄市燕巢區安招里安林四街６５號１樓","核准設立"
"10843450","聖祥素食加工廠","臺南市永康區東橋里中正路217巷3弄11號","核准設立"
"10844319","元福製餡工廠","臺南市麻豆區麻口里麻豆口5之10號","核准設立"
"10887225","山明企業行","屏東縣屏東市橋南里工業路24號","列入廢止中"
"17166476","合源豆腐","嘉義縣大林鎮平林里中正路230巷2弄71號","核准設立"
"17245628","吉加利商行","臺南市永康區尚頂里中正南路220巷10號1樓","核准設立"
"17299855","中鎂食品行","彰化縣溪湖鎮中山里成功路田巷８４號","核准設立"
"17299855","中鎂食品行","彰化縣溪湖鎮中山里成功路田巷８４號","核准設立"
"17299855","中鎂食品行","彰化縣溪湖鎮中山里成功路田巷８４號","核准設立"
"17299855","中鎂食品行","彰化縣溪湖鎮中山里成功路田巷８４號","核准設立"
"17813038","合力食品社","新北市樹林區民權街5巷19弄18號(1樓)","核准設立"
"17939043","阿萬之家臘味","宜蘭縣五結鄉利澤村利成路二段60巷20號一樓","核准設立"
"17939043","阿萬之家臘味","宜蘭縣五結鄉利澤村利成路二段60巷20號一樓","核准設立"
"25258147","久代食品加工廠","雲林縣莿桐鄉義和村一Ｏ鄰三和三九之一一號一樓","核准設立"
"25485728","豪家味食品行","雲林縣北港鎮共榮里民榮街13號","歇業／撤銷"
"25495535","品欣食品行","雲林縣斗六市鎮西里雲林路二段56號","核准設立"
"25509221","和達人食品店","臺北市萬華區西園路1段314之2號","核准設立"
"25852998","豐田食品行","臺東縣臺東市豐田里豐田路二０八巷十四號","核准設立"
"25983844","宏珍企業社","高雄市燕巢區安招里安林四街７號１樓","歇業／撤銷"
"26194419","川順豆腐店","新北市三重區中正北路147號5樓","歇業／撤銷"
"26352922","漫動作咖啡館","臺北市中山區中山北路1段33巷20弄6號","核准設立"
"26501704","東湧企業行","連江縣東引鄉中柳村42號","核准設立"
"26501704","東湧企業行","連江縣東引鄉中柳村75號","核准設立"
"26529007","再興豆腐坊","新北市五股區民義路1段287巷27之1號","核准設立"
"26543900","村野企業社","新北市板橋區富山街38巷5弄2號","廢止"
"26612286","富運商業顧問企業社","桃園市龜山區幸福里幸福十五街十五號三樓","廢止"
"26738285","卓記餅舖","新北市三重區中正北路508巷47號(3樓)","核准設立"
"29337334","柏陞資訊行","新竹縣竹北市莊敬三路116號","核准設立"
"29337334","柏陞資訊行","新北市新店區碧安街１１巷１１號２樓（現場僅供辦公室使用）","遷他縣市"
"31435281","麥之田食品屋","新北市五股區五工二路106巷5號(3樓)","核准設立"
"31596526","太春食品加工廠","新竹縣竹北市溪州里新溪街318巷2號","核准設立"
"34768207","詮國豆花社","新北市蘆洲區光華路54巷3號2樓","歇業／撤銷"
"34927394","金仁蘭花干","桃園市大溪區瑞源里員林路三段155巷60號","歇業／撤銷"
"36747241","鑫安商行","臺東縣臺東市新生里仁三街二十四號","廢止"
"36747241","鑫安商行","臺東縣臺東市新生里仁三街二十四號","核准設立"
"36747241","鑫安商行","臺東縣臺東市新生里仁三街二十四號","列入廢止中"
"36950715","芳哲企業社","高雄市路竹區大社路１３４巷８號","核准設立"
"37740034","傳香臭豆腐","嘉義縣新港鄉埤子村埤子頭54之30號","核准設立"
"37740034","傳香臭豆腐","嘉義縣新港鄉埤子村埤子頭54之30號","核准設立"
"37813036","光明齋商行","桃園市桃園區西埔里富國路717巷12之4號","核准設立"
"37885278","翊飛企業社","新北市八里區龍米路1段246號5樓之1","核准設立"
"38473540","王沅真企業社","臺北市大同區華陰街81號1樓","歇業／撤銷"
"38785240","維也納咖啡","雲林縣斗六市忠孝里三民路10號","核准設立"
"38793086","禾耕豐農產加工","雲林縣元長鄉潭東村瓦?路35之1號","核准設立"
"38795508","寬記食品行","雲林縣莿桐鄉莿桐村中正路1之35號1樓","核准設立"
"38796507","三和食品商行","雲林縣莿桐鄉義和村三和120號","核准設立"
"38796561","兆辰商行","雲林縣莿桐鄉甘西村中村3之2號","核准設立"
"38824855","工夫傳統食品工坊","臺中市北區賴厝里北平路二段３０巷６之２號","核准設立"
"38834333","旺得福手工麵點專賣店","臺中市豐原區南陽里南陽路４０１號１樓","歇業／撤銷"
"38927661","順發農產行","彰化縣竹塘鄉竹林村竹鹿路保安巷18號1樓","核准設立"
"38928063","楊建三萬豆食品廠","彰化縣永靖鄉永北村水尾路134號","核准設立"
"38928063","楊建三萬豆食品廠","彰化縣永靖鄉永北村水尾路134號","核准設立"
"39712359","宜泰豆皮行","雲林縣二崙鄉定安村田寮路3之8號1樓","核准設立"
"39766278","雅仕茵生技食品行","彰化縣彰化市阿夷里建國北路218號2樓","核准設立"
"39766278","雅仕茵生技食品行","彰化縣彰化市阿夷里建國北路218號","核准設立"
"39861483","峰妙商行","雲林縣西螺鎮埤頭里埤頭75之5號","核准設立"
"39861483","峰妙商行","雲林縣西螺鎮廣福里大同路95之2號1樓","核准設立"
"39970659","戀人風味館","宜蘭縣礁溪鄉大忠村五?路18號","核准設立"
"40655320","新閒生活企業社","臺中市北區建德里國豐街６２巷７號１樓","核准設立"
"40655320","新閒生活企業社","臺中市北區建德里國豐街６２巷７號１樓","核准設立"
"40790108","俊利企業行","屏東縣麟洛鄉新田村民族路新圍巷22之1號","核准設立"
"40832607","金鎮禾麥創意烘焙坊","臺東縣東河鄉都蘭村都蘭一七０號","核准設立"
"41001952","宗源商行","基隆市暖暖區源遠路226巷38號7樓","歇業／撤銷"
"41001952","宗源商行","基隆市暖暖區源遠路226巷38號7樓","核准設立"
"41011229","雅芬芳企業社","花蓮縣花蓮市主安里中正路168巷170之1號","核准設立"
"41011229","雅芬芳企業社","花蓮縣花蓮市主安里中正路168巷170之1號","核准設立"
"41011229","雅芬芳企業社","花蓮縣花蓮市主安里中正路168巷170之1號","停業"
"41042118","順安豆腐","桃園市觀音區新坡里15鄰張厝171號","核准設立"
"41075193","有紋小商鋪","新北市新店區中央路133巷13號","核准設立"
"41075927","米菲烘焙工作室","新北市瑞芳區一坑路351號","核准設立"
"41075927","米菲烘焙工作室","新北市瑞芳區一坑路351號","核准設立"
"41223429","金山二十六食品商行","新竹市東區金山里金山街26號","核准設立"
"41223429","金山二十六食品商行","新竹市東區金山里金山街26號","歇業／撤銷"
"41296891","昱群實業社","高雄市大寮區琉球路４３之５２號","核准設立"
"41298357","明和食品行","高雄市鳳山區林森路３２９巷２７號","核准設立"
"41375564","呈杏坊","新北市中和區景平路792號11樓","核准設立"
"41375564","呈杏坊","新北市中和區景平路792號11樓","核准設立"
"42020680","吉城熱炒小吃店","新北市三峽區復興路179號","核准設立"
"42020680","吉城企業社","新北市三峽區復興路179號","核准設立"
"42231171","王仔旺來酥企業社","新北市新莊區泰順街6巷7之4號","核准設立"
"04946303","復興豆腐廠","臺北市南港區研究院路1段66巷5號","歇業／撤銷"
"06187869","三川農產加工廠","雲林縣北港鎮番溝里番溝100之16號1樓","核准設立"
"06187869","三川農產加工廠","雲林縣北港鎮番溝里番溝一四八之三號","核准設立"
"06193026","春豐食品廠","雲林縣元長鄉西莊村西庄路二四號","核准設立"
"06625306","翔順豆腐店","臺南市永康區勝利里勝利街180號","核准設立"
"08327198","永豐豆腐店","臺中市神岡區岸裡里大豐路五段３８５號","核准設立"
"10220279","聯銚商行","高雄市左營區自由三路１０１巷１２號１樓","核准設立"
"10826537","力鑫食品行","臺東縣臺東市新生里仁三街二十四號","歇業／撤銷"
"10845751","東興食品加工實業社","臺南市永康區南灣里南興路2巷1之1號","核准設立"
"10901232","金桃本味坊","雲林縣西螺鎮漢光里平和南路188號1樓","核准設立"
"10901232","金桃食品行","雲林縣西螺鎮漢光里平和南路188號1樓","核准設立"
"10929978","德成企業社","臺中市豐原區南嵩里水源路坪頂巷２４－２５號１樓","核准設立"
"10992388","風林小舖","臺中市新社區福興里民裕32之3號","核准設立"
"13955160","萬益農產行","彰化縣大村鄉加錫村加錫二巷5-1號","核准設立"
"14768910","六合食品企業社","嘉義縣竹崎鄉灣橋村灣橋八四號一樓","核准設立"
"14768910","六合食品企業社","嘉義縣竹崎鄉灣橋村灣橋八四號一樓","核准設立"
"21505420","馬奇克咖啡館","新北市中和區建八路２８號","廢止"
"21505420","馬奇克咖啡館","新北市中和區建八路２８號","申覆（辯）期"
"21579689","永騰工業社","新北市三重區中正北路３１７巷２７號","歇業／撤銷"
"21764312","花見糖果號","臺北市文山區景興路85巷7號4樓","歇業／撤銷"
"25789840","邱方工作室","臺南市永康區龍潭里龍安街316號2樓","核准設立"
"25853997","樂豆食品坊","臺東縣臺東市民族里南京路三十三號","歇業／撤銷"
"26365665","啡比尋茶咖啡店","臺北市大安區大安路1段83巷14號","核准設立"
"26431953","牧場工坊","臺南市北區長榮里長榮路5段5號1樓","歇業／撤銷"
"26621089","薪峰豆干店","桃園市大溪區瑞源里1鄰番子寮36之67號","核准設立"
"26753519","振發食品行","新北市三重區頂崁街217巷8號(1樓)","核准設立"
"26930655","世星企業社","彰化縣和美鎮大霞里彰和路3段482巷146號","核准設立"
"26974549","久品威食品行","臺中市豐原區西湳里葫蘆墩一街208號1樓","核准設立"
"33008209","大成食品工廠","新北市板橋區松柏街３６巷５號","核准設立"
"34816587","金陵豆干廠","桃園市平鎮區北興里金陵路二段三七九巷四五號","核准設立"
"36951144","三禾農產行","高雄市路竹區新生路２０５巷４３號","停業"
"37547306","新生豆腐店","新北市淡水區新生街２０之６號１樓","核准設立"
"37567288","蕾聚工作室","臺南市永康區?行里新中街285號1樓","停業"
"37567288","蕾聚工作室","臺南市永康區?行里新中街285號1樓","核准設立"
"37742856","滿記實業社","臺南市永康區安康里中華西街142號1樓","核准設立"
"37877571","豆品香企業社","新北市三重區中興北街235號","核准設立"
"38496564","老麵團食坊","臺北市萬華區和平西路3段61號(1樓)","核准設立"
"38510073","為薪企業社","臺北市中山區復興北路400號3樓之2","核准設立"
"38705470","台醬生物科技廠","高雄市燕巢區安林二街１３號１樓","核准設立"
"38726469","美香濃興業","高雄市美濃區民生路６３號","核准設立"
"38928351","豪均企業社","彰化縣埔鹽鄉打廉村埔打路1巷10-3號","核准設立"
"38962218","宏鑫商行","南投縣草屯鎮中原里坪腳巷10之1號","核准設立"
"38963461","黃顏豆腐店","南投縣埔里鎮西門里梅子路６０號","核准設立"
"38963461","黃顏豆腐店","南投縣埔里鎮西門里梅子路６０號","核准設立"
"39678155","紅瓦厝創意生活美食館","苗栗縣後龍鎮灣寶里1鄰圪仔內3-5號","核准設立"
"39768120","廣友農產行","彰化縣大村鄉加錫村加錫二巷5號","核准設立"
"39845999","杏福農莊國際商行","臺中市南屯區永定里黎明路二段７１巷３４號１樓","歇業／撤銷"
"40304606","福利豆腐製造工廠","宜蘭縣宜蘭市北津里吳沙路一０號","歇業／撤銷"
"40610149","宜品商行","臺中市西區中興里美村路一段１６６號１樓，２樓，地下室","核准設立"
"40648757","如善園商行","臺中市西區昇平里華美街１３１－２號","停業"
"40648757","如善園商行","臺中市西區昇平里華美街１３１－２號","核准設立"
"40743632","寶島豆花","臺南市歸仁區八甲里大仁八街11號","核准設立"
"40800181","良豆記食品","屏東縣內埔鄉富田村富豐路327號","核准設立"
"40800181","良豆記食品","屏東縣內埔鄉富田村富豐路327號","核准設立"
"40862171","綠廷企業社","臺南市安南區東和里環館三路13巷30弄58號1樓","核准設立"
"40871501","黑田手作企業社","臺南市東區仁和里仁和路139巷51弄26之1號1樓","核准設立"
"41015626","詰源堂","花蓮縣花蓮市主信里中正路418號1樓","核准設立"
"41300993","好客庄企業社","高雄市美濃區中興路一段４７號１樓","核准設立"
"41324427","大丸山東饅頭","高雄市湖內區中正路２段３０１號","核准設立"
"41324427","大丸山東饅頭","高雄市湖內區中正路２段３０１號","核准設立"
"41365806","九兆軒食品坊","新北市淡水區自強路48之1號7樓","核准設立"
"42164335","大丸包子饅頭","新竹縣竹北市中正西路116號1F","核准設立"
"42230264","禾乃川農產食品行","新北市三峽區清水街317號","核准設立"
"43794064","日益豆腐店","桃園市桃園區大興里雙?路58巷14號1樓","核准設立"
"45515735","明鼎益興業社","雲林縣西螺鎮大新里大新七九號一樓","核准設立"
"45602652","華城食品行","雲林縣西螺鎮公?里三源一八九之一號一樓","核准設立"
"45771782","佳味珍農產行","雲林縣西螺鎮埤頭里埤頭35之2號","核准設立"
"45774697","金桃食品工廠","雲林縣西螺鎮漢光里平和南路188號1樓","歇業／撤銷"
"45861138","禾豐食品行","臺中市北區健行里健行路692-3號1樓","歇業／撤銷"
"47234578","新豐草農產行","雲林縣崙背鄉草湖村草湖134之60號","核准設立"
"47351147","米福小鋪","南投縣竹山鎮中山里集山路三段1199號","核准設立"
"47351147","米福小鋪","南投縣竹山鎮中山里集山路三段1199號","核准設立"
"47366330","明?豆腐店","彰化縣員林市中東里山腳路5段87號","核准設立"
"47660116","三緣創皂館","高雄市林園區東林東路２６號２樓","核准設立"
"49102503","黃家豆腐坊","苗栗縣銅鑼鄉福興村平陽路25號","核准設立"
"51444344","泉豐食品工廠","臺中市南屯區田心里南屯路二段５９０號","核准設立"
"52436429","禾達昇行","臺中市北屯區平安里北平路四段２２號１樓","核准設立"
"52436429","禾達昇行","臺中市北屯區平安里北平路四段２２號１樓","歇業／撤銷"
"73713173","永發食品廠","臺南市仁德區保安里開發一路2號","核准設立"
"76989841","富山企業行","高雄市湖內區中華街７４巷１０號","核准設立"
"77111118","佛全素食品行","彰化縣福興鄉鎮平村鎮平街21-128號","核准設立"
"77111118","佛全素食品行","彰化縣福興鄉鎮平村鎮平街３號","核准設立"
"77301172","華興","金門縣金湖鎮山外里建華５之１號（限建築物第壹層使用）","核准設立"
"77340549","新益","金門縣烈嶼鄉林湖村東林３號","歇業／撤銷"
"77815566","全味聖農產品企業社","雲林縣西螺鎮大新里大新一八號","核准設立"
"87985548","世泰食品實業社","嘉義縣太保市北新里中興路一段３２３號","核准設立"
"92198211","東昌飼料加工廠","屏東縣潮州鎮八爺里介壽路３７８號","核准設立"
"94042904","中華豆腐工廠","花蓮縣花蓮市主力里中華路２５３號","核准設立"
"97632538","金生豆皮廠","雲林縣西螺鎮大新里大新路一六一─二號","核准設立"
"99296309","中興豆沙行","新北市三重區中正北路１９３巷３５弄４７號","核准設立"
"01254305","名楊企業社","桃園市中壢區忠福里中福路699號","核准設立"
"09060598","允興食品廠","高雄市鳳山區鎮北里鳳仁路９２之１２號１樓","核准設立"
"09654613","來來食品廠","新北市汐止區大安街５６巷３３弄７號１樓","核准設立"
"10739610","欣統食品行","臺東縣臺東市豐田里中興路四段一八七號一樓","核准設立"
"10739610","欣統食品行","臺東縣臺東市豐田里中興路四段一八七號一樓","核准設立"
"10825734","肥豆企業社","臺東縣池上鄉福原村忠孝路七十二號一樓","核准設立"
"10825734","肥豆企業社","臺東縣池上鄉福原村忠孝路七十二號一樓","歇業／撤銷"
"14271377","恆海行","臺中市太平區宜欣里溪洲路１３０巷３弄１６號","核准設立"
"15276504","泉豐豆腐工廠","臺北市萬華區環河南路2段24巷8弄14號","歇業／撤銷"
"18347095","光禾企業商行","雲林縣西螺鎮大新里大新路１４１號","停業"
"18347095","光禾企業商行","雲林縣西螺鎮大新里大新路１４１號","停業"
"21463738","德港科技開發洋行","雲林縣斗南鎮阿丹里阿丹151之5號","核准設立"
"21761504","摩羯洋行","臺北市松山區八德路4段181巷17弄9號1樓","廢止"
"25492609","億膳商行","雲林縣元長鄉頂寮村頂寮3-8號1樓","核准設立"
"25713883","長隆食品行","高雄市仁武區灣內里仁心路２０巷２２號１樓","歇業／撤銷"
"25723720","盛香津食品工廠","高雄市岡山區為隨里為隨東路６６巷５號","核准設立"
"25852532","樂活米倉行","臺東縣池上鄉富興村水墜八十三號","核准設立"
"25853217","樂豆食品坊","臺東縣臺東市豐樂里大勇路十八號","歇業／撤銷"
"25990107","好客庄企業社","高雄市美濃區中興路１段４７號１樓","歇業／撤銷"
"26119405","玉珍香豆皮店","桃園市大溪區康安里2鄰康莊路三段60之1號1樓","核准設立"
"26459430","永心食品商行","臺南市東區莊敬里莊敬路118號4樓之5","核准設立"
"26510014","幸福分享食品工坊","新北市中和區景新街295巷8之3號4樓","停業"
"26535845","開葉實業社","新北市三重區永福街197巷37弄15號","歇業／撤銷"
"26545490","灣灣生態農莊","新北市深坑區北深路3段251號4樓","歇業／撤銷"
"26812025","逢源豆腐企業社","臺中市西屯區逢福里惠來路三段218號8樓之1","核准設立"
"26826175","永馨豆皮店","南投縣竹山鎮桂林里中山路42之27之8號","核准設立"
"30164900","冠宏豆腐店","桃園市平鎮區雙連里民族路雙連二段１１８巷５１弄２號１樓","歇業／撤銷"
"30214937","好香國際企業社","桃園市龍潭區三和里朝鳳路一二○號一樓","歇業／撤銷"
"30252241","貞美行","基隆市信義區月眉路65巷29之1號","核准設立"
"30252241","貞美行","基隆市信義區月眉路65巷29之1號","核准設立"
"30332033","欣園客家美食坊","新竹縣關西鎮東安里中豐新路１３５號","核准設立"
"30332033","欣園客家美食坊","新竹縣關西鎮東安里中豐新路１３５號","核准設立"
"31550916","泰康食品企業社","桃園市中壢區至善里後寮二路247巷2號4樓","核准設立"
"31576325","素益多輕素食","桃園市龜山區南美里南祥路67之1號","核准設立"
"31735013","玉森食品實業社","宜蘭縣羅東鎮東安里東宜四路56號一樓","核准設立"
"33666478","傳貴豆皮工廠","新北市板橋區南雅南路1段4巷15之1號（2樓）","核准設立"
"34774003","長榮生技食品企業社","新北市泰山區公園路20號1樓","廢止"
"34917327","順興豆腐店","桃園市中壢區普忠里普忠路211巷171弄12號","核准設立"
"36659915","屏東小米之家商行","屏東縣屏東市北興里中正路467之2號","遷他縣市"
"36659915","阿娜達原住民企業社","高雄市茂林區茂林巷６３號","核准設立"
"36659915","阿娜達原住民企業社(屏東遷入統一編號36659915","高雄市茂林區茂林里茂林巷６３號","核准設立"
"36815970","綠色乳牛工坊","臺南市安南區淵中里安中路4段154巷57弄22號1樓","停業"
"36832529","百?油行","臺南市安南區安順里安和路4段2巷5號","停業"
"36864057","華的露商社","臺東縣臺東市光明里新展街三號","核准設立"
"37733028","東大食品行","臺東縣臺東市豐榮里豐谷南路三七九號","核准設立"
"37816575","提督興業","桃園市中壢區普慶里中山東路二段545號3樓","核准設立"
"37997055","禾昇有機商行","花蓮縣花蓮市國慶里中山路1段109巷41弄12號","核准設立"
"38467842","極上堂","臺北市松山區民權東路3段146號","核准設立"
"38504591","王沅真企業社","臺北市大同區華陰街81號","核准設立"
"38701452","勝香居手工包子饅頭店","高雄市三民區覺民路７６號１樓","核准設立"
"38702488","素素家族食品行","高雄市湖內區中正路二段１２１巷１８號１樓","歇業／撤銷"
"38702987","烘媽咪食品","高雄市仁武區仁雄路４３巷２９號１樓","核准設立"
"38786901","家豐農產行","雲林縣西螺鎮大新里202之5號","核准設立"
"38786901","家豐農產行","雲林縣西螺鎮大新里202之5號","歇業／撤銷"
"38787916","元展科技開發洋行","雲林縣西螺鎮廣福里廣興路162號","核准設立"
"38788154","明和醬園","雲林縣虎尾鎮建國里文科路1193號","核准設立"
"38794249","日新食品廠","雲林縣虎尾鎮東屯里大屯路3之51號","停業"
"38880883","鴻瑞商行","南投縣埔里鎮北門里北澤街146號","歇業／撤銷"
"38922315","善一素料農產行","彰化縣彰化市台鳳里一心東街147號","核准設立"
"38924833","豐利企業社","彰化縣員林市中山路2段145號1樓","核准設立"
"38932159","金谷農產品企業社","彰化縣花壇鄉中口村中山路2段491巷30號","核准設立"
"38981284","豐禾有機商行","苗栗縣後龍鎮南港里5鄰南北坑43-5號1樓","核准設立"
"39695128","易健康黃豆加工坊","臺中市大肚區大肚里福利路117巷15號","停業"
"39730075","九天企業社","雲林縣虎尾鎮西屯里大屯351之13號1樓","核准設立"
"39837421","乃擇上品商行","臺中市西區吉龍里五權一街１５號７樓","核准設立"
"39839075","秝洋商行","臺中市潭子區栗林里中山路三段６２５號","歇業／撤銷"
"39971236","好朋友烘焙屋","宜蘭縣礁溪鄉大忠村大忠路152號","核准設立"
"40582283","金樹豆腐店","宜蘭縣羅東鎮大新里大同路３７號","核准設立"
"40668319","栗田食品企業社","臺中市霧峰區坑口里民族路４號２樓","核准設立"
"40668319","栗田食品企業社","臺中市霧峰區坑口里民族路４號２樓","核准設立"
"40671779","杏屋商行","臺中市大甲區薰風里鎮瀾街９５號","核准設立"
"40671779","杏屋商行","臺中市大甲區薰風里鎮瀾街９５號","歇業／撤銷"
"40716874","由心設計","臺南市永康區勝利里勝利街42巷20號1樓","核准設立"
"40716874","由心設計","臺南市永康區勝利里勝利街42巷20號1樓","停業"
"40727582","芬多餐飲店","臺南市永康區中華里忠孝路9號1樓","歇業／撤銷"
"40794929","慧德豆包企業行","屏東縣萬丹鄉?北村上利路93號","核准設立"
"40842534","家棟豆腐店","臺南市佳里區東寧里義民街128號1樓","核准設立"
"40874887","大丘園農場","臺南市北區和順里臨安路2段249巷22之4號","核准設立"
"40981654","在來醬號","新竹縣湖口鄉湖鏡村湖口老街226號","核准設立"
"41012753","松禾生活館","花蓮縣花蓮市主農里福建街92巷40號1樓","核准設立"
"41038493","宇之屋食品行","桃園市桃園區會稽里興二街92巷21弄2號","核准設立"
"41070009","清晨日光食品行","新北市八里區中華路2段372號11樓","歇業／撤銷"
"41070009","清晨日光食品行","新北市八里區中華路2段372號11樓","核准設立"
"41098055","廣耘企業社","新北市新店區雙?路30巷21號","核准設立"
"41308952","食草山房商行","高雄市美濃區福美路２巷１號１樓","核准設立"
"41310937","美農石頭屋工作坊","高雄市三民區民禮路８１之１號８樓","核准設立"
"41321110","胖胖猴實業社","高雄市鳳山區經武路２３５號１樓","核准設立"
"41321110","胖胖猴實業社","高雄市鳳山區經武路２３５號１樓","核准設立"
"43018206","連發號","臺北市大同區迪化街2段302巷33號","歇業／撤銷"
"45458740","錦發豆腐食品行","彰化縣彰化市文化里中民街５７號１樓","核准設立"
"45468418","大春食品行","雲林縣林內鄉林中村瑞農路50巷28號1樓","核准設立"
"45719175","羽亭企業社","南投縣南投市新興里南崗三路８０號一樓﹝現場不得堆棧﹞","歇業／撤銷"
"45768631","松柏坑農園台灣咖啡小館","雲林縣斗六市社口里六合街40號","停業"
"47388860","阿豆桑豆腐店","雲林縣土庫鎮後埔里後埔路203號","核准設立"
"47392506","西螺老街商舖","雲林縣西螺鎮振興里振興112之11號","核准設立"
"64856797","源和素食菜類","雲林縣西螺鎮廣福里廣興路一三七號","核准設立"
"66608267","將軍商行","嘉義市西區垂楊里建成新村６３號","遷他縣市"
"66608267","將軍商行","嘉義縣水上鄉寬士村崎子頭167號","核准設立"
"67754858","慈明商行","彰化縣田尾鄉北曾村福德巷560號1樓","核准設立"
"67754858","慈明商行","彰化縣田尾鄉饒平村中學路2段79號1樓","核准設立"
"67754858","慈明商行","彰化縣田尾鄉北曾村福德巷560號1樓","核准設立"
"73678181","麒豐豆腐店","臺南市永康區勝利里勝利街164號1樓","核准設立"
"76740379","五山商店","雲林縣莿桐鄉興貴村興北138號","核准設立"
"77651249","財元豆沙行","臺中市神岡區大社里大洲路２８３巷７１號","核准設立"
"80960705","郭家莊醬園","苗栗縣公館鄉福星村７鄰福星２１４之２號","核准設立"
"83920910","小南門豆花店","臺北市松山區東興路17號","歇業／撤銷"
"83920910","小南門豆花店","新北市中和區中山路２段３４０巷３５號（１樓）","遷他縣市"
"88838051","光德豆皮廠","雲林縣莿桐鄉興貴村興南1之11號","核准設立"
"96685923","中鼎豆類食品工廠","澎湖縣馬公市石泉里２之３３號","核准設立"
"99197379","華友食品廠","高雄市仁武區竹後里鳳仁路３６９巷２８弄２７號１樓","列入廢止中"
"99255187","大發豆干店","桃園市八德區廣興里新興路192號","核准設立"
"41322413","翔勝食品行","高雄市三民區民族一路２巷６８號","核准設立"
"41857507","萬德豆腐工廠","宜蘭縣羅東鎮大新里大同路三０號","停業"
"43182944","宜興食品店","桃園市大溪區瑞興里瑞安路一段286號1樓","核准設立"
"45569611","得泉商行","雲林縣莿桐鄉莿桐村饒平西路23巷18號1樓","核准設立"
"45590641","友立企業社","南投縣草屯鎮碧峰里碧山路陳平巷２０號﹝現場不得堆棧﹞","歇業／撤銷"
"45734372","益大豆皮行","雲林縣西螺鎮新安里新興路535巷9號","核准設立"
"45807206","黃豆屋豆腐坊","彰化縣埔心鄉埤霞村二抱路1段127號","核准設立"
"46545504","新盛發商行","新竹市東區復中里民權路一五九號","核准設立"
"47021499","新福裕豆腐店","新竹市北區文雅里竹文街二六號","核准設立"
"64898699","啟大食品行","雲林縣北港鎮華勝里民政路七○號","核准設立"
"64961313","協信泰食品加工廠","雲林縣崙背鄉東明村正義路110號","核准設立"
"72030778","仁山花生加工所","臺南市善化區嘉北里茄拔1之41號1樓","核准設立"
"78709108","福鑫豆花店","高雄市小港區二苓路１１７之１號","核准設立"
"78760499","玄宇商號","臺東縣臺東市豐田里中興路四段二巷三九０號一樓","核准設立"
"83659748","蕭記食品企業社","高雄市橋頭區鹽南路１７號","核准設立"
"83885110","廣源豆干店","桃園市大溪區光明里齋明街56之4號","停業"
"92825830","佳昇豆皮行","雲林縣西螺鎮福田里新厝4之10號1樓","核准設立"
"92825830","佳昇豆皮行","雲林縣西螺鎮福田里新厝4之10號1樓","核准設立"
"97605048","大同食品廠","雲林縣斗南鎮將軍里將軍150號1樓","核准設立"
"99597044","承信實業社","臺南市東山區東正里東勢1之14號","核准設立"
"99691738","永和素料行","雲林縣西螺鎮東興里東興路27之2號1樓","歇業／撤銷"
"01968014","谷和食品廠","新北市鶯歌區中正三路171之1號","核准設立"
"07906000","長鈺企業社","高雄市美濃區廣德里民族路９２之１號１樓","核准設立"
"09074523","老農農產品加工廠","嘉義縣水上鄉南鄉村牛稠埔８４號","核准設立"
"09929541","禾億實業社","桃園市楊梅區梅溪里新農街二段209巷55號","核准設立"
"10261741","永彩實業社","高雄市新興區民生１路３６３巷１２號１樓","歇業／撤銷"
"10749700","孫記食品廠","高雄市岡山區為隨東路５８巷３１號","核准設立"
"13702433","大智慧企業社","臺南市關廟區新光里新光街210號1樓","核准設立"
"14944091","偉明豆干店","桃園市桃園區大林里大原路二十巷五號一樓","核准設立"
"17367332","有騏商行","高雄市鳥松區仁美里美山路３６巷１號","核准設立"
"18021837","裕鈞產業行","高雄市路竹區後鄉里順安路３０５號１、２樓","核准設立"
"18407585","豐達食品行","新北市中和區中山路２段３４０巷３５號（１樓）","核准設立"
"18407585","豐達食品行","臺北市萬華區西昌街82號1樓","遷他縣市"
"19667877","南發珍瓜子行","高雄市大寮區光華路１３２巷２之３號","核准設立"
"19804561","塔加企業社","臺東縣臺東市民生里博愛路一六０號一樓","停業"
"25272181","勝利豆腐店","苗栗縣苑裡鎮田心里2鄰田心7之16號","核准設立"
"25272181","勝利豆腐店","苗栗縣苑裡鎮客庄里13鄰新興路66號","核准設立"
"25731019","發宇珍味齋","高雄市大寮區三隆里立隆街１２９號","核准設立"
"25841509","永熙鑫商行","臺南市新化區太平里太平街22巷7之3號1樓","核准設立"
"25841509","永熙鑫商行","臺南市新化區太平里太平街22巷7之3號1樓","核准設立"
"25913101","恆順商行","高雄市三民區灣興街５０巷１號","核准設立"
"25931918","磐石咖啡烘焙坊","高雄市前鎮區二聖二路４９號１樓","核准設立"
"25990465","愛和健康國際美食企業社","高雄市燕巢區安招里安林４街３４號１樓","核准設立"
"25990465","愛和健康國際美食企業社","高雄市燕巢區安招里安林４街３４號１樓","歇業／撤銷"
"25991324","活量商行","高雄市左營區實踐路7號","停業"
"26011349","印象國際貿易商行","高雄市鳳山區建國路三段２４５之４號","核准設立"
"26144805","大竹北豆花","新竹縣新埔鎮旱坑里義民路1段181巷6弄1號","核准設立"
"26238205","可米商號","臺北市士林區德行東路331巷35號1樓","歇業／撤銷"
"26415237","永成黃豆製品廠","屏東縣竹田鄉泗洲村新莊洋路4之3號1樓","核准設立"
"26415237","永成黃豆製品廠","屏東縣竹田鄉泗洲村新莊洋路4之3號1樓","核准設立"
"26546131","空間餐坊","新北市樹林區佳園路3段372號6樓","申覆（辯）期"
"26695906","糖邑工坊","新竹市北區金華里光華東街58巷16號一樓","核准設立"
"26752547","華揚食品商行","新北市汐止區康寧街141巷47號5樓","歇業／撤銷"
"26784415","江春記豆腐店","宜蘭縣宜蘭市慈安里慈安路49巷69號","核准設立"
"26784415","江春記豆腐店","宜蘭縣宜蘭市慈安里慈安路49巷69號","歇業／撤銷"
"29286898","梵賽司咖啡館","新北市中和區建八路２８號","歇業／撤銷"
"31443509","名閎豆類食品行","新北市樹林區民權街18號","歇業／撤銷"
"31473897","山井食品行","新北市深坑區昇高里王軍寮1號之10","核准設立"
"31790492","海記食品","花蓮縣壽豐鄉溪口村廣玄1之1號1樓","核准設立"
"00001280","福興食品原料廠","臺中市西區後龍里中山路４７１之１號１樓","核准設立"
"00001280","福興食品原料廠","臺中市西區後龍里中山路４７１之１號１樓","核准設立"
"34762999","多伯特企業社","新北市淡水區大忠街79號(1樓)","核准設立"
"34762999","多伯特企業社","新北市板橋區中山路2段60巷1弄9號","核准設立"
"34762999","多伯特企業社","新北市板橋區中山路2段60巷1弄9號","停業"
"36832909","宜康食品行","臺南市仁德區仁德里文南街56號2樓","核准設立"
"36832909","宜康食品行","臺南市仁德區仁德里文南街56號2樓","歇業／撤銷"
"36833436","怡東巴山咖啡館","臺南市東區東明里怡東路83號1樓及地下室","歇業／撤銷"
"37716576","買大林手作坊","嘉義縣大林鎮中林里14鄰中林138號附1","核准設立"
"37811868","珍饌企業社","桃園市龜山區南上里民生北路一段492號1樓","核准設立"
"37945418","玄同企業社","新竹縣橫山鄉橫山村中豐路一段96巷8弄2號1樓","核准設立"
"38580106","及第貿易商行","臺北市中山區中山北路2段85巷15號","核准設立"
"38657527","太陽行","高雄市左營區城峰路１２號１５樓之６","停業"
"38658461","歐歐歐咖啡烘焙坊","高雄市前鎮區文橫三路９巷８號","歇業／撤銷"
"38693875","歐歐歐咖啡烘焙坊","高雄市前鎮區文橫三路９巷８號１樓","歇業／撤銷"
"38706718","珍果商行","高雄市三民區有光路２８號１樓","核准設立"
"38764505","紀氏美味商行","彰化縣彰化市莿桐里彰水路99巷169號","核准設立"
"38791480","祥茂農產行","雲林縣虎尾鎮墾地里海墘57號1樓","核准設立"
"38796247","宏祐豆皮廠","雲林縣莿桐鄉興桐村新莊71之1號","核准設立"
"38920750","兆辰商行","雲林縣莿桐鄉甘西村中村3之2號","核准設立"
"38920750","兆辰商行","雲林縣莿桐鄉甘西村中村3之2號","停業"
"39679653","英台商行","苗栗縣苗栗市新英里2鄰27號","停業"
"39681905","九如食品行","臺中市外埔區中山里東西巷７１號１樓","核准設立"
"39707314","明成商行","雲林縣西螺鎮埤頭里埤頭75之6號1樓","核准設立"
"39771568","三新企業社","彰化縣彰化市文化里永安街136巷25號","停業"
"39815904","鳥榕頭企業社","臺中市西屯區何福里成都路１２５號１樓","核准設立"
"39860105","利昌?油廠","雲林縣北港鎮南安里中山路1號","核准設立"
"40523258","振興豆干行","宜蘭縣宜蘭市進士里進士路３６號","歇業／撤銷"
"40660718","花芽兒商行","臺中市西區昇平里民生路３６８巷２弄３號２樓","核准設立"
"40708071","御口堂商行","臺南市安南區鳳凰里安中路1段702巷41號1樓","歇業／撤銷"
"40714003","鵝之心商行","臺南市新化區全興里竹子?247之362號1樓","核准設立"
"40714003","鵝之心商行","臺南市新化區全興里竹子?247之473號1樓","核准設立"
"40727176","徠亞洋行","臺南市南區日新里新興路481巷14弄18號1樓","核准設立"
"40795981","南華食品企業社","屏東縣萬丹鄉崙頂村南北路一段385巷62弄32之1號","核准設立"
"40797215","天成商行","屏東縣萬丹鄉社口村社皮路二段378巷10號1樓","核准設立"
"40830930","玉枝豆花店","臺東縣太麻里鄉泰和村太麻里街三００號一樓","核准設立"
"40867555","大聖實業廠","臺南市安南區安順里安和路4段2巷5號1樓","核准設立"
"41016195","詰仁堂","花蓮縣花蓮市國盛里國盛二街１０３號四樓之５","核准設立"
"41066785","德富企業社","新北市鶯歌區國際二路6巷13號(1樓)","核准設立"
"41369676","幸福加一棧","新北市中和區安邦街3號","核准設立"
"41459178","小農有機日記商行","花蓮縣鳳林鎮鳳信里中正路一段３６５號","核准設立"
"43040306","日昌豆腐店","桃園市大溪區福安里三層５之１號","核准設立"
"45302888","惠豐食品商行","彰化縣田尾鄉田尾村光復路２段７５２號１樓","核准設立"
"45830543","錦輝農產行","雲林縣西螺鎮光華里東南路108號1樓","核准設立"
"45835815","豆腐伯古早味豆腐店","臺中市北區錦祥里錦祥街51號1樓","核准設立"
"47037534","正大益醬園","新竹市北區新雅里和平路219巷1弄1號　　　　　　　　　","歇業／撤銷"
"47037534","正大益醬園","新竹市北區新雅里和平路219巷1弄1號","核准設立"
"47368371","嘉鄉豆腐店","彰化縣彰化市永生里中山路2段393號1樓","核准設立"
"48871722","愛海維根小站","臺北市南港區南港路3段149巷43號","核准設立"
"49676108","林園豆類製品廠","苗栗縣苗栗市北苗里為公路三東巷38號","核准設立"
"55954156","義馨豆餡廠","臺中市豐原區東湳里三豐路５６６巷１８７弄７號１樓","核准設立"
"57945035","明月豆腐店","高雄市三民區建工路２３６號","核准設立"
"64205606","合益豆皮加工廠","雲林縣西螺鎮大新里大新七九號","核准設立"
"64827718","金谷豆腐店","雲林縣西螺鎮漢光里光復西路238巷9號1樓","核准設立"
"64872403","協美農產加工廠","雲林縣北港鎮劉厝里民樂路四一七號","核准設立"
"66251843","全興農產加工廠","宜蘭縣五結鄉鎮安村西河一路128巷96號","核准設立"
"67949524","濟民行","花蓮縣玉里鎮永昌里新生街２號〈限１樓營業〉","核准設立"
"77779153","新義發農產加工廠","彰化縣芳苑鄉後寮村工區二路１２號","核准設立"
"93880851","日昌食品行","彰化縣伸港鄉曾家村曾家路114號","核准設立"
"94769932","大昌豆腐店","花蓮縣吉安鄉光華村南海13街145號","停業"
"94769932","大昌豆腐店","花蓮縣吉安鄉光華村南海13街145號","核准設立"
"99589327","天承食品廠","高雄市鳥松區仁美里美山路３６巷１之３１號","歇業／撤銷"
"99849689","香旺食品行","雲林縣斗六市林頭里大學路二段二八號","核准設立"
"99942236","華秝有機油坊","南投縣埔里鎮東門里忠孝路250號","核准設立"
