﻿"統一編號","公司名稱","公司地址"
"04824370","駿驊國際實業股份有限公司","新北市汐止區環河里福德一路392巷17號"
"11511090","皇冠金屬工業股份有限公司","臺北市中山區復興南路1段2號8樓之1"
"12376451","力多超音波有限公司","臺北市內湖區內湖路1段91巷24弄16號"
"12616889","大地休閒產業開發股份有限公司","臺北市松山區南京東路4段1號9樓"
"12641851","吉維納環保科技股份有限公司","臺中市大里區西湖路189號"
"12722559","佑勝行銷顧問有限公司","彰化縣員林鎮三和里靜修東路176巷5號"
"12973318","全球整合國際網路有限公司","新北市三重區車頭路街114號2樓"
"12985145","冠東國際實業有限公司","高雄市三民區九如1路502號13樓之2"
"12991104","金科玉律商店經營顧問股份有限公司","臺南市西港區港東里一一鄰烏竹林五二號之九"
"13001354","鑫豐團膳有限公司","桃園市中壢區三民里下三座屋17-18號1樓"
"13005247","賜鎰企業有限公司","新北市永和區中正路283巷29弄4號"
"13085234","亞太旅館管理顧問有限公司","臺北市中山區遼寧街112號5樓之4"
"13119419","麒銘國際股份有限公司","桃園市桃園區中寧里大興西路二段104-1號"
"13199476","悅誠股份有限公司","高雄市三民區昭良街1號"
"16233791","沐信環境工程有限公司","臺南市永康區鹽行里中正南路640之3號"
"16330554","上斯公寓大廈管理維護有限公司","臺北市中正區忠孝東路1段152號12樓之5"
"16479719","常鳴企業有限公司","高雄市三民區自立一路177巷25號4樓之5"
"16723397","源富食品有限公司","屏東縣潮州鎮蓬萊里江山路５３號"
"16766655","友力國際有限公司","臺北市中山區吉林路393巷23號1樓"
"16885723","皓瀧國際事業有限公司","高雄市鳥松區松埔北巷2之102號8樓"
"16893569","元古科技股份有限公司","臺北市士林區雨聲街38號1樓"
"22292234","鎧興有限公司","新北市新莊區自立街79巷22號1樓"
"22542042","幼華國際股份有限公司","臺中市北屯區文昌三街55號1樓"
"23131264","士林環境淨化股份有限公司","臺北市士林區大東路138號3樓"
"23447756","台興企管顧問有限公司","臺北市中正區忠孝東路1段152號10樓之6"
"23615486","力麗觀光開發股份有限公司","臺北市中山區松江路162號3樓"
"23781415","新欣清潔有限公司","桃園市桃園區成功里園一街56號"
"24202701","寶海科技股份有限公司","高雄市路竹區社南里17鄰大同路204號"
"24208515","清淨家有限公司","臺中市沙鹿區六路里臺灣大道六段773號1樓"
"24224590","鑫鴻太科技有限公司","臺北市內湖區文德路106號5樓之6"
"24239242","立翔物業有限公司","花蓮縣花蓮市民孝里東興街301號1樓"
"24244723","珈山科技有限公司","新北市土城區立德路60號11樓"
"24251738","允承貿易有限公司","臺中市神岡區中山路614巷69弄25號1樓"
"24254192","宏鑫團膳有限公司","桃園市中壢區三民里下三座屋17-18號2樓"
"24285815","廚寶美食股份有限公司","桃園市桃園區龍安里國強一街470號1樓"
"24291719","詠潔興實業有限公司","桃園市八德區大千里東勇街19巷13弄7號11樓"
"24301884","欣滿庭生活管理顧問有限公司","新北市永和區永利路25號1樓"
"24315607","多樂國際餐飲有限公司","臺北市萬華區漢中街157號8樓之5"
"24317008","台罐工貿有限公司","新北市永和區仁愛路249號2樓"
"24322001","金豪清潔有限公司","臺北市中正區許昌街42-1號10樓"
"24338691","多樂屋國際餐飲有限公司","臺北市中山區松江路71號9樓之1"
"24342576","湖旺餐飲有限公司","臺北市信義區基隆路1段155號13樓之5"
"24364347","寶拉寶實業股份有限公司","南投縣魚池鄉魚池街420號1樓"
"24365824","薇閣企業有限公司","桃園市桃園區向善街77號1樓"
"24394172","勤言企業有限公司","新北市板橋區莒光路114巷4號1樓"
"24437550","品亮清潔有限公司","彰化縣二水鄉五伯村過圳路259號1樓"
"24450048","皇后先生餐飲有限公司","臺北市信義區吳興街250號"
"24450770","好處多有限公司","臺北市中山區林森北路85巷57號"
"24490750","滇味廚房有限公司","臺北市文山區指南路2段167號1樓"
"24493118","耘成科技有限公司","臺北市中山區松江路283號5樓之1"
"24493449","長紅清潔有限公司","臺北市大安區四維路186巷5之2號3樓"
"24496446","瑋傑清潔有限公司","臺北市萬華區開封街2段80號4樓之10"
"24501074","淇齡建有限公司","高雄市前鎮區英明1路72巷13之5號"
"24510658","好味道實業有限公司","高雄市苓雅區成功一路210之2號9樓"
"24530351","凱樂生活股份有限公司","臺北市大安區敦化南路2段170號10樓"
"24531675","三勤科技有限公司","臺中市大里區長春路78巷31弄31號1樓"
"24538017","嚴選餐飲股份有限公司","臺北市大同區承德路1段16號"
"24540111","旭謄有限公司","臺北市大安區延吉街137巷7弄5號2樓"
"24541759","山茶屋有限公司","臺北市中山區中山北路1段121巷3號1樓"
"24542173","瑋恩餐飲企業有限公司","臺北市中山區新生北路1段88號"
"24542379","台北城飯店有限公司","臺北市大同區保安街11號及13號"
"24555232","和鉅國際股份有限公司","臺北市中山區松江路261號7樓"
"24557040","玉潔環保清潔有限公司","臺北市信義區忠孝東路5段1之7號9樓"
"24563319","文達有限公司","臺北市中正區汀州路3段104巷5號4樓"
"24563373","庭忠有限公司","臺北市大同區重慶北路2段57巷19號1樓"
"24571818","象園坊有限公司","臺北市士林區美德街3號"
"24571850","奇特國際有限公司","臺北市內湖區成功路4段39號"
"24572443","台灣眏像飯店有限公司","臺北市大同區保安街11號及13號"
"24572458","台灣印像飯店有限公司","臺北市大同區保安街11號及13號"
"24588775","台工開發工程有限公司","臺中市北屯區后庄里新興路6巷1號1樓"
"24589388","有德事業有限公司","臺中市中區大誠街68號1樓"
"24591862","福臻品善有限公司","臺中市豐原區西湳里三豐路877巷74弄32號1樓"
"24594740","登鋒有限公司","臺中市潭子區東寶里7鄰崇德路五段13號"
"24614247","麒銘國際開發有限公司","桃園市桃園區中寧里大興西路2段104之1號"
"24620058","曆新國際有限公司","桃園市平鎮區興華街101巷22弄16號4樓"
"24631225","德順興業有限公司","屏東縣東港鎮朝安里13鄰新生一路37號1樓"
"24648696","潔光環境科技有限公司","嘉義縣民雄鄉東榮村中庄109號3樓之4"
"24655485","瓛綺有限公司","桃園市蘆竹區南崁里中正路130號"
"24668025","富鼎立國際貿易股份有限公司","高雄市新興區五福二路192號3樓之2"
"24680956","嘉新行企業有限公司","高雄市仁武區南勢巷6之1號"
"24686396","京澄國際餐飲有限公司","高雄市鼓山區明華路237號1樓"
"24694776","相虹實業有限公司","新北市三重區民生街25號"
"24695260","金仙清潔維護有限公司","新北市三重區三安里三和路2段208號5樓之14"
"24696438","祈葳工程有限公司","新北市石碇區永定里蚯蚓坑19之7號"
"24705990","康福好居環境科技有限公司","新北市新店區安祥路102巷117號"
"24718290","好認真人力資源有限公司","新北市永和區秀和里林森路120號(1樓)"
"24720275","創金生技有限公司","新北市三重區重新路4段220號5樓"
"24725927","環創國際股份有限公司","新北市板橋區大同街43號4樓"
"24726284","滋產實業有限公司","新北市淡水區中正路330之1號"
"24727973","御寶三三有限公司","新北市土城區中央路4段2號3樓之5"
"24731385","兆發開發國際實業有限公司","新北市汐止區翠峰街2巷11弄4號"
"24732390","灶明企業有限公司","新北市永和區成功路2段155號"
"24741460","鯤溟會館股份有限公司","臺北市大同區長安西路145巷3號"
"24749250","創顧媒合諮商有限公司","臺北市大安區忠孝東路4段107號12樓之3"
"24759003","愛美化實業有限公司","臺北市文山區萬安街69號地下之4"
"24765407","多利仕家事服務股份有限公司","臺北市中正區八德路1段46號9樓"
"24768586","新國都股份有限公司","臺北市大同區太原路64號1樓"
"24783600","廣昱開發有限公司","臺北市中山區新生北路2段68巷15號5樓之2"
"24831960","五更物產有限公司","臺中市大里區塗城路33巷7號"
"24834903","睦千馳興業有限公司","臺中市西區公益路130號3樓"
"24846128","全威有限公司","臺中市北區五順街30號1樓"
"24848076","熬八年餐飲管理顧問有限公司","臺中市南屯區溝墘里大墩十三街23號1樓"
"24861181","富聿科技開發股份有限公司","屏東縣屏東市清溪里清寧街212號1樓"
"24865882","龍安人力派遣有限公司","桃園市楊梅區高榮路190巷13號"
"24877992","麗水環境科技有限公司","桃園市中壢區永泰街118號3樓"
"24879470","佳世福有限公司","桃園市大園區大觀路14巷2號"
"24885563","木鋤造樸企業有限公司","屏東縣枋寮鄉人和村中正大路791號"
"24887020","佳芸國際有限公司","桃園市八德區大慶里介壽路一段940號1樓"
"24893108","合協興實業有限公司","新竹市湳中里湳中街35號4樓"
"24895062","全盈稻香餐具有限公司","桃園市中壢區復興里長春路75號1樓"
"24895942","神蹟文創有限公司","花蓮縣花蓮市國光里林森路270號5樓"
"24900473","禾璽食具實業有限公司","臺南市安南區工明南一路41號"
"24936388","橡園坊企業有限公司","臺北市士林區美德街3號"
"24940427","化無限為有限公司","臺北市中正區八德路1段46號9樓"
"24946148","橡園坊國際有限公司","臺北市士林區美德街3號"
"24956481","精美清潔有限公司","臺北市大安區忠孝東路4段176之1號2樓"
"24967678","建宏洗衣有限公司","臺北市信義區忠孝東路5段372巷27弄63號"
"24975852","山之美有限公司","臺北市信義區基隆路1段155號13樓之5"
"24993789","崇華智庫股份有限公司","高雄市左營區華夏路256號4樓"
"24995359","全日企業有限公司","高雄市鳳山區瑞興路199巷3號13樓"
"25007276","宏盈餐具有限公司","嘉義縣大林鎮大美里大埔美453號1樓"
"25012735","大前設計工程有限公司","屏東縣屏東市空翔里蘭州街35號"
"25020643","保嘉環保有限公司","臺中市北屯區北屯路290巷9號5樓"
"25025154","一六八冷凍設備有限公司","臺中市南屯區黎明里懷德街57巷2之1號一樓"
"25030473","吉欽餐廚冷凍設備有限公司","高雄市鳳山區誠智里杭州街13號1樓"
"25038469","長慶興清潔有限公司","臺南市安南區安和路一段96巷69號1樓"
"25046622","金賞興業有限公司","新北市土城區員福里福祥街45巷1號8樓"
"25052139","泉盈餐具股份有限公司","臺中市南屯區楓樹里永春東三路92號"
"25053518","吉向有限公司","新北市三重區光復路1段61巷31弄1號"
"25067962","昇晉國際有限公司","新北市蘆洲區中華里8鄰正和街72巷22號"
"25070072","二十一世紀環境清潔有限公司","臺南市安南區安中路一段757巷11號"
"25070328","伯承創意行銷有限公司","新北市中和區景平路538號"
"25073562","安泰禮儀用品有限公司","臺中市北屯區松竹路一段917號3樓"
"25079720","花水木有限公司","臺中市西區中興街106號1樓"
"25097277","麗舍有限公司","桃園市八德區霄裡里營盤7-36號"
"25100815","地利客思國際開發有限公司","臺北市中正區忠孝西路1段50號13樓之3"
"25104299","基瑟思國際商輔有限公司","臺北市大同區重慶北路1段22號11樓之1"
"25124767","詮潤實業有限公司","臺北市松山區民族東路669號"
"25139467","益潔有限公司","臺北市中山區民權東路2段135巷29弄21號4樓"
"25142097","五星國際有限公司","臺北市內湖區內湖路1段351巷18號1樓"
"25142863","維美生技股份有限公司","臺北市中正區忠孝東路1段45號6樓之6"
"25147157","富比士網路科技有限公司","臺北市松山區復興北路369號4樓"
"25168482","裕晶實業有限公司","新竹市東區柴橋里明湖路648巷104弄98號1樓"
"25170868","天然環保餐具股份有限公司","南投縣草屯鎮新庄里日新街90號1樓"
"25171711","文宗企業有限公司","嘉義市西區磚磘里永福一街28號4樓之2"
"25178030","迅鴻科技工程有限公司","高雄市仁武區鳳仁路238巷1弄31號1樓"
"25179875","八一三工程有限公司","臺南市中西區民權路3段332號"
"25191771","安吉富有限公司","臺中市南屯區文心南五路312號6樓"
"25198205","准境工程有限公司","桃園市新屋區下田里中山西路2段1181巷6弄2號"
"27204750","好厝邊家事管理環保清潔有限公司","高雄市左營區左營大路419巷21號"
"27212344","漢堡先生餐飲事業有限公司","高雄市楠梓區德明路1006之1號"
"27254955","金亟有限公司","金門縣金寧鄉榜林村東州２３號"
"27269325","展榮清潔有限公司","臺南市南區金華路一段484巷68之4號5樓"
"27297407","源德開發有限公司","臺中市北屯區安順東七街20號1樓"
"27379842","大昌科技有限公司","高雄市三民區鼎山街469巷41號"
"27406165","翔晶清潔顧問有限公司","臺南市南區國民路103號1樓"
"27409472","玉峰李氏企業有限公司","屏東縣屏東市中正里中正路700巷68號"
"27422926","德安清潔工程有限公司","新北市五股區成泰路２段８０巷２１之３號４樓"
"27431875","台灣幫您洗股份有限公司","臺中市清水區武鹿里三民路2段535巷2號"
"27451724","百記環保科技有限公司","基隆市安樂區武隆街一○三巷五五弄七六號一樓　"
"27490732","尚蓁有限公司","臺中市北區頂厝里崇德路一段627號1樓"
"27496004","合憶科技有限公司","臺中市大里區樹王路180巷18號1樓"
"27496829","寶廚食品股份有限公司","桃園市桃園區龍安里國強一街470號1樓"
"27502499","五二七食品有限公司","苗栗縣頭份鎮頭份里中正路二四三號"
"27507924","長力有限公司","臺中市南屯區忠勇路十九巷十三號一樓"
"27519941","環昕企業有限公司","新北市永和區中正路六○二巷一號七樓之三"
"27553594","松福有限公司","新北市板橋區長安街138巷3弄49號"
"27561855","柏眾國際有限公司","臺北市北投區中央北路2段133號1樓"
"27568512","華信開發股份有限公司","臺北市中山區龍江路120巷9號10樓之1"
"27590887","開元清潔維護有限公司","臺中市西區台中港路一段133號5樓之21"
"27594096","陞榮環保工程有限公司","基隆市安樂區樂利三街132巷1弄1號1樓"
"27628075","佐盈環保工程有限公司","臺南市永康區東橋里東橋二街97巷7號1樓"
"27629433","華業國際有限公司","新北市中和區安平路60號"
"27638209","富業喜企業有限公司","新北市永和區中正路283巷29弄4號"
"27644357","全日安工程有限公司","高雄市小港區中光街21號4樓之2"
"27644407","宗佑企業顧問有限公司","桃園市八德區大湳里和平路１０６５號１樓"
"27676435","錦鑽後勤服務股份有限公司","彰化縣彰化市南美里崙美路386號"
"27676717","翔竣有限公司","桃園市桃園區汴洲里經國路899號3樓"
"27684054","台灣廣告王實業有限公司","高雄市新興區仁愛一街226號"
"27690675","宅繐室內裝修有限公司","高雄市鳳山區文衡路375號14樓"
"27712973","捷賀環保股份有限公司","臺北市大安區樂業街159巷19號1樓"
"27725549","創天有限公司","臺北市信義區基隆路2段22號6樓之6"
"27734006","潔晉有限公司","臺北市大同區長安西路172巷5弄1號1樓"
"27737334","櫻花精品旅館股份有限公司","新北市淡水區崁頂里3鄰濱海路1段221號"
"27746967","創昇國際有限公司","臺北市中山區建國北路2段125號10樓"
"27814887","乙文清潔有限公司","臺南市南區新興路365號"
"27820706","台灣香腸食品股份有限公司","雲林縣林內鄉九芎村大埔15號1樓"
"27852679","人才天下有限公司","新北市新店區安祥路１０２巷４６弄３５號"
"27856513","金鋐企業股份有限公司","臺中市南區美村路二段415號1樓"
"27872719","紹坤室內裝修有限公司","臺北市萬華區萬大路187巷3弄9號"
"27883933","良儒工程有限公司","臺中市西屯區逢福里弘孝路２６７號１樓"
"27892200","順得食品有限公司","新北市永和區得和路１０５號"
"27894002","冠良清潔有限公司","嘉義市東區芳安里宣信街23巷16之5號1樓"
"27910615","潔力國際有限公司","臺中市清水區秀水里五權路225巷14號1樓"
"27961944","儷山林休閒開發股份有限公司","臺北市中山區吉林路99號8樓"
"27969523","泰錡餐飲事業有限公司","臺北市大安區光復南路280巷43號"
"28003345","四季柔國際企業有限公司","臺北市大安區復興南路1段219巷20號1樓"
"28044063","永承人力管理有限公司","臺中市后里區聯合里水門路３１號１樓"
"28045197","陶德御膳園有限公司","新北市板橋區板新路６５號"
"28052324","嘉韻工程有限公司","臺中市北屯區北屯路290巷9號5樓"
"28059987","弘虹企業有限公司","桃園市中壢區康樂路７７之３號８樓之１"
"28072969","環保尖兵實業有限公司","桃園市楊梅區甡甡路９０２巷１６９號"
"28097259","晉詮工程有限公司","臺中市西區土庫里五權西6街79巷8號1樓"
"28109023","原鄉環保科技清潔有限公司","臺中市北區梅亭街９０巷３弄３９號１樓"
"28125868","全民環保清潔有限公司","苗栗縣苑裡鎮新復里２鄰２９號"
"28161028","昊勝國際工業有限公司","新北市新莊區中正路803巷50號"
"28185273","上騰物業管理顧問股份有限公司","臺北市信義區信義路6段22號"
"28186294","力麗酒店股份有限公司","南投縣魚池鄉日月村水秀街71號"
"28193963","阿瑪菈商貿有限公司","新北市三重區安樂街115號3樓"
"28196321","春霖服務有限公司","新北市三重區重新路5段609巷14號5樓之5"
"28201984","泰辰餐飲事業有限公司","臺北市大安區敦化南路1段236巷29號1樓"
"28202739","台灣寶洗環保科技股份有限公司","臺北市中山區新生北路3段1號14樓之15"
"28304503","豐年育有限公司","高雄市苓雅區和平1路145巷8號"
"28351821","金達清運有限公司","臺南市北區北門路2段547巷78弄16號1樓"
"28358633","興味有限公司","南投縣草屯鎮上林里太平路一段51號"
"28362094","正豐化工有限公司","新北市三芝區長勤街56之1號4樓"
"28363538","佳宥餐飲實業有限公司","新北市土城區裕民路41號"
"28363615","康歐義有限公司","桃園市龜山區復興二路78巷66號3樓之3"
"28398044","晟立康企業有限公司","新北市板橋區文化路1段285巷69號"
"28447946","就是好客餐飲事業股份有限公司","臺北市大安區延吉街131巷8號1樓"
"28450293","安潔企業管理有限公司","臺北市中正區汀州路2段40號13樓之1"
"28462869","花仙子生技股份有限公司","臺北市大同區承德路3段230號13樓"
"28468174","美麗華科技有限公司","臺北市松山區復興北路1號13樓之1"
"28520143","倍注國際實業有限公司","宜蘭縣五結鄉大吉村大吉東路26-28號1樓"
"28551285","大宇山國際貿易有限公司","臺中市霧峰區吉峰里中正路1295號2樓"
"28571803","展域環保科技有限公司","雲林縣莿桐鄉振興路6號"
"28571825","特利潔物業管理有限公司","新北市板橋區華翠里莒光路64之4號"
"28598438","源生懋有限公司","高雄市鳳山區華興街119號1樓"
"28633961","鋐福興業股份有限公司","桃園市中壢區南雄街19號4樓"
"28640196","崧豐國際開發股份有限公司","臺中市西區民龍里台中港路一段185號14樓之2"
"28643031","宥峰企業有限公司","屏東縣屏東市長春里林森路1巷125-1號"
"28646776","全日人力派遣有限公司","桃園市桃園區大興西路2段6號20樓之4"
"28660489","家偶婚禮顧問有限公司","臺中市南區工學路155巷8號3樓之3"
"28662557","宏騰國際興業有限公司","新北市板橋區民生路二段251號2樓之1"
"28679950","恆新資訊科技股份有限公司","臺北市中山區中山北路1段126巷16號"
"28705423","宏安清潔有限公司","臺北市中山區南京東路1段25號10樓之2"
"28727637","東享資訊有限公司","基隆市安樂區樂利三街34巷36之3號"
"28754747","修伯創意國際有限公司","南投縣草屯鎮中山里中山街36號1樓"
"28756885","俊邦清潔有限公司","臺中市西屯區何厝里何厝街176號1樓"
"28763345","安力杰有限公司","新北市新店區新烏路3段157號1樓"
"28763416","三榮國際企業有限公司","臺南市南區大同路二段188號4樓之1"
"28769565","楊明澒有限公司","新竹市虎山里華江街３９巷３０之１號"
"28770937","金豐國際物業管理有限公司","新北市中和區立德街98巷93號(1樓)"
"28771582","瑞比特設計有限公司","新北市三重區五華街33之1號"
"28786950","信實公寓大廈管理維護股份有限公司","新竹縣竹北市和平街201號"
"28811037","尹文室內裝修工程有限公司","臺北市內湖區新明路179號5樓之1"
"28819002","丰裕展業有限公司","宜蘭縣礁溪鄉玉石村忠孝路31號4樓"
"28823049","源寶環保科技有限公司","臺北市內湖區江南街71巷16弄22號"
"28827495","騰邑事業有限公司","臺北市中正區臨沂街69巷16號"
"28836728","龍喆餐旅有限公司","臺北市大安區延吉街131巷1弄32號"
"28855421","渦房餐飲有限公司","臺北市中山區南京東路3段217號地下樓"
"28865693","環球可頌企業有限公司","臺北市文山區下崙路11巷31號地下之3"
"28873309","天華國際禮業有限公司","苗栗縣苗栗市嘉盛里為公路487號"
"28876360","佳嘉實業有限公司","屏東縣萬丹鄉新鐘村新鐘路152號1樓"
"28889230","谷晉管理顧問有限公司","新竹市東區福德里2鄰勝利路147號2樓"
"28892018","信實物業管理顧問股份有限公司","新北市板橋區民治街57巷12號"
"28892381","墾丁龍潭休閒農場有限公司","屏東縣恆春鎮恆南路11巷1弄4號1樓"
"28893375","淨願有限公司","新北市土城區延和路105巷4弄8號3樓"
"28913935","福全清潔有限公司","新北市新店區安康路2段183巷14號5樓"
"28939323","俊耀食品有限公司","新竹縣竹北市泰和路87之1號"
"28955982","全能臨工天下有限公司","臺中市大里區新里里爽文路682號"
"28959811","環祺科技有限公司","臺南市永康區國光七街38巷15號"
"29003239","米豆食尚有限公司","高雄市苓雅區中正二路56巷33弄8號1樓"
"29004700","東圳有限公司","高雄市左營區新上里新中街73號1樓"
"29006931","保時潔清潔事業有限公司","高雄市鼓山區中華1路247巷15弄42號"
"29009233","又一新清潔有限公司","屏東縣屏東市瑞光里歸仁路164號1樓"
"29026845","金城造船有限公司","高雄市苓雅區青年2路212號6樓之1"
"29046053","承風創意整合有限公司","臺北市南港區忠孝東路6段6號5樓之8"
"29054721","大力國際餐飲股份有限公司","臺北市中山區八德路2段311號"
"29064116","就是好客股份有限公司","臺北市松山區復興北路313巷23號(1樓)"
"29064798","彩寶環保科技有限公司","臺北市信義區光復南路525號6樓之6"
"29098517","仙媄企業有限公司","新竹市華江街8巷19號"
"29105236","好媳婦管家股份有限公司","新竹市香山區埔前里牛埔南路91之2號2樓"
"29121355","喜得有限公司","臺中市南屯區文心南五路283號1樓"
"29133113","香鮮企業有限公司","新北市汐止區建成路78號10樓"
"29146969","潔聖環保科技有限公司","新北市新店區安和里安民街313巷5號4樓"
"29163116","德盛公寓大廈管理維護股份有限公司","新北市汐止區中興路95號4樓之2"
"29169272","源皓環保科技有限公司","新北市鶯歌區鶯桃路232號"
"29179525","亞奇人力資源有限公司","新北市板橋區文化路1段285巷69號"
"31304605","錫安實業有限公司","臺北市北投區東華街1段360號5樓"
"33115502","艾德蒙海外股份有限公司","新北市中和區中正路716號12樓之3"
"42564352","富商菓菜有限公司","新竹市金竹里武陵路271巷3號1樓"
"42578031","阿米巴國際股份有限公司","桃園市新屋區下田里中山西路2段1181巷6弄2號3樓"
"42582393","冠鼎物業有限公司","桃園市龜山區壽山路189號"
"42598563","夏椰餐飲事業有限公司","桃園市桃園區中平里泰昌七街82號3樓"
"42617745","哇沙筆文創有限公司","臺北市內湖區大湖山莊街166號1樓"
"42622037","麗都公共食堂有限公司","臺北市中正區開封街1段94巷1號"
"42627791","檸檬專業清潔有限公司","臺北市信義區忠孝東路5段474號11樓"
"42634625","鴻大營利事業股份有限公司","臺北市松山區南京東路5段251巷32弄9號2樓"
"42639537","合記黃埔實業有限公司","臺北市大同區南京西路163號2樓之32"
"42641490","曼杜夫管理顧問股份有限公司","臺北市內湖區新湖一路86號7樓"
"42642316","儷京企業股份有限公司","臺北市中山區吉林路99號8樓"
"42648183","奎恩餐飲股份有限公司","臺北市大安區敦化南路1段187巷62號1樓"
"42666029","華廷素食坊有限公司","臺中市大里區永隆里爽文路879號"
"42668238","凱威興業有限公司","臺中市龍井區藝術街107巷9號1樓"
"53043611","吉維那環保科技股份有限公司","臺中市大里區西湖路189號"
"53055799","台淨科技有限公司","臺中市大雅區員林里神林路1段85號"
"53063209","集康科技有限公司","臺南市永康區復國里復華二街33巷8號"
"53070686","濃閣餐飲股份有限公司","臺中市大雅區雅環路二段19號"
"53072811","彩棠企業有限公司","臺南市新化區唪口里唪口18號"
"53089664","昊鼎股份有限公司","新竹縣新豐鄉福興村7鄰圓山子116-2號5樓"
"53105411","台灣威順商用機器有限公司","新北市永和區保安路192號"
"53105539","潔約能企業有限公司","臺北市中山區復興北路48號3樓"
"53111005","王記府城肉粽有限公司","臺北市松山區八德路2段374號1樓"
"53116120","桃城國際餐飲有限公司","嘉義市西區西門街117號1樓"
"53117177","馥宇食品有限公司","彰化縣田中鎮梅州里中州路1段407號1樓"
"53132846","甲大鴻餐飲事業有限公司","桃園市蘆竹區吉林路143之2號4樓"
"53137595","大棠環境清潔有限公司","臺南市永康區東橋里東橋二街97巷7號1樓"
"53151688","飛夢坊有限公司","桃園市平鎮區延平路二段21巷43弄6號1樓"
"53166710","禾泰開發機械實業股份有限公司","屏東縣屏東市清溪里和生路3段720號"
"53167160","祐國工程有限公司","臺中市潭子區福仁里中山路二段168號1樓"
"53170931","茂禎實業有限公司","桃園市桃園區大興里春日路1181號1樓"
"53170989","祥聖食品有限公司","桃園市平鎮區金星里中豐路南勢二段146號"
"53173424","康新服務股份有限公司","臺南市北區和順里西門路三段159號9樓之4"
"53175942","正宇不銹鋼有限公司","彰化縣鹿港鎮鹿工北一路7號1樓"
"53181711","友益興業有限公司","新北市三重區三和路3段151巷23號3樓"
"53185548","詠詮工程有限公司","新北市板橋區長安街168巷15號(1樓)"
"53200175","巨鼎魯肉飯有限公司","新北市永和區協和里保平路18巷2號1樓"
"53208042","橘子飲擎股份有限公司","新北市新莊區龍安路507號(1樓)"
"53208599","炬久有限公司","新北市蘆洲區九芎街138巷3號5樓"
"53216269","上潔清潔興業有限公司","新北市樹林區俊英街189號11樓之5"
"53221360","閎元清潔服務有限公司","新北市深坑區北深路2段202巷7號4樓"
"53225865","怡威企業有限公司","桃園市龜山區大華里文化東路2之2號6樓"
"53228997","永基利有限公司","新北市蘆洲區光華里中正路165號1樓"
"53229068","世榮披薩有限公司","新北市新店區公崙里安康路2段26號"
"53229139","盛和食品有限公司","新北市永和區秀元里永元路38號"
"53232042","快樂人力派遣有限公司","高雄市鳥松區本館路立言巷9號1樓"
"53235961","蕙如企管顧問有限公司","高雄市苓雅區四維四路5號7樓之1"
"53236119","台灣多媒體國際股份有限公司","臺北市中正區忠孝西路1段4號8樓"
"53259772","楷洋家事管理顧問有限公司","桃園市蘆竹區營盤里中山路132-2號3樓"
"53276316","協益環保事業有限公司","臺中市北區山西路二段8巷27號2樓"
"53294779","雅典湘境環保服務有限公司","臺南市仁德區保安里中正路一段190號"
"53298992","臺邦開發建設股份有限公司","臺南市安平區國平里建平一街202巷3弄2號3樓"
"53315015","立興朝代有限公司","臺北市北投區中央北路1段12號及12號2樓"
"53319737","廣潔科技有限公司","臺北市中山區新生北路2段68巷15號5樓之2"
"53323161","廬醫山本草生技股份有限公司","臺北市中正區忠孝東路2段100號5樓、5樓之1"
"53323937","無限創意科技工程有限公司","臺北市信義區松德路10號7樓"
"53351813","弘碁國際餐飲事業有限公司","臺北市士林區中正路694號"
"53353919","宸佳餐飲股份有限公司","臺北市信義區基隆路1段163之2號地下"
"53360221","二十一世紀企業有限公司","臺南市安南區安慶里怡安路1段230號"
"53369551","品宥實業有限公司","桃園市中壢區舊明里中正路360號"
"53370608","宏加州有限公司","桃園市中壢區中央里復興路30號1樓"
"53374626","聯亭餐飲有限公司","臺中市西區公正里精誠路338號"
"53378432","健宏餐具清洗有限公司","桃園市中壢區自信里25鄰普騰街26巷1號"
"53384336","宥捷有限公司","桃園市龍潭區中山里北龍路249號"
"53400413","三千富食品股份有限公司","新竹市北區民富里經國路2段253號1樓"
"53400477","祥禎食品有限公司","桃園市桃園區雲林里桃鶯路217號"
"53400498","承芯有限公司","桃園市中壢區興仁里榮民路71號1樓"
"53407653","馬拉贏實業股份有限公司","南投縣魚池鄉魚池街565號"
"53410186","永力美有限公司","新北市三重區永吉里自強路3段97號1樓"
"53416359","川億食品有限公司","新北市汐止區橋東里忠孝東路445號"
"53417532","苙潔康商業有限公司","新北市板橋區忠孝路忠義巷15弄45號"
"53434510","極品美味餐廳有限公司","新北市汐止區新台五路1段108號"
"53472035","南紡流通事業股份有限公司","臺南市東區東光里中華東路1段366號、398號7樓之1"
"53472605","杰諾瓦國際有限公司","桃園市楊梅區大同里新農街263號1樓"
"53476671","蕭晴餐飲管理顧問有限公司","臺中市北屯區陳平里陳平路25巷31號1樓"
"53478853","富霖食品有限公司","桃園市八德區大慶里介壽路一段940號1樓"
"53480669","盈泰餐具股份有限公司","臺中市西屯區上墩路327號"
"53490028","冠鈞事業股份有限公司","臺中市西區忠明南路270號20樓之2"
"53511136","三仙台海灣飯店有限公司","臺東縣成功鎮忠智里新生路89號"
"53511375","宥龍工程有限公司","臺中市沙鹿區三鹿里保安路22號1樓"
"53511874","創新環境清潔有限公司","臺南市永康區鹽行里中正南路640之3號2樓"
"53514746","復字號環保科技有限公司","彰化縣溪湖鎮湖西里二溪路一段296號"
"53525785","金三友宴會餐飲股份有限公司","臺北市文山區育英街45巷21號1樓"
"53527469","贏贏國際有限公司","臺北市中山區天津街50號1樓"
"53534150","東京麥力股份有限公司","臺北市松山區光復北路7號6樓"
"53534807","探吉事業有限公司","新北市淡水區大忠街139號(1樓)"
"53554520","泰豐米有限公司","臺北市中山區中山北路2段79號3樓"
"53555020","保綠金國際開發股份有限公司","臺北市內湖區新湖二路228號4樓"
"53565759","惠銀有限公司","臺北市松山區龍江路147號7樓之6"
"53566321","珂記企業有限公司","新北市汐止區東山里汐平路2段780號之1"
"53570676","百麒洗衣實業有限公司","高雄市鳳山區瑞興路376號1樓"
"53570922","羿弓國際有限公司","高雄市左營區華夏路256號4樓"
"53578706","祝賀康能量顧問有限公司","高雄市左營區子華路36號1樓"
"53596520","泰賺有限公司","高雄市鼓山區中華一路350號10樓之2之3"
"53600587","立潔新有限公司","臺中市北區長青里漢陽街51之1號"
"53601262","宏瑋企業有限公司","臺中市大肚區太平路8巷62之15號1樓"
"53601761","亦傑有限公司","桃園市八德區大湳里和平路411巷102號"
"53612964","巧味有限公司","新竹縣湖口鄉孝勢村中山路二段103號1樓暨地下室"
"53615815","才庫有限公司","新竹縣新豐鄉埔和村6鄰埔頂157之16號1樓"
"53616650","丞田餐飲有限公司","屏東縣屏東市崇武里建國路123號"
"53619474","恆陽科技有限公司","屏東縣萬丹鄉社上村萬丹路3段332巷10號"
"53624589","潔事有限公司","桃園市桃園區經國路246-1號3樓"
"53641356","鉦峰環保科技有限公司","臺東縣臺東市南王里更生北路559巷40號1樓"
"53673167","伯仲有限公司","連江縣南竿鄉清水村20號"
"53685163","采豐有限公司","新北市坪林區粗窟路3號"
"53687887","樂實國際有限公司","新北市新莊區中平路132巷1弄6號1樓"
"53704062","誠至有限公司","新北市蘆洲區民義街35巷6號2樓之1"
"53706250","新茂工程有限公司","新北市汐止區仁愛路119巷14號1樓"
"53709186","威鴻工程有限公司","新北市汐止區仁愛路119巷14號1樓"
"53721225","元格有限公司","新北市新莊區中港里幸福路670巷2弄23號9樓"
"53723700","愷德國際有限公司","新北市三重區光復路1段83巷2號8樓"
"53726452","三禾園餐飲有限公司","新北市三重區中央南路107號(1樓)"
"53734039","易明訊息股份有限公司","臺北市松山區南京東路4段152號10樓"
"53751000","糖朝餐飲股份有限公司","臺北市大安區忠孝東路4段201號2樓"
"53753112","星展國際餐具有限公司","臺北市中山區中原街24號1樓"
"53760922","世悅天國際股份有限公司","臺北市大安區敦化南路2段57號9樓"
"53772173","樸晟實業股份有限公司","臺北市大安區忠孝東路4段153號12樓"
"53775333","鼎文室內裝修工程有限公司","臺北市內湖區新明路179號5樓之1"
"53779176","第一家庭美宅服務有限公司","桃園市中壢區興和里環北路107號2樓"
"53780053","和作有限公司","臺中市北區光大里中清路一段100號13樓之5"
"53801135","一品川有限公司","彰化縣福興鄉番社村番社街26-1號1樓"
"53810562","邑潔有限公司","屏東縣屏東市永安里7鄰建興南路14號8樓之4"
"53811339","拓展環保科技有限公司","彰化縣埔心鄉瓦北村瑤鳳路一段330號"
"53817880","詠晨事業有限公司","新竹市新光里食品路369號"
"53829963","鼎旺興業有限公司","屏東縣東港鎮船頭里大順路63號"
"53832876","地利國際開發股份有限公司","臺中市西屯區上石里青海路二段208號1樓、210號1樓"
"53855912","宜蘭力麗開發股份有限公司","宜蘭縣五結鄉二結村中正路三段21號6樓"
"53858571","騰騏國際開發有限公司","臺南市北區和緯路5段234巷4弄77號"
"53865432","育群國際有限公司","臺南市善化區坐駕里民生路435號1樓"
"53865622","更愛餐飲事業有限公司","宜蘭縣宜蘭市成功里12鄰成功路50之2號2樓"
"53891889","蘊嶸國際企業有限公司","高雄市楠梓區土庫路259號5樓之3"
"53893140","安心清潔有限公司","高雄市左營區重和路36號15樓之2"
"53895718","一禾山餐具清洗有限公司","高雄市大寮區鳳林一路300巷25之3號2樓"
"53898362","大宗景觀有限公司","高雄市鳳山區瑞竹路106號1樓"
"53900135","浥喬有限公司","高雄市鳳山區五甲一路328巷5之4號"
"53908072","威群科技有限公司","高雄市左營區文強路269號6樓之2"
"53930481","懷舊便當國際事業有限公司","臺北市內湖區文德路141號1樓"
"53938771","好客餐飲有限公司","臺北市松山區南京東路4段1號9樓"
"53951339","財神到有限公司","臺北市松山區延吉街46巷8之1號3樓"
"53963855","龍皇山國際開發有限公司","臺中市北屯區平和里文心路四段955號19樓之2"
"53982142","利富有限公司","臺中市西區五權五街151號7樓之6"
"53985295","有和展業有限公司","臺中市中區興中街64號2樓"
"53987358","暄品團膳有限公司","新竹縣湖口鄉德盛村德興路100巷18號1樓"
"53989855","齊力資品有限公司","桃園市龜山區金福街16號1樓"
"53993416","台灣通旅有限公司","桃園市八德區大福里思源街126號1樓"
"53997010","足豐食品有限公司","新竹縣新豐鄉松林村新興路146之15號1樓"
"53997052","三煌人力派遣有限公司","桃園市蘆竹區六福路161-11號1樓"
"53997932","足豐實業有限公司","新竹縣竹北市竹義里中華路395號"
"54031212","亞緻宴會有限公司","新北市泰山區貴和里新北大道7段42巷65號"
"54032227","采遠實業有限公司","新北市中和區捷運路8之21號5樓"
"54035694","華以勒有限公司","新北市淡水區淡海路180巷22號"
"54036645","八方雲集餐飲股份有限公司","新北市淡水區水源里水梘頭42之1號"
"54038340","禾言有限公司","新北市新莊區民安路188巷5號2樓之9"
"54039262","祥鴻管理顧問有限公司","新北市新莊區四維里四維路171巷4號"
"54040541","微笑有限公司","新北市三重區頂崁街206巷14號(2樓)"
"54045356","守盛事業有限公司","臺北市信義區松德路65號11樓之1"
"54046186","禾豐物業管理顧問有限公司","新北市中和區立德街98巷93號(2樓)"
"54070734","禾倢環境事業有限公司","臺南市安南區安富里安富街199巷5弄19號1樓"
"54102139","綠地環境科技有限公司","臺中市南屯區鎮平里水碓巷24-1號1樓"
"54103550","洺美企業有限公司","桃園市八德區茄苳里永豐路222號1樓"
"54113945","威霖實業有限公司","桃園市桃園區西湖里育樂街38號1樓"
"54118218","橄欖國際食品有限公司","桃園市桃園區北埔里中正路1465-1號"
"54138880","長錦工程有限公司","彰化縣福興鄉秀厝村福三路三段498號1樓"
"54161925","莎妃亞國際有限公司","臺北市中山區民族東路410巷23弄11號1樓"
"54181197","恆利有限公司","臺北市松山區八德路4段604之22號"
"54183202","洗得靈生技股份有限公司","臺北市松山區南京東路4段164號5樓之4"
"54201790","田裕實業有限公司","高雄市三民區建工路212巷29號1樓"
"54204023","璽涤食具實業有限公司","高雄市岡山區前峰路286巷32號"
"54205022","阿羅哈清潔有限公司","高雄市大寮區翁園路123之2號1樓"
"54207056","橘樂安廚有限公司","高雄市三民區青年路2段537號"
"54217104","煌澤科技有限公司","高雄市岡山區協和路100之1號"
"54228756","煒絜實業有限公司","屏東縣潮州鎮三星里長壽街290號"
"54239775","昌富食品有限公司","雲林縣北港鎮南安里信義路47-1號1樓"
"54268118","三千富實業有限公司","新竹市振興里南大路622號"
"54271985","鐸奎企業有限公司","新北市永和區保福路2段109巷26號"
"54273098","毅誠物業綜合事業有限公司","新北市板橋區文化路1段285巷69號"
"54274006","松柏人力資源有限公司","新北市新莊區後港一路94巷3弄1號"
"54278333","明釩企業有限公司","新北市三峽區溪東路371巷4弄17號(1樓)"
"54279945","淨怡環保科技有限公司","新北市中和區中山路2段362之1號5樓"
"54299610","力節有限公司","新北市八里區商港六路37號8樓"
"54305232","泳俐物業有限公司","新北市板橋區華翠里莒光路114巷4號(1樓)"
"54312727","巨翰企業有限公司","新北市板橋區長安街168巷15號(1樓)"
"54316575","喬茵實業有限公司","新北市板橋區民治街74號3樓"
"54317976","原朝實業有限公司","新北市汐止區忠孝里樟樹一路133巷1號2樓"
"54325173","天鷹公寓大廈管理維護股份有限公司","臺北市信義區忠孝東路5段669號6樓"
"54364962","井治實業有限公司","臺北市信義區福德街235號3樓"
"54399250","帝盈環保餐具有限公司","臺中市大里區長春路78巷31弄31號1樓"
"54500066","開嶸事業有限公司","臺中市龍井區龍泉里中社一街192號2樓"
"54504921","夏之芙有限公司","桃園市平鎮區北貴里26鄰大仁街22號1樓"
"54514104","三祐國際資源開發股份有限公司","花蓮縣新城鄉嘉里村嘉里路17號1樓"
"54521153","柏鉻富股份有限公司","桃園市平鎮區義民里復旦路二段117巷10號1樓"
"54523238","鴻明興業有限公司","高雄市仁武區仁雄路497號2樓"
"54529887","領先節能高科技股份有限公司","桃園市龜山區迴龍里萬壽路一段92號1樓"
"54546247","芸崴國際餐飲事業有限公司","新竹市前溪里公道五路三段536巷66號"
"54549482","全國企業有限公司","臺南市南區建南里永成路2段587號"
"54557243","竹涓有限公司","臺南市東區東安路186號1樓"
"54559642","老河餐具清潔有限公司","臺南市新市區社內里社內128-7號1樓"
"54574215","坤泰科技開發股份有限公司","臺南市歸仁區看西里成功七街71號1樓"
"54575740","神愛人居家服務有限公司","臺南市安平區2鄰育平九街192巷71號五樓之22"
"54580693","八方縱橫有限公司","臺中市東區新庄里復興路4段101號"
"54591431","弘廉國際有限公司","臺中市南屯區文山里文山三街70-3號5樓"
"54595464","慶豐樂有限公司","臺中市西屯區何成里大容西街67號3樓之2"
"54601753","中南海會展事業股份有限公司","臺中市西屯區大墩二十街153號2樓"
"54611577","友意間清潔有限公司","高雄市大寮區鳳林一路300巷25之3號1樓"
"54639548","榮星有限公司","臺北市松山區南京東路4段164號12樓"
"54639786","亮點人才顧問有限公司","臺北市士林區德行西路36號3樓之12"
"54641122","千手國際事業有限公司","臺北市萬華區漢口街2段54之26號1樓"
"54642939","崇美生醫科技有限公司","臺北市松山區南京南路4段130號2樓之1"
"54647701","宣友開發有限公司","臺北市中山區長春路100號8樓之8"
"54653739","富浴室內裝修有限公司","臺北市內湖區行忠路28巷1號1樓"
"54668064","台灣印象飯店股份有限公司","臺北市大同區保安街11號及13號"
"54689928","好寶寶實業有限公司","新北市新莊區富國路125號4樓"
"54694838","長易有限公司","新北市林口區東林街17之3號"
"54699427","展沛國際企業有限公司","臺北市大安區信義路2段72號地下"
"54707355","嘉成實業有限公司","新北市板橋區僑中里僑中二街114巷3號2樓"
"54711127","創新餐飲設備有限公司","新北市三重區光明里重安街67號8樓"
"54718212","華利達股份有限公司","新北市新莊區復興路3段41號(2樓)"
"54719465","台灣北本科技有限公司","新北市樹林區新興街1巷9號3樓"
"54724235","晶海實業有限公司","新北市汐止區建成里建成路78號10樓"
"54729793","鴻達資源開發事業有限公司","新北市板橋區公舘里文化路1段285巷69號"
"54731995","華芝清潔有限公司","新北市三芝區淡金路2段67號6樓"
"54749995","大中清潔有限公司","苗栗縣苑裡鎮苑港里9之8號1樓"
"54751540","毅鼎新光電有限公司","臺中市神岡區社口里民權一街63號1樓"
"54755166","浩客美食有限公司","臺中市大里區國光路二段297號"
"54766522","紘禎工程有限公司","臺中市沙鹿區三鹿里保安路22號"
"54771551","百事達國際飯店股份有限公司","花蓮縣花蓮市國聯里國聯五路151號1樓"
"54782282","墾丁龍潭休閒育樂有限公司","屏東縣恆春鎮山腳里恆南路1號"
"54782353","綺煥股份有限公司","屏東縣東港鎮頂中里中山路86之1號1樓"
"54789715","慕寶有限公司","桃園市桃園區中信里中山路1046號1樓"
"54799925","金喜來食品有限公司","屏東縣里港鄉永春村永春路4之3號"
"54803218","昕峰實業有限公司","桃園市桃園區同德里南平路370號2樓"
"54834129","老日香食品有限公司","新北市新莊區碧江街98號"
"54842090","合器家居餐具有限公司","新北市新莊區中華路1段136巷22號2樓"
"54849679","亮邑有限公司","新北市新莊區中安街21號2樓"
"54856740","宏品餐飲股份有限公司","新北市中和區莒光路50號(1樓)"
"54891514","廣之星國際開發有限公司","臺中市霧峰區吉峰里中正路1295號3樓"
"54905600","好友餐飲有限公司","臺中市北屯區旅順路二段320號4樓之1"
"70358564","綠色生活國際有限公司","新北市中和區景平路59之16號1樓"
"70369648","里源實業股份有限公司","新北市新店區寶橋路235巷127號3樓之1"
"70437548","永發環境科技管理有限公司","臺北市大安區敦化南路1段205號11樓"
"70542942","安防有限公司","臺北市大同區民族西路205巷4號1樓"
"70582818","新新亞太有限公司","臺北市中山區南京東路2段60號11樓"
"70728953","九品廢棄物清除有限公司","雲林縣臺西鄉海口村中山路399巷11號"
"70806211","金軒麗實業有限公司","金門縣金城鎮環島北路38巷1弄9號2樓"
"79963346","聖捷興業有限公司","新北市新店區安康路2段242巷1號3樓"
"80202041","速柏克林股份有限公司","臺北市士林區忠義街71巷13弄8號地下"
"80241375","宏莉有限公司","屏東縣屏東市新生里復興南路一段376巷57弄7號"
"80257848","合豐美食團膳科技有限公司","桃園市八德區和成路22號1樓"
"80373826","互動互惠廣告行銷開發事業有限公司","高雄市苓雅區同慶路18號"
"80465867","萬全國際事業有限公司","臺南市南區大忠里大同路2段620巷2號3樓"
"80479736","邦比妮有限公司","新北市新店區中正路154巷5號1樓"
"80496622","寶淨環保科技股份有限公司","高雄市岡山區本洲里本工三路9號1樓"
"80502574","台灣寶麗淨股份有限公司","新北市土城區福安街七一號"
"80525598","百濟環保科技有限公司","臺北市內湖區成功路4段214巷2弄2號1樓"
"80569960","明鑫美食餐飲科技有限公司","桃園市桃園區安慶街133巷30號1樓"
"80628709","川喬有限公司","屏東縣屏東市龍華里公華街2-1號"
"80633061","總豪璟實業股份有限公司","新北市新莊區中正路831號之2"
"80651383","康鈺國際股份有限公司","桃園市中壢區東園路38之2號2樓"
"84471784","展新環保工程股份有限公司","新北市新店區寶橋路235巷125號8樓之2"
"84693786","捷祺醫療儀器有限公司","嘉義市西區福安里姜安街9號1樓"
"84791800","首都公寓大廈管理維護股份有限公司","臺北市松山區八德路2段400號7樓"
"84976807","一鮮生物科技股份有限公司","屏東縣東港鎮大鵬里大鵬路98號"
"86172614","金弘清潔維護有限公司","臺北市南港區南港路3段201號1樓"
"86302291","茂鴻能資有限公司","臺北市南港區研究院路2段35巷23弄25號3樓"
"86385187","達美樂披薩股份有限公司","臺北市中山區中山北路2段45巷21號3樓"
"86467080","美康陶瓷玻璃股份有限公司","桃園市中壢區忠福里東園路38之2號1樓"
"89269697","興鎰企業有限公司","臺南市東區大同路二段245號5樓之3"
"89786382","綠地環保事業股份有限公司","臺中市南屯區大同里精誠路574巷22號1樓"
"89813058","錦石企業有限公司","彰化縣彰化市南美里崙美路386號"
"97025153","大正銳業有限公司","桃園市新屋區石牌里6鄰石牌嶺1之3號"
"97034202","台灣潔臣有限公司","花蓮縣花蓮市民運里忠義二街61號1樓"
"97208370","華懋興實業有限公司","新北市汐止區福安里新台五路2段88號3樓"
