﻿"統一編號","商業名稱","商業地址","登記狀態"
"00665792","英明切麵店","基隆市信義區東信路一四五號之一二","核准設立"
"01250080","上將包子企業社","桃園市龜山區龜山里萬壽路二段735號1樓","核准設立"
"02297372","正光製麵工廠","新北市貢寮區和美街２１之１號１樓","核准設立"
"05824806","昱冠實業工廠","臺中市大甲區頂店里開元路70-1號","null"
"05844839","新仁製麵行","臺中市大里區新仁里新仁路一段１２５巷１８弄６號","歇業／撤銷"
"06190750","聯榮農產加工廠","雲林縣北港鎮樹腳里頂庄路八之一號一樓","核准設立"
"06223231","金元成製麵廠","雲林縣東勢鄉東南村東勢西路二八號","歇業／撤銷"
"06373527","普記食品行","臺南市北區六甲里西門路4段200巷12號","歇業／撤銷"
"08727390","上界青小吃店","新北市新莊區民安西路４６８巷１７號２樓","歇業／撤銷"
"09060598","允興食品廠","高雄市鳳山區鎮北里鳳仁路９２之１２號１樓","核准設立"
"09174451","建成製麵店","臺中市太平區新福里中平路２０３號","核准設立"
"09518619","最遊釀酒坊","屏東縣長治鄉榮華村和平路３１－１號一樓","核准設立"
"09518619","最遊釀酒坊","屏東縣長治鄉榮華村和平路３１－１號一樓","核准設立"
"09654613","來來食品廠","新北市汐止區大安街５６巷３３弄７號１樓","核准設立"
"09749392","上芥青飲食店","新北市新莊區民安西路４６８巷１７號２樓","歇業／撤銷"
"10371917","大維製麵廠","臺北市萬華區富民路155巷25號","核准設立"
"10404282","春記商號","澎湖縣馬公市西衛里１６４號１樓","核准設立"
"10626221","德琳企業社","新北市三重區重新路５段６０９巷２０號２樓之２","歇業／撤銷"
"10808502","世新食品行","高雄市鳥松區仁美里仁德路９１號１樓","核准設立"
"10825880","樂山咖啡行","臺東縣卑南鄉溫泉村樂山一一八號","核准設立"
"10873398","東北麵實業社","臺南市東區虎尾里東成街99之1號1樓","核准設立"
"13429723","協佳製麵廠","臺中市大里區仁化里工業八路二六號","歇業／撤銷"
"13502147","豪記食品加工廠","新北市五股區中興路１段２０３巷２號２樓","歇業／撤銷"
"13660383","璀瑟洋行","臺北市北投區大度路3段213號","歇業／撤銷"
"13660383","璀瑟洋行","宜蘭縣羅東鎮公正里林森路一八三之一號二樓","遷他縣市"
"14793523","宜豐園餐品企業社","臺中市豐原區南村里水源路４２８號１樓","核准設立"
"15125035","西門麵店","臺北市萬華區西門市場第二賣店22號","歇業／撤銷"
"15724405","全富行","臺南市安南區布袋里工明二路39號1樓","核准設立"
"18130883","騏勝麵店","南投縣草屯鎮明正里中山街４７２號一樓﹝現場不得堆棧﹞","核准設立"
"18141093","勝達食品行","南投縣草屯鎮御史里中正路一七○八巷十五號","歇業／撤銷"
"19769754","阿吉製麵廠","高雄市三民區灣興街３９巷１６號１樓","核准設立"
"20353109","太子宮麵圈店","臺南市新營區太北里太子宮123之5號","核准設立"
"21463738","德港科技開發洋行","雲林縣斗南鎮阿丹里阿丹151之5號","核准設立"
"24172559","源泰昌食品工廠","彰化縣北斗鎮西德里中山路1段260巷36弄26-1號","核准設立"
"24172559","源泰昌食品工廠","彰化縣北斗鎮西安里復興路８８３號","核准設立"
"24172559","源泰昌食品工廠","彰化縣北斗鎮西安里復興路８８３號","核准設立"
"25153912","慶昇糧食廠","彰化縣二林鎮北平里新生路二五八巷一號","歇業／撤銷"
"25356359","全玉記食品行","彰化縣永靖鄉永興村九分路293號","歇業／撤銷"
"25484208","立仁生物科技企業社","雲林縣虎尾鎮廉使里廉使里1222號","核准設立"
"25487205","?際良品製麵廠","雲林縣大埤鄉南和村南門街10之1號","核准設立"
"25573145","好野人企業社","臺北市中山區新生北路2段58巷21號1樓","歇業／撤銷"
"25713883","長隆食品行","高雄市仁武區灣內里仁心路２０巷２２號１樓","歇業／撤銷"
"25723720","盛香津食品工廠","高雄市岡山區為隨里為隨東路６６巷５號","核准設立"
"25733425","苔統企業行","高雄市左營區文瑞路５７號１樓","停業"
"25733425","苔統企業行","高雄市左營區文瑞路５７號１樓","歇業／撤銷"
"25772539","協竑實業社","臺南市關廟區東勢里東安街49號1樓","核准設立"
"25923240","小樽烘焙工房","高雄市苓雅區廣州1街131、133號1樓","歇業／撤銷"
"25984111","瑞隆陸店","高雄市前鎮區瑞隆路438號","歇業／撤銷"
"25990107","好客庄企業社","高雄市美濃區中興路１段４７號１樓","歇業／撤銷"
"26020874","巧美創意商行","高雄市三民區大順２路３０３號１樓","核准設立"
"26236939","安康食品社","臺北市內湖區安康路141號","核准設立"
"26409501","信泉行","澎湖縣馬公市朝陽里六合路55巷10號1樓","核准設立"
"26434972","毛伯麵坊","臺南市六甲區六甲里中正路813號1樓","核准設立"
"26443613","翁仕傑食品行","臺南市安南區淵東里智安二街10號1樓","核准設立"
"26510014","幸福分享食品工坊","新北市中和區景新街295巷8之3號4樓","停業"
"26535845","開葉實業社","新北市三重區永福街197巷37弄15號","歇業／撤銷"
"26545490","灣灣生態農莊","新北市深坑區北深路3段251號4樓","歇業／撤銷"
"26551008","八方製麵廠","臺北市中山區民族東路410巷5號","核准設立"
"26551008","八方製麵廠","新北市三重區力行路1段19號","遷他縣市"
"26748122","偉新製麵廠","新北市中和區華安街32巷10號","歇業／撤銷"
"26821684","廖泉興製麵工廠","臺中市清水區下湳里菁埔路１３之１號１樓","核准設立"
"26940773","雅米麵包坊","彰化縣北斗鎮新政里三民街69號1樓","歇業／撤銷"
"30332033","欣園客家美食坊","新竹縣關西鎮東安里中豐新路１３５號","核准設立"
"30332033","欣園客家美食坊","新竹縣關西鎮東安里中豐新路１３５號","核准設立"
"31590327","全麥屋企業","金門縣金寧鄉湖埔村慈湖路一段１００號","核准設立"
"31855369","鷹流企業社","臺北市大安區忠孝東路4段216巷27弄14號","核准設立"
"31868511","品樂食品行","臺北市松山區民生東路3段113巷25弄13號","核准設立"
"33148497","協成米粉製造廠","新北市土城區承天路４３巷４號","核准設立"
"33151746","和益切麵商行","新北市板橋區干城路１３９號３、４樓","歇業／撤銷"
"33686024","雲海商店","新北市板橋區漢生西路81號","核准設立"
"34058573","三和麵線行","新北市五股區水碓路４７巷２號","核准設立"
"34132228","恒琳商店","新北市永和區竹林路２２５巷１３號之１","核准設立"
"34845345","康博利企業社","連江縣南竿鄉介壽村174號","停業"
"34845345","康博利企業社","連江縣南竿鄉介壽村174號","停業"
"35137100","亮昇行","新北市三重區長壽街１－７號","核准設立"
"35270922","珍美麵店","新北市新莊區華興街８號","歇業／撤銷"
"36746469","發現企業社","臺東縣臺東市知本里富裕路五０一巷三十一弄二十二號","歇業／撤銷"
"36828145","植樂食品行","臺南市東區龍山里龍山街93號3樓","歇業／撤銷"
"36831704","嘟嘟好食品企業社","臺南市永康區龍潭里中山北路164巷158弄14號","歇業／撤銷"
"36837685","琳家麵食專賣店","臺南市善化區坐駕里民生路379號1樓","核准設立"
"36917625","?昇食品行","高雄市三民區天祥一路１５１號１樓","核准設立"
"36940246","新豐麵食加工企業社","高雄市路竹區中正路７９號１樓","核准設立"
"37554517","穀粒蔬食自然風味料理","臺南市中西區天后里民權路2段242號","歇業／撤銷"
"37554517","穀粒蔬食自然風味料理","臺南市中西區天后里民權路2段242號","核准設立"
"37733569","原鄉米行","臺東縣池上鄉萬安村龍仔尾七之三號","核准設立"
"37816575","提督興業","桃園市中壢區普慶里中山東路二段545號3樓","核准設立"
"37866407","韓道食品實業商行","新北市板橋區大觀路1段28巷4弄28號之5","申覆（辯）期"
"37866407","韓道食品實業商行","新北市板橋區大觀路1段28巷4弄28號之5","核准設立"
"02555552","順成商店","基隆市中正區豐稔街一一號","核准設立"
"02898369","永得昌食品批發行","連江縣南竿鄉介壽村29號","核准設立"
"05945766","正宇農產商行","彰化縣芬園鄉楓坑村仁愛路一段382巷71號","核准設立"
"06453021","宏仁製麵廠","臺南市北區五福里長北街27號1樓","歇業／撤銷"
"08491508","金雞行","高雄市鳳山區天興里林森路９３巷３３號１樓","歇業／撤銷"
"08565199","濃糧食品行","新北市樹林區俊英街８４巷２５之４號","歇業／撤銷"
"09818593","亞士頓歐式外燴坊","新北市新莊區中正路６４９之２號４樓","核准設立"
"10027823","邑笙米粉廠","桃園市桃園區汴洲里春日路１６５１巷４０號","核准設立"
"10142416","京坊商行","臺南市安南區新順里安和路3段52號1樓","歇業／撤銷"
"10192386","穩發行","屏東縣屏東市玉成里公成路513巷92之1號","核准設立"
"10291421","巧美國際商行","高雄市三民區大順2路303號1樓","歇業／撤銷"
"10686310","珍虹商行","桃園市八德區大宏里桃德路１３７號１樓","核准設立"
"10859403","品晶食品廠","臺南市安南區安順里開安二街63號1樓","核准設立"
"10975183","廣鴻企業社","臺中市大里區大元里國光路一段27號1樓","歇業／撤銷"
"13702433","大智慧企業社","臺南市關廟區新光里新光街210號1樓","核准設立"
"13732696","廣遠食品廠","彰化縣北斗鎮七星里神農路二號","歇業／撤銷"
"14411460","宏廣製麵廠","臺中市霧峰區南柳里新厝路二六一巷十弄八號一樓","歇業／撤銷"
"14411476","鮮味食品廠","臺中市霧峰區南柳里新厝路二六一巷十弄八之一號一樓","核准設立"
"14870197","日寶什貨舖","新北市淡水區民族路29巷52、54、56、58號","歇業／撤銷"
"15599217","連勝食品工廠","雲林縣二崙鄉港後村太平路一六二號","歇業／撤銷"
"17237319","林家製麵廠","臺南市佳里區鎮山里鎮山街122巷11號1樓","核准設立"
"17367332","有騏商行","高雄市鳥松區仁美里美山路３６巷１號","核准設立"
"17630657","義興湯圓行","新北市三重區車路頭街51巷20號","核准設立"
"18331592","中興製麵行","臺中市大肚區自強里遊園路二段２０３巷３弄４７號","核准設立"
"18344816","理想食品廠","雲林縣虎尾鎮安溪里安溪一七八之ㄧ號一樓","核准設立"
"21317258","延生料理坊","高雄市楠梓區德民路919號2樓","停業"
"21479979","登豐食品商行","南投縣草屯鎮碧峰里碧山路陳平巷20號","歇業／撤銷"
"21668486","正霖製麵行","嘉義市東區興南里興業東路３３３號一樓","核准設立"
"21825633","大佳麵行","臺中市西屯區廣福里中清路２０９之３號","核准設立"
"25216061","尚鴻製麵店","苗栗縣三義鄉廣盛村24鄰中正路2巷26號1樓","核准設立"
"25232554","友誠食品行","臺中市大里區大元里國光路一段２７號","核准設立"
"25320923","尤記商號","彰化縣和美鎮面前里西安路256號","核准設立"
"25366048","裕豐米粉企業社","彰化縣竹塘鄉長安村東陽路2段北平巷20號","核准設立"
"25366048","裕豐米粉企業社","彰化縣竹塘鄉長安村東陽路2段北平巷20號","核准設立"
"25484235","盛家製麵廠","雲林縣斗南鎮小東里德業路23號","核准設立"
"25573150","北大皇食坊","臺北市中山區新生北路2段58巷21號1樓","核准設立"
"25583283","良技企業社","臺北市文山區新光路1段164號","遷他縣市"
"25583283","良技企業社","新北市樹林區學成路713號6樓","核准設立"
"25767304","墻記商號","澎湖縣馬公市西衛里165號(1樓)","核准設立"
"25913101","恆順商行","高雄市三民區灣興街５０巷１號","核准設立"
"25987834","漢民柒店","高雄市小港區漢民路２５４號","歇業／撤銷"
"25990465","愛和健康國際美食企業社","高雄市燕巢區安招里安林４街３４號１樓","核准設立"
"25990465","愛和健康國際美食企業社","高雄市燕巢區安招里安林４街３４號１樓","歇業／撤銷"
"25991324","活量商行","高雄市左營區實踐路7號","停業"
"26427058","寬豐手製麵行","臺南市鹽水區福得里康樂路146之1號1樓","核准設立"
"26436599","小樽烘焙工房","臺南市東區崇信里中華東路3段160號","歇業／撤銷"
"26450613","建旺製麵行","臺南市永康區勝利里勝利街197巷8弄27號1樓","核准設立"
"26455552","阿太食品行","臺南市下營區下營里中山路2段29巷1號1樓","核准設立"
"26501726","鴻吉實業行","連江縣南竿鄉清水村99之8號","核准設立"
"26546131","空間餐坊","新北市樹林區佳園路3段372號6樓","申覆（辯）期"
"26735273","東西北製麵店","新北市永和區四維街99號","核准設立"
"26746573","快樂魚餐飲坊","新北市新店區中正路493之4號(2樓)","歇業／撤銷"
"26762806","一方工作坊","新北市三峽區復興路345號(1樓)","停業"
"26995045","讚岐製麵企業社","臺中市北區頂厝里衛道路240之5號一樓","核准設立"
"30206057","阿霞姐私房美食工作室","花蓮縣鳳林鎮鳳義里鳳鳴2路1號","核准設立"
"30310122","洪記食品行","新北市中和區連城路222巷8弄4號1樓","核准設立"
"30371773","三元食品米粉廠","桃園市桃園區汴洲里春日路１６５１巷２４弄８號１樓","核准設立"
"31443509","名閎豆類食品行","新北市樹林區民權街18號","歇業／撤銷"
"31445751","喜上喜商行","新北市新店區中正路４９３之４號（２樓）","歇業／撤銷"
"31494773","松佳食品行","宜蘭縣頭城鎮港口里港口路38號一樓","核准設立"
"31511148","石頭麵線","金門縣金城鎮西門里環島北路38巷1弄18號","核准設立"
"31645456","廣捷實業","新竹市香山區牛埔里東華路12巷11號八樓","核准設立"
"31696742","龍穎食品商行","新北市樹林區太平路253號","核准設立"
"31712412","厚森製麵店","新北市汐止區汐萬路1段418巷40號2樓","核准設立"
"31715305","清全商行","新北市淡水區北新路92號地下一層之3","歇業／撤銷"
"33098031","老介褔食品廠","新北市樹林區保安２街９８號","歇業／撤銷"
"33110302","合進製麵廠","新北市土城區中央路4段125巷17號(1樓)","核准設立"
"33178007","東隆製麵工廠","新北市三峽區民族街２８巷２號?0樓","核准設立"
"33853866","復成麵粉加工廠","新北市汐止區大同路3段487號","核准設立"
"33970013","永記製麵行","新北市板橋區忠孝路?0７６巷９號","歇業／撤銷"
"34084437","龍山麵線行","新北市泰山區福泰街４６巷２１號","核准設立"
"34750380","新曜光商行","新北市三重區中興北街42巷20號","核准設立"
"35107605","永記米粉工廠","新北市三重區河邊北街８６巷２號","核准設立"
"35248204","全福美行","新北市新莊區新莊路７１３巷１２號","歇業／撤銷"
"35426045","大翔食品廠","新北市新莊區建國?0路２９號","歇業／撤銷"
"35566609","錦德食品工廠","新北市新莊區中正路５７６巷２４、２６號","歇業／撤銷"
"36002838","春德行","臺北市中正區南昌路2段89號","歇業／撤銷"
"36464051","頂香食品廠","桃園市八德區大和里建國路９８２號","歇業／撤銷"
"36830000","新茂進製麵工廠","臺南市關廟區東勢里東安街41號1樓","核准設立"
"36895256","德榮麵條店","屏東縣長治鄉德榮村煙墩巷71之5號1樓","核准設立"
"37716576","買大林手作坊","嘉義縣大林鎮中林里14鄰中林138號附1","核准設立"
"37730562","池上紋書香米坊","臺東縣池上鄉萬安村魏厝十二號","核准設立"
"37730562","池上紋書香米坊","臺東縣池上鄉萬安村魏厝十二號","核准設立"
"37746403","好地方創意整合行銷工作室","臺南市北區成德里北成路401號10樓之3","核准設立"
"37746403","好地方創意整合行銷工作室","臺南市北區成德里北成路401號10樓之3","核准設立"
"38580106","及第貿易商行","臺北市中山區中山北路2段85巷15號","核准設立"
"38659454","杰森食品行","高雄市大寮區濃公路２５６巷７９號","核准設立"
"38721295","御品香食品企業社","高雄市彌陀區樂安路１１３號１樓","歇業／撤銷"
"38756147","丫傅工坊","彰化縣員林市民生里永昌街50巷2號1樓","核准設立"
"00110908","合和米粉製造工廠","基隆市仁愛區成功一路五號","歇業／撤銷"
"02857944","川口食品號","新竹市北區民富里延平路１段１７２巷１弄３號","歇業／撤銷"
"06162380","義豐農產加工廠","雲林縣大埤鄉尚義村尚義路八三之六號","歇業／撤銷"
"06381239","商發製麵店","臺南市東區崇學里東門路2段350號1樓","歇業／撤銷"
"07976547","讚億製麵店","高雄市三民區安宜里綏遠２街２４４巷１４號","歇業／撤銷"
"08107461","八三三商行強國街分行","臺東縣臺東市寶桑里強國街三八二巷十四號","歇業／撤銷"
"08450653","榮記企業廠","臺南市永康區尚頂里正南一街139號","核准設立"
"08774766","八方食品社","臺中市豐原區南村里水源路５７５號１樓","核准設立"
"09037696","春安製麵廠","臺東縣臺東市寶桑里勝利街一五八巷十弄一號一樓","核准設立"
"09044280","三峽牛角麵包屋","臺南市中西區三民里民族路2段221號1樓","歇業／撤銷"
"09835381","加加簡餐店","新北市泰山區貴鳳街１號","歇業／撤銷"
"10009281","順益麵行","桃園市桃園區東山里春日路２８號１樓","核准設立"
"10220279","聯銚商行","高雄市左營區自由三路１０１巷１２號１樓","核准設立"
"10773335","度小明擔仔麵","臺南市永康區南灣里南興路101巷20號1樓","核准設立"
"10792776","五個孩子的媽食品行","臺南市佳里區安西里文化路575號1樓","歇業／撤銷"
"10886133","永恆商行","屏東縣麟洛鄉田中村中華路238號2樓","核准設立"
"10992388","風林小舖","臺中市新社區福興里民裕32之3號","核准設立"
"13210660","泉源麵食廠","臺南市永康區尚頂里尚頂路59巷23號1樓","歇業／撤銷"
"13415170","冠升商行","臺中市烏日區前竹里中山路一段和平巷一三０號","歇業／撤銷"
"13439150","歐尼亞食品行","臺中市豐原區豐田里田心路二段四四二號","歇業／撤銷"
"13955160","萬益農產行","彰化縣大村鄉加錫村加錫二巷5-1號","核准設立"
"14642130","柑園食品廠","新北市樹林區東興街１６巷２８號","遷他縣市"
"14642130","柑園食品廠","桃園市桃園區汴洲里?庫西街４６巷１８號１樓","廢止"
"15559691","永豐食品行","新北市中和區中山路２段３４０巷４１號","核准設立"
"17330589","宏吉商行","新竹縣新埔鎮內立里關埔路內立段３２８巷１８號１樓","歇業／撤銷"
"17585463","華新製麵廠","臺南市仁德區新田里勝利路132巷10弄34號1樓","歇業／撤銷"
"17675719","清泰農產加工廠","桃園市桃園區忠義里大有路６１號","歇業／撤銷"
"17790921","大森食品行","雲林縣斗南鎮小東里大業路三Ｏ之一Ｏ號一樓","停業"
"17790921","大森茂食品行","臺中市霧峰區北勢里北豐路204號１樓","核准設立"
"17970347","千禾食品企業社","臺南市安南區四草里大眾六街126巷49號1樓","核准設立"
"17976932","龍承麵店","臺南市東區崇學里崇德四街28號1樓","核准設立"
"18332635","上味食品行","臺中市大里區東興里東榮路６８２號一Ｆ","核准設立"
"18473347","新食景企業社","新北市中和區中正路１１６１號","停業"
"20105869","大方鬍鬚伯麵線","金門縣金城鎮西門里環島北路一段５９之１號","核准設立"
"20190318","旭基麵食","嘉義縣大林鎮德卿街二三號","歇業／撤銷"
"20354557","中一花苑禮品社","臺南市六甲區六甲里中正路570號1樓","核准設立"
"21579689","永騰工業社","新北市三重區中正北路３１７巷２７號","歇業／撤銷"
"25236088","安紀製麵商行","臺中市豐原區民生里府前街１１９號一樓","核准設立"
"25486590","西螺欣傳行","雲林縣西螺鎮中興里中山路280號","核准設立"
"25722406","小樽烘焙工房","高雄市大寮區忠義里鳳林四路１９５號１樓","歇業／撤銷"
"25910358","湖南電機切麵店","高雄市楠梓區後昌路853巷10弄19號","核准設立"
"26019969","名川行","高雄市鳥松區美山路７０巷９１號","核准設立"
"26215499","億芳企業社","臺北市信義區虎林街164巷72號2樓","核准設立"
"26348076","吉家切麵店","臺北市北投區石牌路1段166巷87號","停業"
"26361083","元中寶食坊","臺北市中山區松江路204巷4號1樓","歇業／撤銷"
"26411160","宏軒食品行","澎湖縣馬公市西衛里五福路19號1樓","核准設立"
"26431953","牧場工坊","臺南市北區長榮里長榮路5段5號1樓","歇業／撤銷"
"26461386","阿力屋","臺南市西港區金砂里砂凹子23之10號2樓","歇業／撤銷"
"26534661","八八九餐坊","新北市新莊區四維路97巷2號","歇業／撤銷"
"26700582","鮮集斯企業社","連江縣南竿鄉介壽村85號1樓","核准設立"
"26700582","鮮集斯企業社","連江縣南竿鄉介壽村84號1樓","核准設立"
"26753519","振發食品行","新北市三重區頂崁街217巷8號(1樓)","核准設立"
"26784750","阿宗製麵部","宜蘭縣冬山鄉鹿埔村鹿埔路945巷8號一樓","核准設立"
"26827147","饌喜多工坊","南投縣埔里鎮北門里中山路2段247號1樓","核准設立"
"26939797","祥仁食品行","彰化縣和美鎮頭前里義安路158巷34號1樓","歇業／撤銷"
"27121549","安順製麵廠","雲林縣二崙鄉油車村山子門一四號","歇業／撤銷"
"30263578","金和發麵線","金門縣金寧鄉湖埔村湖下４３之１號","核准設立"
"30319307","禾江商行","新北市板橋區民治街８２巷２３號１樓","核准設立"
"33402602","福壽大麵店","新北市永和區仁愛街７２號","歇業／撤銷"
"33729184","吉成麵店","新北市三重區仁化街３１巷２３號","核准設立"
"34110272","吉美食品廠","新北市樹林區八德街492巷5號(1樓)","核准設立"
"34166824","新一食品行分行","新北市中和區中和路262巷43弄3號","歇業／撤銷"
"34839771","小師傅企業社","桃園市蘆竹區蘆竹里富國路二段746號1樓","核准設立"
"35457503","裕美米粉工廠","新北市三重區河邊北街９６號","歇業／撤銷"
"36816366","達陣商行","臺南市關廟區香洋里中山路2段129號1樓","核准設立"
"36862781","東舖興業社","臺東縣東河鄉都蘭村都蘭路一二一之一號","核准設立"
"36878355","精緻企業","澎湖縣馬公市鎖港里鎖管港39-1號1樓","核准設立"
"37197906","慶隆製麵廠","新北市金山區中山路１３９號","歇業／撤銷"
"37575463","佑泰糧食加工廠","臺南市白河區秀祐里三民路668之3號","核准設立"
"37721867","伯泰製麵店","嘉義縣新港鄉菜公村6鄰菜公厝12-1號","核准設立"
"37735150","池上耘媽咪農園","臺東縣池上鄉新興村新興二０二號","核准設立"
"38471830","福至點心坊","臺北市北投區振華里明德路335巷24號3樓","歇業／撤銷"
"38496564","老麵團食坊","臺北市萬華區和平西路3段61號(1樓)","核准設立"
"38510073","為薪企業社","臺北市中山區復興北路400號3樓之2","核准設立"
"38578208","青陽商行","臺北市大安區延吉街123號1樓","核准設立"
"38578208","青陽商行","新北市中和區連城路238號2樓之1","核准設立"
"38578208","青陽商行","臺北市大安區延吉街123號1樓","遷他縣市"
"38580529","豐物美食行","臺北市內湖區東湖路43巷15號","核准設立"
"38726469","美香濃興業","高雄市美濃區民生路６３號","核准設立"
"38783171","金信利食品加工廠","雲林縣元長鄉山內村安務路4號","核准設立"
"38784586","台灣永豐米糧行","雲林縣西螺鎮中和里延平路57號","核准設立"
"38792214","兆天下貿易行","雲林縣口湖鄉下崙村福安路165巷12號1樓","核准設立"
"38792214","兆天下貿易行","雲林縣口湖鄉下崙村福安路165巷12號1樓","核准設立"
"38794563","鑫榮三製麵廠","雲林縣斗六市太平里公正街80號1樓","核准設立"
"39133204","清富號","新北市瑞芳區?6甲路１５１號","核准設立"
"39195708","瑞馥號","新北市瑞芳區２８０號","廢止"
"39698997","興盛號","南投縣水里鄉車埕村竹湖巷7-2號","歇業／撤銷"
"39768120","廣友農產行","彰化縣大村鄉加錫村加錫二巷5號","核准設立"
"39836936","自家製麵企業社","臺中市北區賴旺里中清路一段７７０號","核准設立"
"37866407","韓道食品實業商行","新北市板橋區大觀路1段28巷4弄28號之5","核准設立"
"37866407","韓道食品實業商行","新北市板橋區大觀路1段28巷4弄28號之5","歇業／撤銷"
"37912417","行義企業社","臺北市北投區石牌路2段357巷1號1樓","核准設立"
"37912417","行義企業社","新北市板橋區府後街1巷12號2樓","遷他縣市"
"37997082","日禾工坊","花蓮縣鳳林鎮鳳信里民權路69巷22號","核准設立"
"37997082","日禾工坊","花蓮縣鳳林鎮鳳信里民權路69巷22號","核准設立"
"38696633","東禾麥企業行","高雄市鳳山區文雅街１７８巷１１號１樓","歇業／撤銷"
"38701452","勝香居手工包子饅頭店","高雄市三民區覺民路７６號１樓","核准設立"
"38702987","烘媽咪食品","高雄市仁武區仁雄路４３巷２９號１樓","核准設立"
"38720937","常發養身蔬菜麵企業行","高雄市三民區黃興路１７９號６樓","歇業／撤銷"
"38720937","常發養身蔬菜麵企業行","高雄市三民區黃興路１７９號６樓","停業"
"38787916","元展科技開發洋行","雲林縣西螺鎮廣福里廣興路162號","核准設立"
"38868570","協進製麵店","臺中市神岡區神岡里神林路６號１樓","核准設立"
"38880238","沁品製麵廠","南投縣南投市南投里民權街145、147號","核准設立"
"38884086","唯進食品","南投縣竹山鎮竹圍里前山路一段98巷23之1號","核准設立"
"38884430","勝發製麵店","南投縣草屯鎮明正里中山街386號","核准設立"
"38892902","茂雄製麵商","彰化縣和美鎮和西里道周路592巷2號","核准設立"
"38926396","億昌企業行","彰化縣埤頭鄉和豐村七號巷30號","核准設立"
"38927016","陳振興商行","彰化縣竹塘鄉竹塘村竹塘街86號1樓","核准設立"
"38927064","福龍行","彰化縣員林市民生里南昌東路35號","核准設立"
"38961858","信州製麵店","南投縣草屯鎮明正里芬草路一段137號一樓","核准設立"
"38994680","勝一製麵","南投縣草屯鎮明正里中山街480號","核准設立"
"39234613","豊盛食品行","新北市瑞芳區魚?7路３２之２號","停業"
"39774220","元利製麵行","彰化縣大村鄉新興村旗興路1段403巷臨8號1樓","核准設立"
"39774220","元利製麵行","彰化縣大村鄉新興村旗興路1段403巷臨8號1樓","核准設立"
"39807812","中太製麵廠","臺中市大里區西榮里新仁路三段１０４號１樓","核准設立"
"39837421","乃擇上品商行","臺中市西區吉龍里五權一街１５號７樓","核准設立"
"39839075","秝洋商行","臺中市潭子區栗林里中山路三段６２５號","歇業／撤銷"
"40061501","益裕全記","宜蘭縣頭城鎮城東里１３巷１號","歇業／撤銷"
"40584178","益興製麵加工部","宜蘭縣冬山鄉廣安村廣安路一一一巷一六號","核准設立"
"40610490","裕洋醬園","宜蘭縣羅東鎮漢民里北成街４８號","核准設立"
"40626091","原竹米粉工業社","宜蘭縣宜蘭市梅洲里梅洲一路２３之３號","歇業／撤銷"
"40654504","台大企業社","臺中市大里區大元里國光路一段２７號１樓","核准設立"
"40660610","朱照洋行","臺中市神岡區社口里文化街１６巷３１號１樓","核准設立"
"40707571","日和丸商行","臺南市中西區銀同里府中街22號1樓","核准設立"
"40716874","由心設計","臺南市永康區勝利里勝利街42巷20號1樓","核准設立"
"40716874","由心設計","臺南市永康區勝利里勝利街42巷20號1樓","停業"
"40728180","日興食品行","臺南市南區郡南里中華南路2段42號之1(1樓)","核准設立"
"40743176","成華製麵","臺南市永康區勝利里勝利街118之6號1樓","核准設立"
"40753011","慶豐商號","臺東縣臺東市大同里寶桑路一六七號","核准設立"
"40867696","范家商號","臺南市鹽水區福得里後厝51之51號1樓","核准設立"
"40867696","范家商號","臺南市鹽水區岸內里清?路198號1樓","核准設立"
"40874269","東品商行","臺南市東區富強里東門路2段301巷80弄29號1樓","核准設立"
"40874887","大丘園農場","臺南市北區和順里臨安路2段249巷22之4號","核准設立"
"41200262","承原大餅店","新北市新莊區新樹路310巷12號","歇業／撤銷"
"41200262","承原大餅店","新北市新莊區新樹路310巷12號","核准設立"
"41290783","展銘企業行","高雄市鳳山區信義街２３４之２號１樓","核准設立"
"41308952","食草山房商行","高雄市美濃區福美路２巷１號１樓","核准設立"
"41310937","美農石頭屋工作坊","高雄市三民區民禮路８１之１號８樓","核准設立"
"41604466","西東號","宜蘭縣羅東鎮信義里倉前路２９號","停業"
"43182206","金原禾製麵廠","桃園市桃園區萬壽里萬壽路３段１５１號１樓","核准設立"
"44795105","永豐商店","桃園市楊梅區豐野里信義路１１３號","歇業／撤銷"
"45207786","堉鑫製麵店","彰化縣永靖鄉光雲村永興路２段２３８巷２６號","歇業／撤銷"
"45829779","鉅加工業社","臺中市外埔區三崁里二崁路３－６號","核准設立"
"45845320","厚嘉食品商行","臺中市南區樹德里大慶街二段9巷32號1樓","停業"
"45863641","慶?製麵行","臺中市西區公益里中美街193巷25號1樓","核准設立"
"46077699","永達米粉社","新竹市北區南勢里成功路３００號","歇業／撤銷"
"47039126","志成食品行","新竹市北區南勢里南勢１２３號","歇業／撤銷"
"47293457","金龍米粉企業社","新竹市北區南勢里延平路一段３５７巷９８弄９號","歇業／撤銷"
"48412163","欣利食品行","新竹縣湖口鄉長安村長安路142號","核准設立"
"48743874","上食堂行","臺北市內湖區永保街138號2樓","廢止"
"48843607","鈺滿堂蛋糕坊","臺北市內湖區洲子街52號","歇業／撤銷"
"49176602","宗興製麵店","苗栗縣苑裡鎮山腳里1鄰山?5之2號","核准設立"
"49181703","東蘭製麵","苗栗縣卓蘭鎮中街里光明路23之7號","核准設立"
"49710008","永興米粉工廠","苗栗縣頭份鎮尖山里一鄰三號","歇業／撤銷"
"50127637","俊達行","苗栗縣竹南鎮竹南里17鄰博愛街163號","核准設立"
"55355309","榮豐米粉工廠","臺中市神岡區溪洲里豐洲路９０２號","核准設立"
"55376698","龍輝碾米工廠","臺中市豐原區東湳里三豐路566巷73號","核准設立"
"55710602","金崧號","臺中市外埔區六分里六分路92號","null"
"56296201","源松號","臺中市外埔區六分里六分路中興巷六號","核准設立"
"57565800","明盛商店","臺中市東勢區東安里第三橫街19號","歇業／撤銷"
"58026154","順興製麵加工部","彰化縣和美鎮好修里西興路一五八號","歇業／撤銷"
"58252313","德豐加工社","彰化縣芬園鄉楓坑村楓林街302號","核准設立"
"59084032","明和實業社","彰化縣埔心鄉東門村員鹿路國義巷４之１號","核准設立"
"59106351","陳振興商行","彰化縣竹塘鄉竹塘村竹塘街８６號","歇業／撤銷"
"59213063","東昇工廠","彰化縣鹿港鎮東崎里彰鹿路５段２巷１９９號","歇業／撤銷"
"60235591","志堅麵線加工部","彰化縣員林市東北里山腳路6段349號","核准設立"
"60272292","振源製麵商號","彰化縣社頭鄉美雅村員集路一段７２５號","核准設立"
"60305218","盈泰製麵部","彰化縣溪湖鎮河東里二溪路８４２之２號","核准設立"
"61399902","源振發","南投縣南投市南投里民族路三二０號","歇業／撤銷"
"61767032","南都製麵店","南投縣南投市漳和里彰南路二段三七五號","核准設立"
"61778903","三元製麵行","南投縣草屯鎮南埔里中正路398之130巷37號","核准設立"
"62650003","福泰麵廠","南投縣鹿谷鄉廣興村興產路一０八號","歇業／撤銷"
"63340702","瑞興行","雲林縣斗六市鎮北里鎮北路一六六號","歇業／撤銷"
"64871018","正豐號","雲林縣北港鎮光復里永生街二五號","核准設立"
"64871018","正豐號","雲林縣北港鎮光復里永生街二五號","核准設立"
"64886510","三協米粉工廠","雲林縣口湖鄉下崙村福安路一六五巷六號","歇業／撤銷"
"65956409","土地公農產工廠","嘉義市東區頂庄里義教街６６２號一樓","核准設立"
"66281585","大興食品社","嘉義縣民雄鄉東榮村建國路一段六二號","歇業／撤銷"
"66371018","久長碾米廠","嘉義縣新港鄉大潭村大潭二一鄰一六之一○號","核准設立"
"40123302","金益發米粉工廠","宜蘭縣宜蘭市西門里文昌路158號一樓","核准設立"
"40595837","醉美味美食工作室","臺中市霧峰區民族路１０號１樓","核准設立"
"40595837","醉美味美食工作室","臺中市南區新榮里復興路三段１４８之５號５樓之１","核准設立"
"40610149","宜品商行","臺中市西區中興里美村路一段１６６號１樓，２樓，地下室","核准設立"
"40648757","如善園商行","臺中市西區昇平里華美街１３１－２號","停業"
"40648757","如善園商行","臺中市西區昇平里華美街１３１－２號","核准設立"
"40657447","元本食品行","宜蘭縣宜蘭市新生里大福路３１巷１８號","歇業／撤銷"
"40718535","何佳佳食品實業社","臺南市安南區原佃里安吉路1段532巷25、27號","核准設立"
"40727274","葉記意麵","臺南市南區佛壇里興南街101巷8弄11號1樓","核准設立"
"40731050","吉晟製麵坊","臺南市關廟區山西里崇善街46號1樓","核准設立"
"40734319","鹿陶農產鮮果行","臺南市玉井區玉田里民權路39巷10號1樓","核准設立"
"40739026","明福麵店","臺南市西港區西港里中山路230號1樓","核准設立"
"40843626","良安製麵工廠","嘉義市西區竹圍里?竹街６２號一樓","核准設立"
"40879193","好記商行","臺南市永康區東灣里民族路145巷19號1樓","核准設立"
"41017820","永?商行","桃園市平鎮區貿易里貿三路33號1樓","核准設立"
"41081250","凡可生技企業社","新北市板橋區大勇街8巷7號","停業"
"41081250","凡可生技企業社","新北市板橋區大勇街8巷7號","歇業／撤銷"
"41081250","凡可生技企業社","新北市板橋區大勇街8巷7號","停業"
"41166932","蕎國食品商行","新竹縣新豐鄉鳳坑村坑子口598之3號","歇業／撤銷"
"41167833","錦泉麵食工作坊","新竹縣新豐鄉重興村光明街3號","核准設立"
"41167860","昱豐實業社","新竹縣湖口鄉和興村德興北路２９０巷５２號","核准設立"
"41296365","紋津食品商行","高雄市茄萣區崎漏路１１號１樓","核准設立"
"41300993","好客庄企業社","高雄市美濃區中興路一段４７號１樓","核准設立"
"41365806","九兆軒食品坊","新北市淡水區自強路48之1號7樓","核准設立"
"41374431","艾芝園食品行","新北市汐止區汐萬路3段310號之1","核准設立"
"41390431","美麗魔手工作室","新北市新莊區立信三街４９號５樓","核准設立"
"41567802","中興米粉工廠","宜蘭縣羅東鎮竹林里中正北路２３５號","核准設立"
"41834603","宜蘭親子單車田園農作室","宜蘭縣宜蘭市新生里大福路二段182號一樓","核准設立"
"42029459","南昌製麵行","宜蘭縣蘇澳鎮蘇南里中正路十三號","歇業／撤銷"
"43859621","一慶食品廠","桃園市大園區田心里大觀路３５２號","核准設立"
"43883349","三羊製麵廠","桃園市桃園區武陵里民生路９７號２、３號","歇業／撤銷"
"45471321","甲旺食品商行","臺中市東區東南里東南街49號1樓","核准設立"
"45495127","同心食品商行","彰化縣埔心鄉經口村建國路３０號１樓","歇業／撤銷"
"45495127","同心食品商行","彰化縣埔心鄉經口村建國路３０號１樓","停業"
"45769370","連勝食品工廠","雲林縣麥寮鄉崙後村沙崙後8之11號","核准設立"
"45781043","丹尼亞烘培坊","南投縣埔里鎮薰化里南昌街２３４號一樓","核准設立"
"46250901","東德成米粉廠","新竹市北區南勢里延平路一段三一七巷三弄四七號","核准設立"
"46359466","國際米粉行","新竹市香山區朝山里中華路五段538號","歇業／撤銷"
"46460527","新華米粉廠","新竹市北區文雅里成功路４６９號","歇業／撤銷"
"46468680","楠記商行","新竹市北區南勢里南勢路１２１–２號","歇業／撤銷"
"46537700","萬登企業社","新竹市香山區頂埔里中山路５２８號","歇業／撤銷"
"46552201","萬壽麵■","新竹市北區石坊里勝利路１４４號","核准設立"
"46552201","萬壽麵舖","新竹市北區崇禮里中山路296巷10號一樓","核准設立"
"46583540","永盛米粉工廠","新竹市北區南勢里延平路一段317巷3弄17號","核准設立"
"47021863","寶元工業社","新竹市北區南勢里南勢１１３–１號","歇業／撤銷"
"47037470","國賓食品行","新竹市北區南勢里南勢路１１１號","歇業／撤銷"
"47202864","松輝工業社","新竹市北區南勢里１２１號","歇業／撤銷"
"47257023","祥春機械企業社","新竹市北區湳雅里光華路５３巷５弄４號","歇業／撤銷"
"48679839","再信資產管理顧問社","臺北市萬華區富民路93之1號1樓","歇業／撤銷"
"48687583","幸福滋味餃子工坊","新北市汐止區康寧街169巷27之1號5樓之3","停業"
"48687583","幸福滋味餃子工坊","臺北市內湖區港墘路127巷29號1樓","遷他縣市"
"48687583","幸福滋味餃子工坊","新北市汐止區康寧街169巷27之1號5樓之3","停業"
"56908096","立成米店","臺南市南區田寮里大成路2段36號1樓","核准設立"
"56908096","立成米店","臺南市南區田寮里大成路2段36號1樓","核准設立"
"56945374","福昇食品行","臺南市東區大德里立德十路49號1樓","核准設立"
"58252411","連發加工社","彰化縣芬園鄉楓坑村坎口巷28號","核准設立"
"58252411","連發加工社","彰化縣芬園鄉楓坑村坎口巷28號","核准設立"
"58652417","台灣省農會酪農鮮乳加工廠","彰化縣彰化市香山里","歇業／撤銷"
"59004185","中宜工業社","彰化縣鹿港鎮龍山里杉行街７號","歇業／撤銷"
"59041029","大豐製麵實業廠","彰化縣彰化市國聖里國聖路175巷130弄3號","核准設立"
"59113206","六農發米粉工廠","彰化縣埤頭鄉合興村斗苑路９２號","歇業／撤銷"
"59180730","宜豐製麵所","彰化縣鹿港鎮海埔里鹿草路二段三百二十三號","歇業／撤銷"
"59215055","源豐碾米工廠","彰化縣芬園鄉芬園村彰南路三段５５４號","列入廢止中"
"59295971","宏泰行","彰化縣芬園鄉楓坑村楓林街二八二號","歇業／撤銷"
"59335972","連美工業社","彰化縣芬園鄉社口村民族路三七巷十五號","歇業／撤銷"
"60497905","同德商行","彰化縣北斗鎮中寮里螺陽路三八號","核准設立"
"60515707","吳慶昌商號","彰化縣埤頭鄉平原村稻香路237巷45弄23號","核准設立"
"60547308","明發行","彰化縣二林鎮北平里建業巷四號","歇業／撤銷"
"63326201","瑞益糧食工廠","雲林縣斗六市鎮北里鎮北路一二三號","歇業／撤銷"
"63680309","利發號","雲林縣北港鎮共榮里褒新路五號","核准設立"
"63883917","勝茂麵筋工廠","雲林縣北港鎮樹腳里大同路六四五巷一號","核准設立"
"64220515","志成製麵工廠","雲林縣二崙鄉崙東村中山路一段二三三號","核准設立"
"64837482","誠香行","雲林縣西螺鎮正興里源成路四四號","核准設立"
"64850695","源竹米粉廠","雲林縣斗六市八德里豐興路二四號","歇業／撤銷"
"64996869","久富食品廠","雲林縣崙背鄉羅厝村東興路一六五之一號","歇業／撤銷"
"66309373","本原食品加工處","嘉義市西區新西里垂楊路６６３巷３號","核准設立"
"66531964","田邊碾米工廠","嘉義縣太保市後潭里後潭三Ｏ二號","核准設立"
"68133999","永昌切麵店","臺南市北區大道里大武街37巷1號","歇業／撤銷"
"68682501","華北切麵舖","臺南市北區北華街15號","歇業／撤銷"
"69290449","源興製麵店","臺南市東區後甲里裕農路621巷72弄19號","歇業／撤銷"
"69362999","中益麵店","臺南市東區小東里小東路198巷22號","歇業／撤銷"
"69389420","永發製麵店","臺南市南區省躬里灣裡路88巷3弄11號","歇業／撤銷"
"71006130","大明製麵所","臺南市白河區庄內里客■內76號","歇業／撤銷"
"71286701","長榮製麵工廠","臺南市白河區白河里康樂路30巷2之2號","歇業／撤銷"
"71525668","福興製麵工廠","臺南市善化區坐駕里大成路274之1號","歇業／撤銷"
"72089088","德興製麵所","臺南市關廟區山西里慶中街5號","核准設立"
"72153010","連發商號","臺南市白河區內角里內角62–1號","歇業／撤銷"
"73085618","合成米粉加工廠","臺南市仁德區土庫里土庫236–1號","歇業／撤銷"
"73114000","秀英製麵舖","臺南市仁德區仁和里仁和106號","歇業／撤銷"
"73156606","全勝發製麵所","臺南市新化區觀音里中正路491號","核准設立"
"73272400","盛雅商號","臺南市玉井區玉田里民主街67號","核准設立"
"73276200","隆盛製麵加工所","臺南市玉井區玉田里中華路135號","歇業／撤銷"
"73850099","和意堂","臺南市南區大林里國民路511巷42之1號","核准設立"
"75305320","明德切麵行","高雄市前鎮區西甲南巷１５４－２號","核准設立"
"75346434","建富製麵店","高雄市三民區遼寧２街１８８巷１２號","核准設立"
"75593201","新合興冬粉工廠","高雄市前金區文東里新田路１９９巷２號","歇業／撤銷"
"75720001","穗明米粉工廠","高雄市鼓山區中華一路４８７號","核准設立"
"75778951","鵬飛製麵店","高雄市前鎮區前鎮街８之７號","核准設立"
"77062065","佳宏麵條食品加工部","宜蘭縣頭城鎮城西里和平街２８號","核准設立"
"77258148","天水製麵","金門縣金城鎮東門里民族路６６號","歇業／撤銷"
"77261045","龍鳳","金門縣金城鎮古城里舊金城１６–１號（限建築物第壹層使用）","歇業／撤銷"
"77262184","長光","金門縣金城鎮南門里中興路１６號","核准設立"
"77265318","榮成肉類加工廠","金門縣金寧鄉盤山村盤山村環島北路８０號","歇業／撤銷"
"77266668","慶佳香肉類食品加工廠","金門縣金寧鄉湖埔村湖浦村湖下２５–２號","歇業／撤銷"
"77300027","梅山","金門縣金湖鎮山外里山外街１號","核准設立"
"77320728","振泰","金門縣金沙鎮汶沙里信義街２號","歇業／撤銷"
"77545395","元順農產加工廠","雲林縣土庫鎮興新里頂圍路二之二號","停業"
"77805125","稻根食品工廠","新北市樹林區佳園路３段７號１樓","核准設立"
"77811668","阿郎製麵廠","雲林縣斗六市林頭里楓溝街六八號","核准設立"
"77813639","建男粉廠","雲林縣西螺鎮振興里廣興路三二之一號一樓","歇業／撤銷"
"78134336","鴻昌製麵廠","彰化縣田中鎮沙崙里興酪路1段161號1樓","核准設立"
"78750295","永得昌食品批發行","連江縣南竿鄉介壽村三二二號","歇業／撤銷"
"80805367","順淯食品行","澎湖縣馬公市西衛里６７號１樓","核准設立"
"83128708","益豐麵店","高雄市左營區屏山里左營大路７０８號","歇業／撤銷"
"83363668","金發福壽麵店","高雄市三民區灣華里新生巷１４２弄１０號","核准設立"
"83606026","金德商號","高雄市楠梓區加昌路２47號","歇業／撤銷"
"85130089","明通商行","高雄市小港區鳳林路１２６巷２８號","核准設立"
"85658126","大統製麵行","高雄市大社區保社里萬金巷１２號","歇業／撤銷"
"85884143","聯宏食品企業社","高雄市大寮區中庄里忠孝路６８號","核准設立"
"93097802","合盛製麵部","臺東縣臺東市知本里知本村新興路十七號","歇業／撤銷"
"93631729","春安商號","臺東縣卑南鄉賓朗村一鄰下澱粉十八號〈門牌改編為：28鄰賓朗路684號〉","歇業／撤銷"
"93667198","金龍食品工廠台東廠","臺東縣太麻里鄉三和村漁場三十之七號一樓","歇業／撤銷"
"94302339","福明製麵店","花蓮縣花蓮市公正街七號","歇業／撤銷"
"96183219","連發號","澎湖縣馬公市西衛里４５號","核准設立"
"96203117","進興商號","澎湖縣馬公市西衛里２號１樓","核准設立"
"96677542","大成號","澎湖縣湖西鄉隘門村３７–１號１樓","核准設立"
"98925982","上好製麵廠","屏東縣潮州鎮潮州里建基路38號","核准設立"
"99231030","心動商行","新北市三重區３和路４段９７之１號","核准設立"
"99391795","頂發食品企業社","高雄市鳥松區美山路７０巷９１號","核准設立"
"99538643","啟豪製麵店","高雄市鳳山區埤頂里埤頂街１７６巷１３號１樓","核准設立"
"99900037","勝發行","新竹市香山區南港里古市巷３１號","核准設立"
"99900412","金發米粉工廠","新竹市香山區埔前里埔前３３號","核准設立"
"99901132","天一米粉工業社","新竹市東區前溪里白沙１３–１號","核准設立"
"99901301","大興食品行","新竹市香山區香村里５鄰柑林溝３–１２號","歇業／撤銷"
"99903246","源益米粉工廠","新竹市北區西雅里中山路保長巷２７號","歇業／撤銷"
"99903257","萬登米粉工廠","新竹市香山區頂埔里中山路５２８號","核准設立"
"99906674","和平米粉工廠","新竹市北區客雅里和平路２號","歇業／撤銷"
"99913953","新榮和米粉工廠","新竹市北區南勢里延平路１段３５７巷１２４號","歇業／撤銷"
"99918462","裕豊行","新竹市東區東門里復興路８４號","歇業／撤銷"
"99919113","聯陽米粉工廠","新竹市東區東門里松寮路１號","核准設立"
"66469119","順利糧食工廠","嘉義縣水上鄉大崙村大崙五六之一號","歇業／撤銷"
"66921230","泰益麵線企業社","新北市樹林區大安路516號8樓","核准設立"
"66941186","益弘食品廠","新北市中和區中山路２段３４０巷４７號","歇業／撤銷"
"67137906","昆林碾米工廠","嘉義縣鹿草鄉重寮村中寮七八號","核准設立"
"67321369","義興行","嘉義縣朴子市里大糠榔四五七號","核准設立"
"68073417","元興切麵舖","臺南市東區後甲里裕農路621巷72弄35號","核准設立"
"68614315","連發米粉工廠","臺南市北區成功里西門路4段533巷3號1樓","歇業／撤銷"
"69363300","德昌製麵鋪","臺南市安南區溪北里文安街154號","歇業／撤銷"
"71105700","仙珍製麵商號","臺南市東山區東山里307之1號","核准設立"
"71262406","兩記製麵工廠","臺南市善化區坐駕里中正路9巷5號","歇業／撤銷"
"71470501","盛利米粉工廠","臺南市白河區大竹里大排竹120之20號","歇業／撤銷"
"71570902","瑞益製麵廠","臺南市白河區白河里新富街36號","歇業／撤銷"
"71665816","德泰麵條加工所","臺南市柳營區士林里53之58號","歇業／撤銷"
"73047066","正發麵店","臺南市歸仁區許厝里許厝49號","歇業／撤銷"
"74283025","裕大行","臺南市佳里區建南里仁愛路408號","核准設立"
"74381709","富安號","臺南市安定區蘇林里135號","歇業／撤銷"
"75717408","魯昌商行","高雄市苓雅區凱旋里中正５巷１０號","歇業／撤銷"
"77257226","永利","金門縣金城鎮西門里中興巿場２６號","歇業／撤銷"
"77259842","東成製麵店","金門縣金城鎮東門里菜巿場路２號","歇業／撤銷"
"77261087","豊隆","金門縣金城鎮古城里小古崗３２號","核准設立"
"77263959","源昌","金門縣金城鎮東門里民族路６８號","核准設立"
"77322084","金龍豬肉加工廠","金門縣金沙鎮何斗里何厝４８–１號","歇業／撤銷"
"77322098","金味肉類食品加工製造","金門縣金沙鎮汶沙里三民路４０號","核准設立"
"77342933","福順","金門縣烈嶼鄉上歧村楊厝１０–２號","歇業／撤銷"
"77342954","新成","金門縣烈嶼鄉上歧村楊厝２號","核准設立"
"77702159","文正製麵廠","新竹縣竹東鎮南華里一鄰東寧路五一六號","核准設立"
"77792466","開心便當廠","新北市板橋區和平路２?0號５樓","核准設立"
"78005993","吉新幸福企業社","新竹縣芎林鄉下山村下山２７–１號","歇業／撤銷"
"78735915","寶利軒食品店","連江縣南竿鄉介壽村96號","核准設立"
"78921734","楠益行","雲林縣虎尾鎮新吉里新吉八五號","停業"
"83606519","鴻運商號","高雄市左營區民族１路９９０號","核准設立"
"83659748","蕭記食品企業社","高雄市橋頭區鹽南路１７號","核准設立"
"85077802","永裕隆碾米廠","高雄市小港區丹山2路93號","核准設立"
"85086128","慶泉製麵店","高雄市鳳山區鎮西里新生街１６５號１樓","核准設立"
"85738108","仲發號","高雄市岡山區大遼里大遼路５２號","核准設立"
"87755200","健米發企業社","新北市中和區中正路１２０６巷８號","歇業／撤銷"
"88178234","建全製麵所","高雄市路竹區竹西里國昌路４４３號","核准設立"
"88178662","協發食品行","高雄市左營區文瑞路５７號１樓","核准設立"
"88213197","泰益製米粉工廠","高雄市阿蓮區阿蓮里中正路７４號","歇業／撤銷"
"90392787","享樂機麵店","屏東縣屏東市長安里光復路２１７巷３號","歇業／撤銷"
"90701566","小林牛仔屋","屏東縣屏東市安樂里杭州街三一號一樓","歇業／撤銷"
"93188508","金榮豐麵廠","臺東縣臺東市中正里二十鄰光明路一一九號","核准設立"
"93315005","惠隆製麵廠","臺東縣臺東市東海里中華路一段八八Ｏ號一樓","核准設立"
"94268901","榖村號","花蓮縣花蓮市國聯里中山路五七一巷十一號","核准設立"
"94333902","明宗製麵號","花蓮縣花蓮市主商里博愛街一三○號","歇業／撤銷"
"94733560","和豐行","花蓮縣秀林鄉和平村和中七四號","歇業／撤銷"
"94791863","福興麵店","花蓮縣花蓮市民生里公正街七號","核准設立"
"96152601","和興號","澎湖縣西嶼鄉池東村１５７號","核准設立"
"96625003","新來發","澎湖縣馬公市西文里西文澳八一之一號","核准設立"
"97634509","世昌工廠","雲林縣莿桐鄉埔尾村油車路九０號","核准設立"
"98783560","悟元美食店","新北市新莊區新樹路１７８號","核准設立"
"98806183","連發米粉工廠","臺南市北區成功里西門路4段533巷3號1樓","核准設立"
"99106954","佳泰食品行","臺中市太平區太平里永豐路６７巷９號１樓","核准設立"
"99501134","新順發製麵工廠","臺南市新化區武安里中正路53號","核准設立"
"99900323","勝發行","新竹市香山區頂埔里５３８號","歇業／撤銷"
"99900413","金秀米粉工廠","新竹市香山區中埔里１１–１號","核准設立"
"99900426","順興米粉工廠","新竹市香山區頂埔里埔羌圍１０號","核准設立"
"99900835","昭明米粉工廠","新竹市北區南勢里南勢９５號","核准設立"
"99901072","人緣美容坊","嘉義市東區安平里蘭井街１０７號一樓","歇業／撤銷"
"99901072","人緣美容坊","臺中市北屯區松強里昌平路２段１２之１５巷３２號","遷他縣市"
"99901072","台灣米粉加工社","新竹市香山區南港里８鄰７５號","核准設立"
"99903498","萬登企業社","新竹市香山區頂埔里中山路５２８號","核准設立"
"99904013","柳人漢","新竹市北區大同里中正路１１５號","歇業／撤銷"
"99906673","太平米粉工廠","新竹市北區客雅里和平路６–５號","歇業／撤銷"
"99910143","大明碾米工廠","新竹市北區康樂里東大路２５１號","核准設立"
"99905541","?山?工廠","新竹市東區水源里中華路５７–３號","歇業／撤銷"
"99913096","?興米粉工廠","新竹市東區竹蓮里南大路１３６號","歇業／撤銷"
"99911160","漢洋製麵工廠","新竹市東區南門里東南街隘門巷４號","歇業／撤銷"
"99908185","珍記卓振利","新竹市東區南門里西大路２８２號","歇業／撤銷"
"99906669","金田米粉工廠","新竹市北區客雅里和平路４–１號","歇業／撤銷"
"38780189","鄉林苦茶油商行","雲林縣古坑鄉東和村文化路139之10號","核准設立"
"38783876","金圓食品行","雲林縣土庫鎮石廟里復興路66號","核准設立"
"38792896","麥寮製麵廠","雲林縣麥寮鄉麥豐村表福路59號","核准設立"
"38792896","麥寮製麵廠","雲林縣麥寮鄉麥豐村表福路59號","核准設立"
"38834397","永豐泰製麵廠","臺中市烏日區光明里五光路復光三巷１３０號１樓","核准設立"
"38880700","石記商號","南投縣埔里鎮南門里南昌街91號二樓","核准設立"
"38963173","樸藝工坊","南投縣國姓鄉石門村國姓路102之16號","核准設立"
"39706700","吉豪食品行","雲林縣北港鎮華勝里文昌路109號1樓","核准設立"
"39769471","奇緣食品行","彰化縣溪州鄉菜公村民生路1段592號1樓","核准設立"
"39769471","奇緣食品行","彰化縣溪州鄉菜公村民生路1段592號1樓","歇業／撤銷"
"39770174","永泰製麵社","彰化縣永靖鄉永南村永西路83號","核准設立"
"39872411","優糧製麵店","苗栗縣公館鄉館中村大同路市場1號","核准設立"
"39906329","康家食品行","臺中市神岡區三角里大富路１８６巷２８號","核准設立"
"39951225","金石府企業社","花蓮縣花蓮市民族里中山路73號2、3樓","核准設立"
"39951225","金石府企業社","花蓮縣花蓮市民族里中山路73號2、3樓","歇業／撤銷"
"39978006","米鄉麥芽工廠","宜蘭縣宜蘭市新生里宜興路三段132號","核准設立"
"39996742","阿英食品行","金門縣金沙鎮汶沙里博愛街40號","核准設立"
"39999451","馥御香食品行","金門縣金寧鄉湖埔村頂埔下99號","核准設立"
"40168807","洪進香","宜蘭縣宜蘭市北門里東後街７－１號","歇業／撤銷"
"40660718","花芽兒商行","臺中市西區昇平里民生路３６８巷２弄３號２樓","核准設立"
"40713898","騰龍商行","臺南市東區崇明里大同路2段403巷58號3樓","核准設立"
"40715621","饅寶企業行","臺南市安南區海東里同安路237巷1號5樓之2","核准設立"
"40723468","宏鉅製麵坊","臺南市仁德區仁德里文華路3段149巷93號","核准設立"
"40731066","品安商行","臺南市南區喜東里明興路735巷7號1樓","核准設立"
"40828097","麵麵聚道商行","臺東縣臺東市建國里臨海路一段一八一號","核准設立"
"40828097","麵麵聚道商行","臺東縣臺東市建國里臨海路一段一八一號","核准設立"
"40880804","永豐企業社","臺南市歸仁區新厝里復興路116巷10號1樓","核准設立"
"40985075","阿麵製麵廠","新竹縣北埔鄉中豐路157號1F","歇業／撤銷"
"41045446","大新製麵廠","桃園市中壢區龍東里龍東路79號","核准設立"
"41157981","東東食品批發行","連江縣南竿鄉介壽村29號","核准設立"
"41167138","良成製麵店","新竹縣新豐鄉埔和村2鄰82號","核准設立"
"41168164","聯合製麵店","新竹縣芎林鄉下山村3鄰下山25之3號","核准設立"
"41219425","桃一企業社","新竹市香山區南港里南港街101巷23弄190號一樓","核准設立"
"41369676","幸福加一棧","新北市中和區安邦街3號","核准設立"
"41373714","福味製麵","新北市三峽區和平街79巷9號","歇業／撤銷"
"41376775","優美利思生技事業社","新北市蘆洲區信義路266巷24弄9號(1樓)","核准設立"
"41641107","協同米粉工廠","宜蘭縣羅東鎮信義里復興街四號﹝僅使用一樓部分﹞","核准設立"
"43756580","山東麵條店","桃園市桃園區福林里建新街２６號","歇業／撤銷"
"43788387","萬隆食品廠","桃園市八德區白鷺里廣福路1142巷23弄6號","核准設立"
"45035601","天一企業廠","桃園市八德區大興里９鄰５號","歇業／撤銷"
"45793152","龍豪冷凍食品企業社","苗栗縣後龍鎮埔頂里17鄰厝勝路202-8號","核准設立"
"45793152","龍豪冷凍食品企業社","苗栗縣後龍鎮埔頂里17鄰厝勝路202-8號","核准設立"
"45793152","龍豪冷凍食品企業社","苗栗縣後龍鎮埔頂里17鄰厝勝路202-8號","核准設立"
"45811638","新源裕長壽麵之工廠","彰化縣田尾鄉溪畔村中山路２段５０１號","核准設立"
"45811638","新源裕長壽麵之工廠","彰化縣田尾鄉溪畔村中山路２段５０１號","核准設立"
"46077712","永?米粉社","新竹市北區南勢里延平路１段３８４–７號","歇業／撤銷"
"46163907","廷谷商行","新竹市香山區朝山里中華路五段４８０號","歇業／撤銷"
"46192608","卓旭輝製麵廠","新竹市東區福德里福德路２８號","歇業／撤銷"
"46401703","復全米粉工廠","新竹市北區西雅里中山路３７８巷２３號","歇業／撤銷"
"46463025","裔雄號","新竹市北區南勢里南勢１１６號","核准設立"
"46540108","萬盛米粉商行","新竹市北區南勢里延平路一段３５７巷７８號","歇業／撤銷"
"47115117","昭明米粉工業社","新竹市北區南勢里延平路一段三一七巷五三號之一","歇業／撤銷"
"47230593","國豐米粉加工社","新竹市北區南勢里延平路一段391巷51號","核准設立"
"47282254","宏元號","新竹市東區高峰里高峰路４３２巷３６號","歇業／撤銷"
"47284437","山川米粉企業社","新竹市北區西雅里北新街63號","核准設立"
"49703180","新進行","苗栗縣竹南鎮港墘里二鄰二二號","核准設立"
"49717543","尖豐製米粉工廠","苗栗縣頭份鎮尖山里一鄰米粉街６７號","歇業／撤銷"
"49921088","天福師食品行","新北市樹林區俊英街８４巷２５之５號５樓","歇業／撤銷"
"49978758","良麥製麵廠","新北市新店區寶興路３９號１樓","歇業／撤銷"
"50525255","永豐米粉工廠","苗栗縣頭份鎮廣興里一鄰廣興一三之一號","核准設立"
"50534254","新永發米粉工廠","苗栗縣頭份鎮尖山里米粉街61號","核准設立"
"55121491","施美露實業工廠","臺中市神岡區豐洲里前寮路２２號","歇業／撤銷"
"55870179","南豐食品廠","臺中市太平區新福里太平路２５巷１４弄１號","歇業／撤銷"
"57146461","連豐商店","臺中市大肚區王田里興和路１８５巷３１－６號","歇業／撤銷"
"58251216","益隆加工社","彰化縣芬園鄉楓坑村楓林街二七二號","歇業／撤銷"
"58251412","明裕加工社","彰化縣芬園鄉楓坑村楓林街六九八號","歇業／撤銷"
"58251519","日春加工社","彰化縣芬園鄉楓坑村楓林街５８１號","核准設立"
"58609209","莆仙農產食品加工廠","彰化縣彰化市西興里金馬路３段８０２巷３號","核准設立"
"59049161","黃蔣鶴","彰化縣鹿港鎮菜園里和平巷２９號","核准設立"
"59093779","連發製麵工廠","彰化縣埔鹽鄉出水村光明路1段10巷17號","核准設立"
"59133836","大信米粉廠","彰化縣芳苑鄉建平村二溪路七號","歇業／撤銷"
"59213057","新吉發米粉工廠","彰化縣鹿港鎮東崎里彰鹿路５段２巷３２號","歇業／撤銷"
"59284881","新永芳米粉工廠","彰化縣芬園鄉楓坑村坎口巷１１２號","歇業／撤銷"
"59607539","協榮製麵加工部","彰化縣埔心鄉羅厝村羅永巷十三號","歇業／撤銷"
"60462814","正宗麵店","彰化縣大城鄉大城村西平路三十七之八號","核准設立"
"60610006","振昌製麵廠","彰化縣二林鎮振興里自由巷１６號","核准設立"
"60644300","添貴米粉工廠","彰化縣二林鎮南光里儒林路２號之１","歇業／撤銷"
"61097224","亦章製麵工廠","南投縣草屯鎮敦和里敦和路一一八號","歇業／撤銷"
"63343200","葉興商店","雲林縣大埤鄉西鎮村村西鎮路一二七號","核准設立"
"63716405","協進糧食工廠","雲林縣北港鎮南安里中山南路二一巷三五號","核准設立"
"63816501","順源製麵廠","雲林縣四湖鄉施湖村中山西路下湖巷四號","核准設立"
"64286207","長發製麵工廠","雲林縣土庫鎮順天里中正路61號","核准設立"
"64406300","陳聯源製麵廠","雲林縣西螺鎮永安里延平路一二號","歇業／撤銷"
"65536505","培源製麵工廠","嘉義縣水上鄉三鎮村三鎮路七三號","歇業／撤銷"
"66941974","東冠機器工廠","新北市中和區中山路２段３６６巷?0３之?0號?0樓","歇業／撤銷"
"67949524","濟民行","花蓮縣玉里鎮永昌里新生街２號〈限１樓營業〉","核准設立"
"68773642","新億成商店","臺南市中西區福安里中正路131巷36號1樓","核准設立"
"69378818","千代化學社","臺南市北區成德里西門路4段7巷77號","歇業／撤銷"
"02118005","尚豐企業社","新北市八里區忠孝路187號(1樓)","核准設立"
"02762074","新昌米粉廠","新竹縣芎林鄉上山村六鄰文山路八六九巷三號","核准設立"
"02862334","益大行","新竹市東區新興里西大路９７巷１９弄６號","核准設立"
"02863880","台灣米粉加工社","新竹市北區南勢里延平路１段３５７巷２８弄１２號","歇業／撤銷"
"02904480","銅鑼製米麵店","苗栗縣銅鑼鄉銅鑼村一五鄰中正路二三之二號","核准設立"
"02927006","湘記商店","桃園市八德區大愛里重慶街177巷32號","核准設立"
"06162305","弘祥農產加工廠","雲林縣斗六市溪洲里竹圍路四０三號","核准設立"
"06506821","東昇製麵店","臺南市安南區海佃里國安街56巷77弄10號1樓","核准設立"
"07941739","新強行","高雄市岡山區嘉興里嘉興路２３１巷５６號","歇業／撤銷"
"07946642","尚品商行","高雄市岡山區竹圍里大仁北路１４７號１樓","核准設立"
"08403272","連群加工廠","桃園市蘆竹區錦興里南崁下４１–８號１樓","歇業／撤銷"
"08433141","台一便當廠","臺南市仁德區保安里車路墘54之36號","歇業／撤銷"
"08961249","力群製麵廠","臺東縣臺東市民生里四維路二段二十一號","核准設立"
"09182044","尚新食品工廠","臺中市太平區太平里永豐路１０８巷２１號","核准設立"
"09594236","上等商行","高雄市鳳山區鎮北里鳳仁路９２之１５號１樓","核准設立"
"09852727","祥奘健康生活館","新北市新店區復興路４３巷６弄１號１樓","歇業／撤銷"
"09944228","友麥企業社","新北市新店區寶橋路２３５巷１６弄６號１樓","歇業／撤銷"
"10632363","鍋爸食品企業社","新北市新店區民權路１３１號１樓","核准設立"
"10667209","香村食坊","新竹市香山區大庄里大庄路七三號","歇業／撤銷"
"10713082","協原企業社","臺南市關廟區東勢里東安街43、45號1樓","核准設立"
"10835917","乙才食品廠","臺南市仁德區太子里太子四街73巷1號1樓","核准設立"
"10887225","山明企業行","屏東縣屏東市橋南里工業路24號","列入廢止中"
"10980279","恩德沉香坊","臺中市霧峰區吉峰里吉峰路８８之８號","核准設立"
"10987147","鴻福堂糧商號","臺中市北屯區軍功里東山路１段２２０－１５號２樓","歇業／撤銷"
"13336534","三可實業社","高雄市岡山區嘉興里興北巷６２弄１２號１樓","核准設立"
"13378576","隆源企業社","新北市新店區寶興路３９號１樓","歇業／撤銷"
"13691219","悟饕小吃店","新北市新莊區新樹路１７８號１樓","歇業／撤銷"
"13715789","新日光企業社","臺南市關廟區東勢里東榮街226號1樓","核准設立"
"14264973","馥茂企業社","新北市鶯歌區大湖路249號1樓","核准設立"
"14394053","允成製麵廠","臺南市西港區後營里後營394之20號1樓","核准設立"
"14852424","廣友農產行","彰化縣大村鄉加錫村加錫二巷五號","歇業／撤銷"
"15522029","名喜企業社","高雄市大寮區義和里鳳屏二路３７７之７號１樓","歇業／撤銷"
"00066804","日興製麵廠","基隆市安樂區樂一路21號","核准設立"
"15675158","福生企業社","臺中市霧峰區吉峰里吉峰路一一六巷二四號","歇業／撤銷"
"17686878","燿隆麵行","彰化縣溪湖鎮湖東里向上二街２０號１樓","核准設立"
"18063245","素貞行","花蓮縣玉里鎮中城里光明街二十號一樓","核准設立"
"19858622","侑德行","苗栗縣苑裡鎮苑港里苑港１０–５８號１樓","核准設立"
"19977205","力台廣告","屏東縣東港鎮嘉蓮里嘉蓮路２２０號一樓（登記地址僅供辦公使用）","歇業／撤銷"
"20353987","良味商號","臺南市鹽水區福得里後厝31號","核准設立"
"21614686","順多企業社","臺南市下營區茅港里茅港尾271號1樓","核准設立"
"25322838","善生坊","南投縣竹山鎮延和里延和巷8之11號","核准設立"
"25491138","九泰實業社","雲林縣褒忠鄉埔姜村太湖路40之1號","歇業／撤銷"
"25491469","西螺祖傳麻糬","雲林縣西螺鎮詔安里詔安23號","核准設立"
"25509221","和達人食品店","臺北市萬華區西園路1段314之2號","核准設立"
"25552042","大快食品行","臺北市內湖區港華街11之1號","廢止"
"25767352","金紀商行","澎湖縣馬公市西衛里166號(1樓)","核准設立"
"25978899","小樽烘焙工房慶豐伍店","高雄市鼓山區裕豐街47號","廢止"
"25983844","宏珍企業社","高雄市燕巢區安招里安林四街７號１樓","歇業／撤銷"
"26213909","晴光明傳統美食坊","臺北市中山區雙城街10巷31號1樓","核准設立"
"26359761","誠記商行","臺北市中正區南海路98號","核准設立"
"26455737","?妤食品","臺南市新營區太北里太子宮140之29號","核准設立"
"26456898","何上口麵行","臺南市關廟區五甲里東安街185號","核准設立"
"26501704","東湧企業行","連江縣東引鄉中柳村42號","核准設立"
"26501704","東湧企業行","連江縣東引鄉中柳村75號","核准設立"
"26533699","愛之泉企業社","新北市萬里區公館崙52之2號","核准設立"
"26533699","愛之泉企業社","新北市萬里區公館崙52之2號","核准設立"
"26543900","村野企業社","新北市板橋區富山街38巷5弄2號","廢止"
"26612286","富運商業顧問企業社","桃園市龜山區幸福里幸福十五街十五號三樓","廢止"
"26758107","富順製麵店","新北市新莊區中港路615巷23號","核准設立"
"26891077","田莊製麵廠","南投縣竹山鎮中央里田中巷10之3號","歇業／撤銷"
"27120540","興隆製麵工廠","雲林縣西螺鎮吳厝里平和路一一二號","歇業／撤銷"
"29337334","柏陞資訊行","新竹縣竹北市莊敬三路116號","核准設立"
"29337334","柏陞資訊行","新北市新店區碧安街１１巷１１號２樓（現場僅供辦公室使用）","遷他縣市"
"30168841","新興製麵加工店","新北市板橋區景星里３巷１７號","歇業／撤銷"
"30293664","偉客企業社","新北市中和區中山路3段114巷28弄6之2號","核准設立"
"30324420","宇禾食品行","新竹市北區古賢里東大路三段110巷17之1號","歇業／撤銷"
"31421408","金品源食品工廠","新北市中和區建八路１５２巷１號（１樓）","核准設立"
"31509874","金富貴企業社","金門縣金寧鄉盤山村環島北路一段350巷10弄5號","核准設立"
"31874422","闊喜工房","臺北市信義區基隆路2段22號6樓之6","核准設立"
"33233177","振昌麵線店","新北市樹林區中山路３段２８３號","核准設立"
"34298331","好麵熟製麵店","新北市板橋區民享街142巷8號","核准設立"
"36129590","慶昌米粉廠","新北市三重區重新路５段６２７巷３２號","歇業／撤銷"
"36745503","麵麵聚道企業社","臺東縣臺東市建國里光復路一八一號","歇業／撤銷"
"36814120","大關廟製麵廠","臺南市關廟區五甲里東興一街15號1樓","核准設立"
"36838018","利發食品行","臺南市關廟區東勢里東安街245巷63號1樓","核准設立"
"36838018","利發食品行","臺南市關廟區東勢里東安街245巷63號1樓","核准設立"
"36863418","文寬製麵商行","臺東縣臺東市中正里中華路一段二八六號","核准設立"
"36894637","樂味食品行","屏東縣九如鄉九清村忠孝路32號1樓","廢止"
"36911517","全鴻生技企業行","高雄市三民區大順二路６０號１５樓之１","核准設立"
"36950291","皓大農產行","高雄市茄萣區濱海路一段６５之３０號１樓","歇業／撤銷"
"37730535","池上禾穀坊","臺東縣池上鄉大埔村埔中一街三之一號","核准設立"
"37844811","展新麵線實業社","新竹市香山區港南里海埔路171巷99弄30號","核准設立"
"37885278","翊飛企業社","新北市八里區龍米路1段246號5樓之1","核准設立"
"37900524","日月明光企業社","新北市淡水區蕃薯里水碓25巷34號8樓","廢止"
"38819608","鄉城製麵店","苗栗縣頭份鎮興隆里18鄰興三街13巷9號","核准設立"
"38824855","工夫傳統食品工坊","臺中市北區賴厝里北平路二段３０巷６之２號","核准設立"
"38834333","旺得福手工麵點專賣店","臺中市豐原區南陽里南陽路４０１號１樓","歇業／撤銷"
"38932762","安記製麵行","彰化縣溪湖鎮大突里大道街161巷13號","核准設立"
"38933397","茂峰企業社","彰化縣彰化市富貴里民權路213號1樓","核准設立"
"38962370","詠順商行","南投縣草屯鎮明正里中山街422之2號一樓","核准設立"
"38986318","四川涼麵良麵","苗栗縣苑裡鎮苑南里天下路80號（苗栗縣苑裡鎮苑裡公有零售市場綜合類第028鋪位）","核准設立"
"39116009","振東","新北市瑞芳區瑞竹路3之1號1樓","核准設立"
"39811506","丞馥食品行","臺中市大雅區上楓里楓林街２３１巷３０號１樓","核准設立"
"39948215","永光製麵廠","彰化縣北斗鎮光復里光復路534號1樓","核准設立"
"40704357","珍立商行","臺中市北屯區和平里軍福十三路３７５號１樓","核准設立"
"40710702","鹿陶農產企業行","臺南市玉井區玉田里中山路59號2樓","停業"
"40710702","鹿陶農產企業行","臺南市玉井區玉田里中山路59號2樓","核准設立"
"40746167","兆?食品行","臺南市南區明興里德興路50號1樓","核准設立"
"40832607","金鎮禾麥創意烘焙坊","臺東縣東河鄉都蘭村都蘭一七０號","核准設立"
"40997086","世輝米粉工業社","新竹市北區南勢里延平路一段357巷103號一樓","核准設立"
"41001952","宗源商行","基隆市暖暖區源遠路226巷38號7樓","歇業／撤銷"
"41001952","宗源商行","基隆市暖暖區源遠路226巷38號7樓","核准設立"
"41030197","天昕食品行","桃園市中壢區幸福里延平路78號1樓","核准設立"
"41053888","東園手工粿行","新北市土城區國際路43號","核准設立"
"41063936","粲珍食品行","新北市新莊區化成路363巷19號(2樓)","核准設立"
"41075193","有紋小商鋪","新北市新店區中央路133巷13號","核准設立"
"41086591","糕藝工坊","新北市中和區秀朗路3段161號","核准設立"
"41086591","糕藝工坊","新北市中和區秀朗路3段161號","歇業／撤銷"
"41091617","樺毅工作坊","新北市蘆洲區信義路188巷19號(2樓)","停業"
"41091617","樺毅工作坊","新北市蘆洲區信義路188巷19號(2樓)","停業"
"41092974","嘉儀製麵店","新北市蘆洲區三民路52之1號6樓","核准設立"
"41223429","金山二十六食品商行","新竹市東區金山里金山街26號","核准設立"
"41223429","金山二十六食品商行","新竹市東區金山里金山街26號","歇業／撤銷"
"41299969","水蓮秀工作坊","高雄市鼓山區鼓山二路１２１巷３０號","核准設立"
"41384727","長鴻國際實業社","新北市永和區秀朗路1段82號10樓之4","核准設立"
"41384727","長鴻國際實業社","新北市永和區秀朗路1段82號10樓之4","核准設立"
"41384727","長鴻國際實業社","新北市永和區秀朗路1段82號10樓之4","核准設立"
"41395978","兒記小舖","新北市石碇區石碇東街36號(1樓)","核准設立"
"41395978","兒記小舖","新北市石碇區石碇東街36號(1樓)","核准設立"
"41395978","兒記小舖","新北市石碇區石碇東街36號(1樓)","核准設立"
"41818104","新永成商號","宜蘭縣羅東鎮羅東里中正街９６號","核准設立"
"42020680","吉城熱炒小吃店","新北市三峽區復興路179號","核准設立"
"42020680","吉城企業社","新北市三峽區復興路179號","核准設立"
"42095458","錦慶行","宜蘭縣蘇澳鎮聖湖里聖愛路96號","核准設立"
"42095458","錦慶行","宜蘭縣蘇澳鎮聖湖里聖愛路96號","核准設立"
"42231171","王仔旺來酥企業社","新北市新莊區泰順街6巷7之4號","核准設立"
"43025706","大榮商號","桃園市龜山區山頂里明興街４鄰２７號","歇業／撤銷"
"46048506","天來米粉工廠","新竹市北區南勢里南勢路７７號","核准設立"
"46073476","永福製麵廠","新竹市北區舊社里湳雅街９０號","歇業／撤銷"
"46075170","永發炊粉廠","新竹市北區南勢里延平路１０９–１號","核准設立"
"46361287","彬記商行","新竹市北區南勢里延平路一段三九一巷四一號","歇業／撤銷"
"47021104","興利企業社","新竹市北區南勢里延平路１段３５７巷８０號","核准設立"
"47101036","聯興行","新竹市東區南市里中華路７３７巷６號","核准設立"
"47154188","福利米粉商行","新竹市北區南勢里南勢一二一號","歇業／撤銷"
"47202885","宗興企業社","新竹市北區南勢里延平路２２３巷１９號","歇業／撤銷"
"47245006","經益米粉廠","新竹市北區南勢里延平路１８３巷９６號","歇業／撤銷"
"47289897","三羊米粉工廠","新竹市北區南勢里１３鄰延平路１８３巷１０６號","歇業／撤銷"
"47370398","嘉香味食品工廠","彰化縣彰化市西興里西興東路37號","核准設立"
"47392506","西螺老街商舖","雲林縣西螺鎮振興里振興112之11號","核准設立"
"48559807","翔有食品商行","臺北市南港區八德路4段784號1樓","歇業／撤銷"
"49412107","福興製米麵廠","苗栗縣銅鑼鄉銅鑼村二八鄰永樂路二八號","歇業／撤銷"
"49650867","永吉製麵工廠","苗栗縣通霄鎮通西里二二鄰中山路二之一七號","歇業／撤銷"
"49714074","福興麵店","苗栗縣後龍鎮大庄里一鄰新港路二九號","歇業／撤銷"
"49995829","禾賣食品行","新北市鶯歌區建國路４８６號６樓","停業"
"55709788","金利食品店","臺中市大安區龜里溪洲路63號一樓","null"
"56174312","建成製麵店","臺中市梧棲區安仁里梧棲路","核准設立"
"56340902","聰榮行","臺中市大甲區順天里甲后路１４１巷２號","核准設立"
"56719139","全泰麵粉加工廠","臺中市外埔區?子里土城路３６７號","核准設立"
"57110908","洽益製麵工廠","臺中市大里區大里里里大里街74號","歇業／撤銷"
"58002097","吳金山碾米工廠","彰化縣和美鎮和東里美寮路二段７０７號","申覆（辯）期"
"58252019","啟發米粉工廠","彰化縣芬園鄉楓坑村仁愛路二段六巷二九號","核准設立"
"59143601","順隆興食品加工廠","彰化縣北斗鎮居仁里地政路三六巷六四號","核准設立"
"59508101","玉樹食品工廠","彰化縣溪湖鎮大竹里平和街179號","核准設立"
"59873705","錦美舖麵工廠","彰化縣永靖鄉永西村永靖街１６２號","廢止"
"60527210","和山切麵店","彰化縣二林鎮後厝里斗苑路３號","核准設立"
"60667909","華益工廠","彰化縣埤頭鄉崙腳村和平路280號","核准設立"
"61097505","自在製麵工廠","南投縣南投市南投里民族路322巷39號","核准設立"
"63399702","聯興製麵廠","雲林縣斗六市第二公有零售市場第61號","核准設立"
"63884063","和成製麵工廠","雲林縣北港鎮華勝里文昌路48號","停業"
"64101383","力原商號","雲林縣崙背鄉南陽村成功路三二號","核准設立"
"64895118","一成碾米工廠","雲林縣元長鄉下寮村埔墘路一八號","核准設立"
"64962565","良記碾米工廠二廠","雲林縣土庫鎮忠正里中華路七二號","核准設立"
"66842762","佳家製麵廠","苗栗縣公館鄉五谷村五谷村三鄰一○七之二六號","核准設立"
"66883215","家香製麵店","新竹市北區中央里西安街５２號","核准設立"
"66937991","啟順米粉工廠","新北市中和區中山路３段?0３６巷?0０弄?0０號?0樓","停業"
"67318499","新榮興碾米工廠","嘉義縣太保市東勢村東勢寮七九號","歇業／撤銷"
"68307301","見發號","臺南市南區再興里仁慈街76巷21號","歇業／撤銷"
"68775156","源榮行","臺南市北區實踐里長榮路5段472號","歇業／撤銷"
"68883401","謙德","臺南市北區裕民街39號","核准設立"
"69375778","煙林麵店","臺南市北區玉皇里忠義路3段56號","核准設立"
"69414666","王泰製麵店","臺南市中西區大勇街13號","歇業／撤銷"
"69551133","僑益機面店","臺南市安平區石門里延平路45號","歇業／撤銷"
"70979938","優墾產銷商行","臺北市大安區忠孝東路3段136號10樓之3","核准設立"
"70979938","潤通便利商店","高雄市六龜區義寶里維新街６３號一樓","遷他縣市"
"71212975","長壽麵店","臺南市官田區渡頭里渡子頭130號","歇業／撤銷"
"71389404","榮宗食品廠","臺南市鹽水區福得里後厝31號","核准設立"
"71669502","慶成號","臺南市大內區內郭里後堀21號","核准設立"
"71669502","慶成號","臺南市大內區內郭里後堀18號","核准設立"
"72094300","吉利號","臺南市仁德區太子里96號","歇業／撤銷"
"73254347","順興號","臺南市玉井區玉田里中正路187號","核准設立"
"74214800","茂發商號","臺南市麻豆區大埕里興中路55巷24號","核准設立"
"75238907","宏榮食品工廠","高雄市三民區灣興里民族１路３３３號","歇業／撤銷"
"75445309","振發製麵店","高雄市三民區博愛里長明街２５２號","歇業／撤銷"
"77095166","新順發米粉廠","彰化縣鹿港鎮東崎里彰鹿路五段二巷十一、十三、十五、十七號","歇業／撤銷"
"77257844","志成","金門縣金城鎮東門里民族路８３號","核准設立"
"77258225","振裕麵店","金門縣金城鎮東門里民族路１２６號","核准設立"
"77260812","美記","金門縣金城鎮金水里金水村前水頭１２０號","歇業／撤銷"
"77260833","德興","金門縣金城鎮金水里金水村前水頭５２–１號","歇業／撤銷"
"77264704","金安","金門縣金城鎮西門里民生路５９號","歇業／撤銷"
"77265801","財發","金門縣金寧鄉盤山村頂堡１１９號","核准設立"
"77296115","泉興","金門縣金湖鎮新市里中正路８８號","核准設立"
"77300292","候記","金門縣金湖鎮山外里山外５３號","核准設立"
"77320706","白雪","金門縣金沙鎮汶沙里博愛街１９號","歇業／撤銷"
"77320712","復興","金門縣金沙鎮汶沙里三民路２５號","歇業／撤銷"
"77340528","源裕","金門縣烈嶼鄉林湖村東林２７–１號","歇業／撤銷"
"77342949","再成","金門縣烈嶼鄉上歧村楊厝３–１號","歇業／撤銷"
"78746510","魚之鄉魚麵","連江縣北竿鄉塘岐村149號","核准設立"
"78747980","頂好水產店","連江縣南竿鄉福澳村六十三號","歇業／撤銷"
"79127404","吉成號","高雄市旗津區振興里振興巷８８號","核准設立"
"80808815","振晟商行","澎湖縣白沙鄉通梁村國宅社區２８號１樓","核准設立"
"80927988","順泉食品商行","新北市三峽區介壽路１段３１８巷７號","歇業／撤銷"
"81069268","嘉宇麵線店","高雄市苓雅區林德里和平２路３５６巷３４號","核准設立"
"81878140","嘉新免洗餐具行","高雄市仁武區南勢巷６之１號","核准設立"
"83361211","正大切麵店","高雄市新興區林森１路１２號","歇業／撤銷"
"83605357","年豐製麵店","高雄市左營區頂西里店仔頂２３之１號","歇業／撤銷"
"83871782","芯芸麵包店","桃園市觀音區大同里中山路２段７０９號１樓","歇業／撤銷"
"84015098","峰光製麵工廠","臺中市沙鹿區興安里興安路80巷2號之1","核准設立"
"85131708","庚申工廠","高雄市鳳山區中和里信義街２８５號１樓","核准設立"
"85738064","岡昭麵線行","高雄市岡山區大遼里大遼路６２號","核准設立"
"88694511","文明麵行","高雄市彌陀區彌靖里中正路１７巷６號","核准設立"
"90008003","二友雜貨店","屏東縣屏東市潭墘里航盛路１２號","歇業／撤銷"
"90386119","長壽機器麵店","屏東縣屏東市平和里第二商場２３號","核准設立"
"94120083","青山美術社","花蓮縣花蓮市南京街五十六號","歇業／撤銷"
"94300347","新興米粉工廠","花蓮縣花蓮市國富里富國路七十一號","歇業／撤銷"
"97632782","信譽行","雲林縣西螺鎮漢光里西興南路58號1樓","核准設立"
"99094134","永淇麵包店","新北市淡水區淡金路3段280之1號","核准設立"
"99111979","合順食品行","臺中市大雅區上楓里民生路4段161巷189號1樓","核准設立"
"99197379","華友食品廠","高雄市仁武區竹後里鳳仁路３６９巷２８弄２７號１樓","列入廢止中"
"99295126","元健觀音亭素食批發行","新北市樹林區中正路２３４巷１６號（現場僅供辦公室使用）","核准設立"
"99444821","拉蘿咖啡商行","新北市樹林區大安路５０４號１樓","歇業／撤銷"
"99606120","杏豐製麵店","臺北市士林區士東路100號1樓第26號攤位","核准設立"
"99786609","瑞陽行","新竹市東區復中里經國路一段四一一號","核准設立"
"99900419","南?米粉商行","新竹市北區南勢里南勢９７號","歇業／撤銷"
"99900420","發興米粉工廠","新竹市北區南勢里南勢１２３號","核准設立"
"99900439","大益米粉工廠","新竹市北區南勢里南勢１１８號","歇業／撤銷"
"99903243","?榮米粉廠","新竹市北區西雅里中山路保民巷２９號","歇業／撤銷"
"99903497","明星企業社","新竹市香山區頂埔里中山路５２２號","核准設立"
"99910074","榮泰號","新竹市東區東大路烏瓦巷１０號","核准設立"
"99913967","永達米粉社","新竹市北區南勢里南勢路４６–２號","核准設立"
"99913998","勝記號","新竹市東區南門里南門街２號","歇業／撤銷"
"99913999","興地製麵工廠","新竹市東區南門里南城街７號","歇業／撤銷"
"99917233","康和行","新竹市東區南門里勝利路１３６號（趙）","歇業／撤銷"
"69461870","陳興製麵機械廠","臺中市太平區永平里太平路778巷42號","null"
"71117500","永順製麵商號","臺南市大內區內郭里208號","核准設立"
"71289904","志廷碾米工廠","臺南市官田區湖山里烏山頭45號","歇業／撤銷"
"71308780","信發商號","臺南市白河區內角里內角62之1號","核准設立"
"71308780","信發商號","臺南市白河區內角里內角62之1號","核准設立"
"72013861","新興製麵加工廠","臺南市新營區新南里長榮路二段901號1樓","核准設立"
"72103384","安民製麵","臺南市麻豆區晉江里民權路38號","核准設立"
"72160997","穀豐碾米工廠","臺南市柳營區士林里柳營路一段491巷35號","核准設立"
"73126287","昆旺商號","臺南市新化區東榮里中興路48號","歇業／撤銷"
"73135407","協成米粉工廠","臺南市歸仁區後市里後市街93號","歇業／撤銷"
"73357408","榮興切麵店","臺南市永康區崑山里大灣路942巷68號","歇業／撤銷"
"74022009","大德商行","臺南市佳里區建南里新生路280號","歇業／撤銷"
"74145305","協成碾米米粉加工所","臺南市佳里區安西里忠孝路347號","歇業／撤銷"
"74408600","潭湘碾米工廠","臺南市七股區竹橋里129號","歇業／撤銷"
"75250009","金水製麵工廠","高雄市三民區千歲里千歲１巷４４號","核准設立"
"75470910","國源製麵商號","高雄市新興區光耀里黃海街４４之１號","歇業／撤銷"
"75574703","崑豐切麵行","高雄市三民區林森1路363巷1號","核准設立"
"77257289","怡利","金門縣金城鎮西門里中興巿場２５號","核准設立"
"77257838","川東切麵店","金門縣金城鎮北門里浯江街８號","核准設立"
"77266153","東益","金門縣金寧鄉安美村安美村中堡３５–１號","歇業／撤銷"
"77297297","一來順貢糖","金門縣金湖鎮新湖里塔后１３之３號","核准設立"
"77322107","永留香肉類加工店","金門縣金沙鎮汶沙里沙羹６２號","歇業／撤銷"
"78751718","長生麵線號","連江縣北竿鄉白沙村五十七號","核准設立"
"79306808","建國商店","高雄市鹽埕區建國４路３３０號之２９","核准設立"
"80920367","小簡快炒餐坊","新北市新店區中正路５５２之１號","廢止"
"81002289","隆發製麵店","高雄市苓雅區林德里五權街１４號","核准設立"
"81124403","大同製麵店","高雄市前鎮區忠孝里二聖２路１１６號","核准設立"
"83150709","湖南切麵店","高雄市左營區尾西里軍校路２３號","歇業／撤銷"
"83155508","進發製麵舖","高雄市左營區埤仔頭街１22號","核准設立"
"83171704","萬居商號","高雄市左營區尾南里尾巷１２號","核准設立"
"83870284","泰慶企業社","桃園市平鎮區新貴里關爺北路１００號１樓","歇業／撤銷"
"83926007","茂億食品行","臺北市中山區民族東路410巷2弄16號1樓","核准設立"
"85619638","信成米粉工廠","高雄市鳥松區大竹里大竹路２２號","核准設立"
"85619638","信成米粉工廠","高雄市鳥松區大竹里大竹路２２號","核准設立"
"85734692","豊裕商號","高雄市岡山區壽峰里介壽路１７號","歇業／撤銷"
"85884039","中平麵店","高雄市鳳山區中正里工協新村６１號","歇業／撤銷"
"85886509","瑞進麵線店","高雄市鳳山區瑞竹里瑞興路１６４號","核准設立"
"92931494","喬慶熹製麵店","宜蘭縣員山鄉員山村員山路一段二三三號(限使用第壹層)","歇業／撤銷"
"93109188","志行商店","臺東縣大武鄉大武村大武街一九號一樓","歇業／撤銷"
"93609603","山東麵店","臺東縣太麻里鄉泰和村太麻里街三十四號一樓","歇業／撤銷"
"94153507","林商行製麵工廠","花蓮縣花蓮市林森路三八七號","歇業／撤銷"
"94190290","泉興麵店","花蓮縣花蓮市國威里民國路１４５號","核准設立"
"94765886","雁美香食品行","花蓮縣花蓮市國威里中山路三二二號","歇業／撤銷"
"94772042","莊家店","花蓮縣吉安鄉永安村明仁二街二二六號","歇業／撤銷"
"96019359","五福製麵店","澎湖縣馬公市光榮里文光路３３巷８號","歇業／撤銷"
"96203741","忠華號","澎湖縣馬公市西衛里光復路五二三號","核准設立"
"97543944","正興食品工廠","臺中市烏日區前竹里光明路一五七巷七六弄十六．十八號","歇業／撤銷"
"98079796","公平號","宜蘭縣宜蘭市民生里光復路一一八號宜蘭市第一零售市場一九六號攤位","核准設立"
"98990195","珠螺灣觀光企業社","連江縣南竿鄉馬祖村六十七號","歇業／撤銷"
"99533680","典欣食品專工廠","高雄市大寮區大同街４９２號１樓","核准設立"
"99900282","全美齒科材料行","臺南市中西區海安路60號","核准設立"
"99900282","永?米粉商行","新竹市北區南勢里南勢９４號","歇業／撤銷"
"99900414","大益米粉工廠","新竹市香山區中埔里松樹腳５號","歇業／撤銷"
"99901108","振興米粉工廠","新竹市北區南勢里南勢１２４號","核准設立"
"99903346","炎宏企業社","新竹市北區西雅里中山路玄武巷１３號","歇業／撤銷"
"99913963","東順企業社","苗栗縣苗栗市新川里一一鄰柑園三二之五號","歇業／撤銷"
"99913963","萬盛米粉商行","新竹市北區南勢里南勢路１１７號","核准設立"
"99913977","松輝食品行","新竹市北區南勢里南勢路１１９號","核准設立"
"99914060","今日米粉工業社","新竹市北區南勢里路１５１巷１０號","核准設立"
"99914686","呂振春製麵部","新竹市北區新民里愛文街３３號","歇業／撤銷"
"99919209","金龍米粉企業社","新竹市北區南勢里延平路１８３巷９８號","核准設立"
