﻿"統一編號","商業名稱","商業地址","登記狀態"
"39672700","冠潤企業社","苗栗縣頭份鎮和平里9鄰中華路850巷9號4樓","歇業／撤銷"
"36706902","田庄食品企業行","嘉義市西區後驛里博愛路二段２８４之２１號一樓","核准設立"
"66951732","華茂食品原料行","花蓮縣吉安鄉勝安村中原路１段１４１號１樓","核准設立"
"31416209","瑪雅廣告設計社","桃園市中壢區三民里中正路一二八０號二樓","廢止"
"01995321","三豐食品工廠","新北市新莊區化成路１００之１號","核准設立"
"31513835","綠川黃金蜆商行","基隆市中山區中山一路223-5號(1樓)","歇業／撤銷"
"26536823","京震食品商行","新北市土城區金城路3段239號8樓","核准設立"
"41369373","揚奇企業社","新北市三重區新北大道1段171號17樓","停業"
"46665606","燈燦?油行","新竹市北區中興里北門街一一九號一樓","核准設立"
"10261741","永彩實業社","高雄市新興區民生１路３６３巷１２號１樓","歇業／撤銷"
"38693122","百味齊貿易","高雄市左營區左營大路４巷９之３號４樓","核准設立"
"37678377","森煬工程行","屏東縣潮州鎮三共里朝昇路32號","核准設立"
"26011349","印象國際貿易商行","高雄市鳳山區建國路三段２４５之４號","核准設立"
"10995701","臻宏食品行","臺中市大里區仁化里仁美路９８號２樓","核准設立"
"39681905","九如食品行","臺中市外埔區中山里東西巷７１號１樓","核准設立"
"26536350","神奇食品行","新北市五股區四維路123巷2號7樓","歇業／撤銷"
"31724640","道生企業社","新北市五股區登林路76之5號11樓","核准設立"
"37749513","昇達食品商行","臺南市北區正風里公園路984號","核准設立"
"38727468","昇鴻商行","高雄市大寮區華二街１２１號","歇業／撤銷"
"34963285","泰源實業行","嘉義縣民雄鄉西安村20鄰西安路１５號","停業"
"37583175","小作行","臺南市東區泉南里林森路1段151號15樓","停業"
"37749513","昇達食品商行","臺南市北區正風里公園路984號","核准設立"
"19380037","日丰商行","新竹市香山區大庄里西濱路三段250號一樓","核准設立"
"25734183","有均實業社","高雄市大樹區興田里興田路２６０號１樓","核准設立"
"26973696","大瑄食品企業社","臺中市大肚區福山里沙田路一段４２８巷三十九弄１４號一樓","核准設立"
"26531144","牛奶立方商行","新北市土城區南天母路18之1號5樓","歇業／撤銷"
"45441349","佳裕企業社","雲林縣莿桐鄉四合村永基二四之三七號","核准設立"
"31405929","穎泰企業社","新北市板橋區民治街７１巷４８號","核准設立"
"38720660","布緯食聊企業社","高雄市苓雅區和平二路３２２巷１弄３７號","核准設立"
"39765968","小龍商行","彰化縣社頭鄉泰安村石坑一巷61號","核准設立"
"26973696","大瑄食品企業社","臺中市大肚區福山里王福街８５８巷２８弄４１號１樓","核准設立"
"77605626","富代行","臺中市北屯區東光里東山路一段１２３巷２３弄１１號１樓","核准設立"
"10890241","登期頤食品行","屏東縣萬丹鄉廣安村西勢尾街156號1樓","核准設立"
"26459781","裕凱貿易企業社","臺南市東區東智里崇德三十四街1號1樓","核准設立"
"09063693","鼎緒洋行","屏東縣東港鎮頂中里中山路８６－１號１樓","核准設立"
"38852177","蘇爾亞企業社","臺中市太平區新城里樹孝路５３號１樓","核准設立"
"31866149","啤瓦多創意行銷商行","臺北市中正區金門街24巷35號","歇業／撤銷"
"41088628","莘園企業社","新北市林口區仁愛路2段62巷20號8樓","歇業／撤銷"
"40745168","蓉豪企業社","臺南市永康區二王里永二街393巷16弄83號1樓","核准設立"
"37679544","順承企業行","屏東縣屏東市楠樹里廈門街82號","核准設立"
"39705667","瀛勝商行","雲林縣虎尾鎮穎川里林森路二段477巷75號1樓","停業"
"26459781","裕凱貿易企業社","臺南市東區東智里崇德三十四街1號1樓","停業"
"37563966","乾隆化工貿易行","臺南市麻豆區油車里23之2號1樓","核准設立"
"37730599","溢辰企業社","臺東縣臺東市豐榮里漢陽南路一五五巷二十號","停業"
"40733183","友竑商行","臺南市南區明興里金華路1段84巷11號1樓","核准設立"
"26352887","天然彩藝國際企業社","臺北市大同區大龍街259巷14號4樓之1","核准設立"
"26370029","鮮帝食品行","臺北市大同區延平北路2段250巷9號3樓","歇業／撤銷"
"36897629","欣統企業社","屏東縣潮州鎮三共里明仁巷36號1樓","歇業／撤銷"
"38720660","布緯食聊企業社","高雄市苓雅區和平二路３２２巷１弄３７號","核准設立"
"39821510","丞皇企業社","臺中市西區吉龍里五權一街２１號１樓","歇業／撤銷"
"26734274","興達企業社","新北市淡水區民生路152之2號14樓","核准設立"
"39858797","卡莫卡巧克力莊園","雲林縣斗六市鎮西里中堅西路268號","核准設立"
"39862005","普遠商行","雲林縣西螺鎮福田里新厝路2之5號","停業"
"59130937","宏泉化工原料行","彰化縣溪州鄉西畔村中西路2段200巷116號","核准設立"
"31694316","閩義昌貿易商行","新北市板橋區中正路360巷23之3號","核准設立"
"26018342","上申商行","高雄市楠梓區土庫一路２２８號１樓","核准設立"
"14603869","松慶行","南投縣南投市軍功里軍功路63之3號一樓","核准設立"
"57937632","元合喬企業行","高雄市鼓山區富農路３０８號１樓","核准設立"
"31869770","糰糰創意烘焙企業社","臺北市信義區永吉路30巷148弄27號","歇業／撤銷"
"40719083","阜皇企業社","臺南市新營區新南里隋唐街31巷42號1樓","歇業／撤銷"
"20270656","忠煜企業社","新北市三重區重陽路１段４４巷１７號４樓","核准設立"
"37685356","旺甜甜美食企業社","屏東縣屏東市新生里和生路一段837號","核准設立"
"05925712","慶光化工原料行","彰化縣彰化市信義里長壽街１６７號","核准設立"
"41375939","露比百寶箱企業社","新北市樹林區潭興街１０７巷３弄１６號４樓","核准設立"
"40701083","十二個籃子國際商行","臺中市神岡區豐洲里豐工中路６３號３樓","核准設立"
"14219491","鼎祐商行","苗栗縣竹南鎮竹南里中山路109號2樓","核准設立"
"38727468","昇鴻商行","高雄市大寮區華二街１２１號","停業"
"39672700","冠潤企業社","苗栗縣頭份鎮和平里9鄰中華路850巷9號4樓","停業"
"40719083","阜皇企業社","臺南市新營區新南里隋唐街31巷42號1樓","核准設立"
"31405929","穎泰企業社","新北市板橋區民治街７１巷４８號","核准設立"
"26236706","磐石國際美學企業社","臺北市松山區饒河街114號2樓","廢止"
"41287696","善知識商行","高雄市三民區明哲路３３號６樓之１５","停業"
"26354175","瑟盟飛企業社","臺北市中山區中山北路2段16巷16號2樓","歇業／撤銷"
"41375939","露比百寶箱企業社","新北市樹林區潭興街１０７巷３弄１６號４樓","歇業／撤銷"
"36945241","貴客商行","高雄市大樹區統嶺路７２之３７號","歇業／撤銷"
"41380383","窈窕比例企業社","新北市土城區中正路1號8樓之3","核准設立"
"39850486","洪文堂企業社","臺中市北屯區松茂里遼寧路一段５２６號１樓","核准設立"
"37907580","稼穗國際企業社","新北市淡水區新市一路3段101巷140號(1樓)","核准設立"
"37873478","祥通商行","新北市土城區明德路1段20巷2弄8號4樓","核准設立"
"41402957","商友健康科技實業","新北市板橋區文化路2段516號","核准設立"
"40720808","富群時尚健康芳療館","臺南市東區莊敬里莊敬路106號1樓","停業"
"09063693","鼎緒洋行","屏東縣東港鎮頂中里中山路８６－１號１樓","核准設立"
"19235288","中華免洗餐具行","南投縣南投市平和里南陽路一一二號","歇業／撤銷"
"47246032","竹奇行","新竹縣竹北市新崙里光明十一路８１號１樓","遷他縣市"
"47648090","傑帝商行","高雄市鳳山區建國路二段１９２巷１３弄１８號二樓之３","停業"
"05925712","慶光化工原料行","彰化縣彰化市信義里長壽街１６７號","核准設立"
"38507154","大禮記食品行","臺北市文山區保儀路109巷17號2樓","核准設立"
"02241693","青電企業社","新北市三重區自強路1段209號1樓","歇業／撤銷"
"47393245","宏紹企業社","雲林縣斗南鎮東仁里新生二路171巷19號1樓","核准設立"
"13372453","家品商行","新北市板橋區中正路３２５巷３弄８號","核准設立"
"40737630","愛力魔實業社","臺南市善化區北關里三民路91號1樓","核准設立"
"26009385","泓盈商行","高雄市鳳山區自由路１８號１樓","核准設立"
"38728781","以勒餐廳","高雄市苓雅區福建街２０７之１號１樓","核准設立"
"26342116","健宸企業社","臺北市松山區八德路4段709巷2之3號1樓","核准設立"
"38859072","鐵味食堂","臺中市北屯區平和里文心路四段２２５號","核准設立"
"45570981","和豐教材用品社","南投縣埔里鎮大城里吉祥巷8號","核准設立"
"00344906","集豐商店","基隆市中山區新生路二三號","核准設立"
"47653543","百分百文具百貨行","高雄市鳳山區文濱路140號142號1樓","核准設立"
"36916301","富民胡麻園商行","高雄市左營區富民路３９７號１樓","歇業／撤銷"
"47649350","雅秀企業社","高雄市鳳山區南正一路１２０號１樓","核准設立"
"31868569","耶和華生技企業社","臺北市內湖區星雲街138巷20號6樓","核准設立"
"37742856","滿記實業社","臺南市永康區安康里中華西街142號1樓","核准設立"
"40737630","愛力魔實業社","臺南市善化區北關里三民路91號1樓","歇業／撤銷"
"37569547","吉大吉企業社","臺南市安平區育平里健康三街17巷6號1樓","核准設立"
"36906556","隆旺食品行","高雄市三民區本和里大福街１５０-１號","歇業／撤銷"
"38578208","青陽商行","臺北市大安區延吉街123號1樓","核准設立"
"38758855","幸福平安企業社","彰化縣彰化市阿夷里金馬路1段505號1樓","歇業／撤銷"
"38660446","鉅峰企業社","高雄市鹽埕區七賢三路２１９之１號１樓","歇業／撤銷"
"26604292","曹麗娟藝廚美食","桃園市桃園區光興里縣府路十八號地下室","歇業／撤銷"
"38725222","君臨商行","高雄市鳥松區山腳路１８０之１號","核准設立"
"37849294","菁品實業社","桃園市蘆竹區營盤里六福路239號2樓之3","歇業／撤銷"
"68845104","富美工業原料行","臺南市北區國興里開元路312號","核准設立"
"41077333","必富電子企業社","新北市淡水區民權路19號16樓","核准設立"
"41624640","宏明化工原料行","宜蘭縣五結鄉上四村中正路二段一一二號一樓","核准設立"
"37566226","夏采設計企業社","臺南市安平區育平里平豐路44巷20號6樓之2","核准設立"
"41171055","城品企業社","新竹縣竹北市新社里國光街6巷11號6樓","核准設立"
"02411346","良友實業社","新北市新店區中興路2段25號10樓之2","核准設立"
"38514562","青果園鮮萃飲品企業社","臺北市大安區和平東路1段159之2號","核准設立"
"31871662","華師傅商行","臺北市信義區基隆路1段103號","停業"
"15533095","錦昌商店","高雄市甲仙區東安里和安街６６號１樓","核准設立"
"26993877","大唐行銷國際社","臺中市北屯區水景里東山路一段１９１之３號三樓","核准設立"
"36904641","媜品食品企業行","高雄市三民區建國三路２０號１６樓之１９","停業"
"10955222","啟順商行","彰化縣彰化市南興里雲長路123號1樓","核准設立"
"40742866","鼎立小吃店","臺南市永康區南灣里永大路1段330號1樓","核准設立"
"26804524","正達食品行","臺中市太平區太平里甲堤路468號","歇業／撤銷"
"25944701","品味館","高雄市小港區沿海１路３５１號","歇業／撤銷"
"40795151","安葳商行","屏東縣屏東市大連里德豐街63號5樓之2","歇業／撤銷"
"38725222","君臨商行","高雄市鳥松區山腳路１８０之１號","核准設立"
"38496564","老麵團食坊","臺北市萬華區和平西路3段61號(1樓)","核准設立"
"18073525","鼎立烘焙商行","新北市板橋區重慶路２６９巷１５號１樓","核准設立"
"13372453","家品商行","新北市板橋區中正路３２５巷３弄８號","核准設立"
"26016225","順慶企業社","高雄市鳳山區中山西路２５號１樓","核准設立"
"34831948","矽園科技企業社","桃園市桃園區龍壽里龍泉五街八六號一樓","歇業／撤銷"
"40627789","樂醍英式茶行","臺中市西屯區西安里文華路１４７號一樓","核准設立"
"10871363","益元食品生技商行","臺南市中西區西湖里湖美街32巷5號1樓","停業"
"26826674","寶芝林牛樟園","南投縣埔里鎮蜈蚣里榮光路46-9號","核准設立"
"26620764","福興小吃店","桃園市中壢區舊明里中正路415號1樓","停業"
"98931534","禾田企業社","屏東縣屏東市勝利里公正四街九五號八樓之二","停業"
"76958431","萬客來食品原料行","花蓮縣花蓮市主權里中華路382號1樓","核准設立"
"41296800","享青貿易","高雄市前鎮區英明一路４３巷４之４號","核准設立"
"25468185","弘崧茶業","南投縣名間鄉松柏村松柏街82-5號1樓","歇業／撤銷"
"45874801","壹豆醇品咖啡專賣店","臺中市潭子區潭興路3段105號","核准設立"
"37846402","豐炘商行","新竹市香山區頂褔里中山路700號","核准設立"
"41334059","?鎂生技企業社","高雄市三民區北平二街７２號１樓","核准設立"
"26999909","福順發商行","臺中市西屯區福林里福科路６９０號３樓","核准設立"
"41302198","一品咖啡專門店","高雄市鳥松區鳥松路１７號１樓","核准設立"
"38578208","青陽商行","新北市中和區連城路238號2樓之1","核准設立"
"26562271","上緣企業社","基隆市中正區調和街290巷45弄1號","歇業／撤銷"
"25789840","邱方工作室","臺南市永康區龍潭里龍安街316號2樓","核准設立"
"26494605","宏邦企業","嘉義縣新港鄉安和村4鄰番婆43號","核准設立"
"31554883","蔗一家企業社","桃園市桃園區會稽里大興路253號5樓","核准設立"
"40983914","郁昕貿易行","新竹縣湖口鄉鳳山村明科街15號1樓","核准設立"
"10965586","花媽婦嬰用品店","臺中市西區公?里三民西路100號1樓","核准設立"
"41358798","克萊絲企業社","基隆市中山區中和路168巷15弄26號4樓","核准設立"
"10965586","花媽婦嬰用品店","臺中市西區公?里三民西路100號1樓","核准設立"
"38578208","青陽商行","臺北市大安區延吉街123號1樓","遷他縣市"
"18136789","育賢教材用品社","南投縣埔里鎮大城里大城路三五號","核准設立"
"09063618","文濱文具百貨行","高雄市鳳山區文濱路１４０、１４２號１樓","核准設立"
"77552070","泰豐食品原料行","臺中市東區東英里東英九街１４９號一樓","核准設立"
"68466572","南洋工業原料行","臺南市南區再興里新城街2號","核准設立"
"30168785","快易烘企業社","臺北市北投區明德路5號2樓","歇業／撤銷"
"26675275","亞逸食品行","新北市新莊區中和街26巷5號3樓","核准設立"
"02447604","金茂商行","新北市板橋區長江路3段98號(1樓)","歇業／撤銷"
"99338785","鮪宇行","臺北市中山區松江路140巷6之2號1樓","核准設立"
"40802879","北海商行","屏東縣潮州鎮三星里三城路197號1樓","核准設立"
"10670422","信泰企業社","新北市板橋區光武街136巷3號(1樓)","核准設立"
"41295794","富爾禮商行","高雄市三民區鼎山街１９６號１樓","歇業／撤銷"
"10871363","益元食品生技商行","臺南市中西區西湖里湖美街32巷5號1樓","核准設立"
"10962552","黃遜耕食品行","彰化縣鹿港鎮順興里介壽路3段85號","歇業／撤銷"
"71230405","育志澱粉工廠","臺南市善化區西關里興農路151巷41號","核准設立"
"37660469","迅潔環保社","臺東縣臺東市豐年里寧夏街九十五號","核准設立"
"26370148","萊茵洋行","臺北市文山區景明街11巷4號","停業"
"02390314","采奕企業社","新北市永和區永和路2段57號7樓","核准設立"
"36860377","昶富工程行","臺東縣臺東市豐年里中興路三段一七七巷五十三號","廢止"
"15609849","桂韻行","雲林縣虎尾鎮西屯里三二九號","核准設立"
"47351272","中台再生科學實業社","南投縣南投市福山里八卦路521之5號","核准設立"
"38470543","宏泰自然植物顧問商號","臺北市內湖區康樂街136巷29弄15號7樓","核准設立"
"37891335","靚寶咖啡商行","新北市中和區捷運路135、137號(1樓)","歇業／撤銷"
"26984194","金力元生命理事經貿服務業社","臺中市北區明德里太原路一段486-1號","核准設立"
"38841691","騰耀企業社","臺中市南屯區南屯里河南路四段７０２號７樓","核准設立"
"38934939","富佳香食品原料行","彰化縣埔心鄉義民村員鹿路2段152號1樓","核准設立"
"37715339","凱?餐飲部","嘉義縣中埔鄉和美村後庄190之7號1樓","歇業／撤銷"
"26006991","威呈企業行","高雄市鳳山區五甲２路６２８號１樓","核准設立"
"38863218","宗松行","臺中市太平區中政里中興路１１３巷１５號１樓","核准設立"
"40798925","木衣林商行","屏東縣潮州鎮三共里曲江街77號1樓","核准設立"
"26606637","聯聖實業社","桃園市大園區內海里內海墘四六之十六號一樓","歇業／撤銷"
"37678398","成記雙糕潤行","屏東縣東港鎮朝安里朝隆路22號","核准設立"
"38555937","人品養生御膳坊","臺北市中山區錦州街50號8樓之18","核准設立"
"31954972","金如商行","臺北市松山區八德路3段155巷23號","歇業／撤銷"
"31688519","鴻寬國際創藝坊","新北市土城區永寧路22號","核准設立"
"41024316","良品商行","桃園市中壢區中正里興仁路二段463巷6號5樓","核准設立"
"10978007","竹間商行","臺中市北屯區?子里軍福十三路５２號１樓","核准設立"
"40652891","媽媽樂手作料理","臺中市南屯區同心里文心路一段１８６號１１樓之５","核准設立"
"26982077","彩迪朗企業社","臺中市北屯區平德里北平路三段75-8號1樓","歇業／撤銷"
"26562309","創新企業社","基隆市安樂區安和一街2巷24-6號(7樓)","停業"
"31860736","鼎原企業社","臺北市士林區永平街76號1樓","歇業／撤銷"
"38787916","元展科技開發洋行","雲林縣西螺鎮廣福里廣興路162號","核准設立"
"37562713","詮冠科技企業社","臺南市歸仁區南保里民權六街129號1樓","核准設立"
"98809203","泓明香料行","臺南市東區自強里中華東路2段243巷18號1樓","核准設立"
"78683445","七海食品原料行","臺南市中西區萬昌里民權路1段173號1樓","核准設立"
"26535845","開葉實業社","新北市三重區永福街197巷37弄15號","歇業／撤銷"
"30273415","馥品屋烘焙原料店","新北市樹林區大安路173號","核准設立"
"38505156","柯威企業社","臺北市中山區南京東路2段137號14樓","核准設立"
"41068257","亞洸企業社","新北市三重區三光街42號","核准設立"
"39824777","健勤廣告科技社","臺中市烏日區光明里五光路６７９巷８２弄１１號１樓","核准設立"
"41364975","晶讚企業社","新北市樹林區佳園路1段75巷206號(3樓)","核准設立"
"99455299","富育企業社","新北市板橋區民有街１２７之２號（現場僅供辦公室使用）","遷他縣市"
"39849524","嵐田企業社","臺中市南區和平里復興路二段７１巷５２之５號８樓","歇業／撤銷"
"41326451","永瑋企業社","高雄市岡山區竹圍東街１８２巷６號６樓","核准設立"
"26815347","大墩蜂巢商行","臺中市南屯區豐樂里大墩南路370號1樓","歇業／撤銷"
"41373475","黃金妙蓮企業社","新北市土城區金城路2段265號12樓","核准設立"
"26826219","龍霆企業社","南投縣竹山鎮桂林里中山路42之83號一樓","核准設立"
"26746905","三石食品行","新北市三重區重新路3段20號1樓","歇業／撤銷"
"40974437","福源廣企業社","宜蘭縣羅東鎮漢民里純精路二段105號一樓","核准設立"
"38703986","有利實業社","高雄市左營區南屏路２８２號１樓","核准設立"
"37707393","鼎泰國際貿易企業商行","嘉義市西區車店里上海路１０９號五樓之１","核准設立"
"36897590","百倢水電工程行","屏東縣屏東市三山里金城街65巷9號1樓","核准設立"
"39730075","九天企業社","雲林縣虎尾鎮西屯里大屯351之13號1樓","核准設立"
"41065771","這係韓企業社","新北市新莊區和平里思源路419巷1弄25號2樓","停業"
"45701442","百億燈飾工程行","雲林縣虎尾鎮西安里白宮街七二號","核准設立"
"26991006","友益企業社","臺中市東區振興里大智路１９２巷２３-１號一樓","停業"
"26497032","首馥食品行","嘉義縣新港鄉月潭村月眉潭201之2號附1","歇業／撤銷"
"41364975","晶讚企業社","新北市樹林區佳園路1段75巷206號(3樓)","遷他縣市"
"38673033","榮均企業社","屏東縣九如鄉耆老村田中街54號2樓","歇業／撤銷"
"40802619","?弘企業社","屏東縣潮州鎮三星里三林路２１６巷６號","核准設立"
"37681437","力金咖啡行","屏東縣屏東市豐源里林森路東四段47之3號","核准設立"
"88826695","新玉山商行","雲林縣斗六市鎮北里鎮北路七０二巷五三號","核准設立"
"69910454","丸英號","臺南市安平區金城里運河路73號1樓","核准設立"
"40802792","泰豊商行","屏東縣屏東市泰安里信義路１４１-１號一樓","核准設立"
"74961657","仙湖農場","臺南市東山區南勢里大洋6之6號","核准設立"
"25486389","御樣商行","雲林縣斗南鎮西岐里六合街9號1樓","核准設立"
"15533031","俊暐食品行","高雄市大樹區九曲里九曲路３０７巷３３號１樓","核准設立"
"41373475","黃金妙蓮企業社","新北市土城區金城路2段265號12樓","歇業／撤銷"
"31683747","賞讚食品行","新北市新莊區中平路82巷6號3樓","廢止"
"10986225","憲宏商行","臺中市南屯區同心里文心路一段186號19樓之9","歇業／撤銷"
"45839489","寶格曼經典美研館","臺中市東區旱溪里自由路三段316號1樓","核准設立"
"26768479","彩虹狗寵物社","新北市板橋區漢生西路165巷50號","核准設立"
"36826596","太昊企業社","臺南市安平區平通里慶平路703號1樓","歇業／撤銷"
"31684372","小太陽食品行","新北市汐止區明峰街297巷3弄1之1號2樓","歇業／撤銷"
"41085137","香草日韓精品","新北市林口區興林路42之3號","核准設立"
"38964898","喜信園企業社","南投縣埔里鎮北門里中山路二段183號","停業"
"41316989","子淩企業行","高雄市三民區吉林街５７巷３５號１樓","核准設立"
"47372945","長隆行","彰化縣彰化市西勢里忠義街97號1樓","核准設立"
"41364975","晶讚企業社","臺北市萬華區艋舺大道336巷11號4樓","核准設立"
"10990071","賞味工坊","臺中市南區樹義里福田二街338號1樓","停業"
"26768479","彩虹狗寵物社","新北市板橋區漢生西路165巷50號","核准設立"
"38829887","傑瑞企業社","臺中市西屯區西安里西屯路二段２９７之１６號２樓之３","歇業／撤銷"
"73839139","光礎企業行","新竹市香山區埔前里牛埔南路169-11號一樓","核准設立"
"31693061","佳聖食品行","新北市中和區建二路157號","遷他縣市"
"41289033","乃師企業行","高雄市新興區復興一路６３號１１樓之２","核准設立"
"40568965","正勤皂材行","臺中市大里區立仁里新仁路一段２１７巷１３號１樓","核准設立"
"40798925","木衣林商行","屏東縣屏東市空翔里迪化街29號5樓之1","核准設立"
"26336542","秉記餐飲館","臺北市內湖區康寧路3段16巷115號","歇業／撤銷"
"41393198","興福泰食品行","新北市中和區員山路611巷4弄33之3號(2樓)","核准設立"
"17856036","明吉企業行","高雄市苓雅區興中２路１２２號","核准設立"
"40885527","一利商行","臺南市安平區億載里永華十一街17巷25號3樓之4","核准設立"
"97626368","梅景便當食品工廠","雲林縣西螺鎮正興里興農西路六二號","核准設立"
"13790689","禾泰什糧行","新北市新莊區福樂街１２號２樓（現場僅供辦公室使用）","核准設立"
"37559365","千田商行","臺南市永康區西勢里富強路1段279巷31弄1號1樓","核准設立"
"37816575","提督興業","桃園市中壢區普慶里中山東路二段545號3樓","核准設立"
"38460432","雙西廚房","臺北市士林區至善路3段77號(1樓)","歇業／撤銷"
"31563118","翔富開發科技","桃園市桃園區中寧里大興西路二段7號14樓之1","停業"
"31646841","皇品企業社","新竹市東區科園里科學園路212巷2號一樓","核准設立"
"68297802","利泰香料行","臺南市永康區五王里成功路222號1樓","核准設立"
"26795877","東吟商號","花蓮縣花蓮市民孝里東興1街82之1號1樓","歇業／撤銷"
"26501704","東湧企業行","連江縣東引鄉中柳村42號","核准設立"
"26741747","明揚企業社","新北市永和區豫溪街78號1樓","歇業／撤銷"
"26541001","?大食品社","新北市蘆洲區永平街32巷45弄9號1樓","廢止"
"41304251","諄爵企業社","高雄市小港區山明路３０７巷１６０號","核准設立"
"06486199","世峰行","臺南市北區大豐里大興街325巷56號1樓","核准設立"
"10988011","喜多國際行銷企業社","臺中市南區樹德里德富路60號7樓之2","停業"
"30365842","吉香食品行","桃園市桃園區大興里春日路７５２號１樓","歇業／撤銷"
"41291306","翔園企業社","高雄市美濃區興南街２５號１樓","核准設立"
"38758980","智揚生技工業社","彰化縣員林市南興里南潭路119巷13弄3號","核准設立"
"40860624","天佑企業社","臺南市後壁區嘉田里12之8號","核准設立"
"02118005","尚豐企業社","新北市八里區忠孝路187號(1樓)","核准設立"
"00226302","寬和實業社","高雄市苓雅區中正二路１６１號１２樓之５","停業"
"38567672","康利企業社","臺北市信義區基隆路1段364巷40號2樓","核准設立"
"41194775","台灣尚品食品企業","宜蘭縣冬山鄉群英村冬山路五段321號一樓","停業"
"38831693","華軒企業社","臺中市北區健行里中清路一段３２５號９樓之１９","歇業／撤銷"
"41320941","琁峪商行","高雄市三民區大裕路２２６之１號７樓","核准設立"
"40804757","翔凡企業社","屏東縣新埤鄉建功村中興路１４號１樓","核准設立"
"26228353","泰前國際貿易商行","臺北市中山區錦州街23巷16號1樓","歇業／撤銷"
"41330650","宏華鑽實業社","高雄市三民區寶盛里臥龍路４９號六樓之２","核准設立"
"36699254","瑞太行","臺南市新營區南興里延平路138之3號1樓","核准設立"
"26948584","峰榮商行","南投縣埔里鎮杷城里民有二街30號","核准設立"
"13321764","明嘉洋行","高雄市岡山區平安里文賢路３７號１樓","核准設立"
"39857740","正順農產行","雲林縣二崙鄉港後村安平路18號1樓","核准設立"
"36939923","機米工程行","高雄市左營區立文路７７號４樓","停業"
"19210250","廣生碾米工廠","苗栗縣苗栗市清華里7鄰為公路173號","核准設立"
"72068443","三興原料行","臺南市永康區五王里南工街44號","核准設立"
"99386316","多力倫企業社","高雄市小港區順苓里宏平路４７５號１樓","歇業／撤銷"
"41366592","祿爵企業社","新北市鶯歌區尖山路156巷3之1號6樓","核准設立"
"39865919","六米豆食品企業社","雲林縣斗南鎮南昌里光復街36號2樓之6","歇業／撤銷"
"37680676","康威藥局","屏東縣屏東市華山里瑞光路3段92之1號","核准設立"
"38785240","維也納咖啡","雲林縣斗六市忠孝里三民路10號","核准設立"
"38984851","嘉琳國際企業社","苗栗縣竹南鎮龍鳳里龍山路一段196巷2號2樓","核准設立"
"81878140","嘉新免洗餐具行","高雄市仁武區南勢巷６之１號","核准設立"
"36896918","巨燁企業社","屏東縣鹽埔鄉鹽中村勝利路33巷3號1樓","歇業／撤銷"
"26473897","米堤企業行","高雄市旗山區旗甲路１段６巷８號","核准設立"
"40861145","江湖餐飲企業社","臺南市中西區光賢里中華西路2段580巷21弄33號1樓","停業"
"40800611","訓成商行","屏東縣枋寮鄉人和村建興路109號","核准設立"
"26338372","青合行","臺北市士林區社中街474號(2樓)","歇業／撤銷"
"36912298","合眾水產行","高雄市前鎮區修文街１３５號１樓","遷他縣市"
"02107817","京軒商行","新北市三重區環河南路29號","停業"
"37561123","美夢成真企業行","臺南市永康區網寮里文化路320號1樓","停業"
"10975472","群鐮高生技企業社","臺中市烏日區學田里學田路722巷16弄20號","歇業／撤銷"
"99874188","辛鴻商行","苗栗縣竹南鎮竹興里16鄰竹圍街249巷12號1樓","核准設立"
"40800099","宜家商行","屏東縣屏東市公館里公興路221巷83號1樓","核准設立"
"26360562","喜德服裝工作室","臺北市士林區文林路89號","遷他縣市"
"41391706","永貞夯米包店","新北市永和區永貞路216號","核准設立"
"37659553","布魯斯國際商行","臺東縣臺東市豐榮里仁義北路一五五號","核准設立"
"37569407","棠晴企業社","臺南市安南區溪心里本原街2段50巷3弄15號1樓","歇業／撤銷"
"15533052","承鴻食品行","高雄市大樹區九曲里九曲路３０７巷３３號１樓","核准設立"
"99757674","李進財企業社","新北市新莊區中義街39號5樓","核准設立"
"38792853","歐雅仕商行","雲林縣土庫鎮後埔里雙人厝65號","核准設立"
"41168988","米時商行","新竹縣湖口鄉信勢村18鄰新化街５７號","核准設立"
"36912298","合眾水產行","臺北市信義區松山路315之1號","停業"
"40800611","訓成商行","屏東縣枋寮鄉人和村建興路109號","核准設立"
"37809976","明暘企業社","桃園市中壢區振興里龍泉街137巷52弄6號1樓","核准設立"
"37794495","玖伍柒企業社","桃園市桃園區武陵里復興路95號","遷他縣市"
"68561302","美豐工業原料行","臺南市中西區天后里西門路2段278號1樓","核准設立"
"38658259","臻善禮儀社","高雄市苓雅區昇平街３８號１樓","核准設立"
"37562376","吉快樂寵物蛋糕屋","臺南市北區元寶里開元路485巷41弄3號1樓","核准設立"
"73865902","邦康生技企業","臺南市安平區建平里建平九街26號1樓","核准設立"
"10953527","偉達食品原料行","彰化縣彰化市台鳳里互助一街７巷９８號１樓","核准設立"
"57911210","赤崁企業行","臺南市東區後甲里裕農路811號1樓","核准設立"
"10969204","金品水蒸蛋糕","臺中市北屯區后庄里中清路108巷1號12樓之3","停業"
"38836923","孫家廚房","臺中市西區忠明里中美街４７１號２樓","歇業／撤銷"
"10957241","永光生化科技社","彰化縣員林市中正里育英路22巷9號2樓","核准設立"
"37820536","雲濤事業社","桃園市中壢區中正里榮安二街117號1樓","核准設立"
"41375023","寰泰企業社","新北市三重區福德南路37之2號","核准設立"
"37794495","玖伍柒企業社","新北市板橋區中山路1段26之5號","核准設立"
"40796996","寶哥烘炸麻花捲","屏東縣琉球鄉杉板路１０６之１號","核准設立"
"47654803","四海通百貨行","高雄市大寮區拷潭里拷潭路４０之１２號一樓","核准設立"
"78614243","雙巧密針織廠","彰化縣鹿港鎮海埔里鹿工南三路三號","核准設立"
"40714833","彩新商行","臺南市歸仁區新厝里復興路133號1樓","歇業／撤銷"
"26978708","荃隆國際商行","臺中市西屯區上石里青海路二段242號9樓之8","停業"
"31643099","凱欣商城","新竹市北區湳雅里湳雅街193號三樓之1","核准設立"
"36893308","東木茂竹商行","屏東縣屏東市大連里德豐街63號5樓之2","核准設立"
"39652824","立珍食品行","臺中市大里區長榮里新芳路５５之２號１０樓","核准設立"
"26021064","榮華烘焙食品行","高雄市鼓山區銘傳路１１０號１樓","歇業／撤銷"
"31873768","中野商行","臺北市士林區忠義街71巷13弄7號地下","核准設立"
"13775863","恆春豆行","桃園市中壢區信義里嘉興二街３３號１樓","核准設立"
"37680676","康威藥局","屏東縣屏東市華山里瑞光路3段92之1號","核准設立"
"99914702","春豊碾米工廠","新竹市北區長和里愛文街６８號","歇業／撤銷"
"45312767","溫典商行","臺中市大肚區頂街里榮華街５８－１號１樓","核准設立"
"36938614","銓曜工程行","高雄市前鎮區瑞隆路５３７巷１０號１樓","遷他縣市"
"10953527","偉達食品原料行","彰化縣彰化市台鳳里互助一街７巷９８號１樓","核准設立"
"10050008","富期商行","新北市板橋區民生路1段1之1號13樓之1","核准設立"
"41373427","藍海游龍企業社","新北市土城區金城路2段265號12樓","核准設立"
"26997965","英盟商行","臺中市龍井區新庄里學園路6-2號2樓","核准設立"
"40866113","荷堤屋商行","臺南市東區後甲里建東街54巷31號5樓之3","核准設立"
"37730599","溢辰企業社","臺東縣臺東市豐榮里漢陽南路一五五巷二十號","核准設立"
"26855467","可口食品行","苗栗縣頭份鎮和平里9鄰中華路850巷9號4樓","核准設立"
"31722994","鼎洋企業社","新北市泰山區貴子路36巷3弄6號","核准設立"
"66951732","華茂食品原料行","花蓮縣吉安鄉勝安村中原路１段１４１號１樓","核准設立"
"47373064","廣遠食品廠","彰化縣彰化市延和里埔內街69號","核准設立"
"41380383","窈窕比例企業社","新北市土城區中正路1號8樓之3","歇業／撤銷"
"26433170","婕凡希美容坊","臺南市中西區公正里民族路2段66號5樓之1","核准設立"
"41369373","揚奇企業社","新北市三重區新北大道1段171號17樓","停業"
"40733183","友竑商行","臺南市南區明興里金華路1段84巷11號1樓","歇業／撤銷"
"38579641","城?企業社","臺北市士林區葫蘆街77號3樓","核准設立"
"31722489","常滿實業社","新北市樹林區學成路563號2樓","核准設立"
"41428773","凡星企業社","桃園市大園區田心里崁腳20之1號","核准設立"
"38497183","元豐食品行","臺北市中正區忠孝西路1段7號10樓之7","核准設立"
"37679544","順承企業行","屏東縣屏東市楠樹里廈門街82號","核准設立"
"41027904","黃海企業社","桃園市桃園區同德里中正路1165號7樓","核准設立"
"38836233","冠玉商行","臺中市北區健行里梅亭街４９６巷３２之２號三樓","核准設立"
"38580106","及第貿易商行","臺北市中山區中山北路2段85巷15號","核准設立"
"36933723","良顯企業行","高雄市楠梓區清成街８８號１樓","歇業／撤銷"
"10971927","勤美誠品飲料店","臺中市西區忠明里美村路一段81號1樓","歇業／撤銷"
"46665606","燈燦?油行","新竹市北區中興里北門街119號一樓","核准設立"
"40669751","五福五金行","臺中市太平區東和里東平路３０２號","核准設立"
"47246032","竹奇行","新竹市北區文雅里竹光路8號十一樓之3","核准設立"
"10959796","旺旺商行","彰化縣員林市中正里博愛路86號1樓","核准設立"
"26084530","崇德製麵廠","高雄市田寮區崇德路興德巷４號１樓","核准設立"
"52403118","永誠行","臺中市西區公民里民生路１４７號","核准設立"
"07906000","長鈺企業社","高雄市美濃區廣德里民族路９２之１號１樓","核准設立"
"08720848","耀得企業社","新北市板橋區僑中一街１２４巷２０弄４６號１樓","核准設立"
"36953207","振祐企業社","高雄市三民區博愛一路７０號８樓","核准設立"
"36938706","巨和貿易行","高雄市三民區本松街７３巷２號１樓","停業"
"34963285","泰源實業行","嘉義縣民雄鄉西安村20鄰西安路１５號","歇業／撤銷"
"38725898","維加斯商行","高雄市楠梓區宏毅二路南６巷３號１樓","核准設立"
"40737667","八方緣櫻桃烤鴨庄","臺南市善化區光文里中山路316號1樓","核准設立"
"39688132","寶元順商行","臺中市西屯區何南里大墩十九街４８號９樓之３","核准設立"
"37873478","祥通商行","新北市新莊區天泉二街5號1樓","核准設立"
"34763218","佑峻室內裝修業","新北市林口區自強四街16號4樓","核准設立"
"41330130","茉莉的家商行","高雄市橋頭區隆豐路１７５號","核准設立"
"26985010","趙德旺咖啡工房","臺中市北屯區大坑里東山路二段78之37號","核准設立"
"26746320","赫尼曼工作室","新北市林口區文化三路2段41巷39號13樓之1","歇業／撤銷"
"15885871","水木商行","臺北市中山區敬業一路36巷5號","核准設立"
"31866035","品睿商行","臺北市中山區復興北路288號7樓之3","核准設立"
"37889921","萬磊實業社","新北市板橋區溪崑一街20號","歇業／撤銷"
"36897629","欣統企業社","屏東縣潮州鎮三共里明仁巷36號1樓","停業"
"01586156","鍵敦生技企業社","桃園市中壢區振興里龍岡路二段226巷43弄44衖5號1樓","核准設立"
"41402957","商友健康科技實業","新北市板橋區文化路2段516號","核准設立"
"39862005","普遠商行","雲林縣西螺鎮福田里新厝路2之5號","停業"
"40743942","喬馨食品坊","臺南市安南區安富里郡安路5段164巷14弄15號1樓","核准設立"
"36917049","松財商行","高雄市鳳山區瑞興路２４７號９樓","歇業／撤銷"
"39821510","丞皇企業社","臺中市西區吉龍里五權一街２１號１樓","停業"
"37886255","月桂香食品行","新北市新莊區化成路113巷84號","核准設立"
"26234714","可可娜食品行","臺北市內湖區康寧路3段189巷157弄22號","列入廢止中"
"40800231","勻豐企業社","屏東縣潮州鎮永春里光春路７７號一樓","核准設立"
"41100094","宇婕國際實業社","新北市淡水區民族路50巷24號8樓","核准設立"
"69910454","丸英號","臺南市南區金華里金華路2段57巷83號1樓","核准設立"
"38832665","上富和群投資顧問企業社","臺中市西屯區何源里華美西街二段３１１號９樓之３","核准設立"
"30361450","威利商行","新北市中和區立德街72巷22號(2樓)","歇業／撤銷"
"02863018","葉記西點原料行","新竹市北區金雅里鐵道路二段二三一號","核准設立"
"26729510","昌冠食品行","新北市中和區民樂路3號3樓之2","歇業／撤銷"
"99455299","富育企業社","桃園市桃園區汴洲里峨眉一街63號","核准設立"
"26371527","豐餘洋行","臺北市士林區中山北路7段72號","停業"
"64223506","宏光書局","雲林縣土庫鎮宮北里中正路230號1樓","核准設立"
"38673033","榮均企業社","高雄市鼓山區明華路３３７號８樓","遷他縣市"
"10997692","芝心園商行","臺中市北屯區三光里三光二街81號1樓","核准設立"
"38833952","點點美食坊","臺中市南屯區永定里文昌街２２６巷２３號一樓","歇業／撤銷"
"80953036","伊德美企業社","高雄市苓雅區中華四路２５８號６樓","核准設立"
"26956802","一茗茶業行","臺中市北屯區東山路2段100巷12弄10號","核准設立"
"98809203","泓明香料行","臺南市東區自強里中華東路2段243巷18號1樓","核准設立"
"36937137","映全商行","高雄市三民區延吉街８７巷７２號４樓","核准設立"
"37819910","永心手工包子饅頭店","桃園市楊梅區光華里文化街105號1樓","歇業／撤銷"
"47353975","益昌企業社","南投縣南投市營南里營盤路151巷5弄7號","核准設立"
"37681437","力金咖啡行","屏東縣屏東市大武里建南路137號1樓","核准設立"
"38718432","米勒國際企業社","高雄市新興區復興街３１號１樓","核准設立"
"40733509","慶方企業行","臺南市東區路東里大同路2段87號1樓","核准設立"
"74961657","仙湖農場","臺南市東山區南勢里大洋6之6號","核准設立"
"45839489","寶格曼經典美研館","臺中市東區旱溪里自由路三段316號1樓","核准設立"
"37715339","凱?餐飲部","嘉義縣中埔鄉和美村後庄190之7號1樓","核准設立"
"31646841","皇品企業社","新竹市東區科園里科學園路212巷2號一樓","歇業／撤銷"
"41316989","子淩企業行","高雄市三民區吉林街５７巷３５號１樓","歇業／撤銷"
"31693061","立民食品行","桃園市龍潭區烏林里工五路191巷67弄71號","停業"
"41037023","家勝企業社","桃園市八德區廣興里廣興路980巷23之1號","歇業／撤銷"
"26940773","雅米麵包坊","彰化縣北斗鎮新政里三民街69號1樓","歇業／撤銷"
"37558963","臺灣語錄食品企業","臺南市東區東光里東興路169巷9之4號","核准設立"
"25979497","魯班商行","高雄市前鎮區瑞福路142號1樓","核准設立"
"26367299","欣洋企業社","臺北市中山區雙城街12巷5之1號","核准設立"
"26809534","慶宥商行","臺中市北屯區三和里東光路894號5樓之2","歇業／撤銷"
"37745657","豐客來企業社","臺南市東區和平里仁和路47之2號1樓","歇業／撤銷"
"36939536","奇勝企業社","高雄市鼓山區美術北三路９７號９樓","歇業／撤銷"
"31790182","喜願行","花蓮縣玉里鎮中城里興國路1段193號2樓","核准設立"
"31684372","小太陽食品行","新北市汐止區明峰街297巷3弄1之1號2樓","核准設立"
"25998430","壬子泉企業社","高雄市三民區明誠１路１７２號１樓","停業"
"41053698","金永食品商行","新北市蘆洲區仁愛街62巷20號(1樓)","核准設立"
"40599496","富杰商行","臺中市龍井區忠和里中央路三段１３６巷３號１樓","核准設立"
"41061661","精磊生技","新北市淡水區文化路63號2樓之2","核准設立"
"40985574","尚賓企業社","新竹縣竹北市北崙里博愛街149巷5號","核准設立"
"34841636","永發包子早餐店","桃園市中壢區新明里民權路一一九之三號","核准設立"
"31693061","立民食品行","桃園市龍潭區烏林里工五路191巷67弄71號","核准設立"
"38565956","以便以謝國際商行","臺北市北投區榮華三路43號2樓","核准設立"
"38733503","香格企業社","高雄市三民區大豐二路１１６之８號７樓","核准設立"
"39819710","金鼎軒國際商行","臺中市大肚區遊園路一段２０７號","歇業／撤銷"
"41061661","精磊生技","新北市淡水區文化路63號2樓之2","核准設立"
"37742286","日榮企業社","臺南市中西區民權里海安路2段125號1樓","歇業／撤銷"
"17856036","明吉企業行","高雄市苓雅區興中２路１２２號","核准設立"
"38924833","豐利企業社","彰化縣員林市中山路2段145號1樓","核准設立"
"41379864","壹琳企業社","新北市蘆洲區長安街111巷12弄2號5樓","核准設立"
"26486041","楊氏美粧社","高雄市新興區新江里林森一路２６７之１５５號","停業"
"38934939","富佳香食品原料行","彰化縣埔心鄉義民村員鹿路2段152號1樓","歇業／撤銷"
"37999928","庭羽企業社","花蓮縣花蓮市國威里民國路159號2樓","歇業／撤銷"
"41073998","國哲行","新北市三重區環河南路246之1號","核准設立"
"40656209","朴子義成實業社","臺中市南屯區大誠里精誠路６７０號二樓","核准設立"
"31877498","上億企業社","臺北市北投區行義路138號4樓","歇業／撤銷"
"37678398","成記雙糕潤行","屏東縣東港鎮朝安里朝隆路22號","核准設立"
"26478062","庚宏企業社","高雄市鹽埕區七賢３路１９０號１樓","歇業／撤銷"
"26956802","一茗茶業行","臺中市豐原區北湳里圓環北路二段１２３號１５樓之２","核准設立"
"40798925","木衣林商行","屏東縣潮州鎮三共里曲江街77號1樓","核准設立"
"41333853","京順企業社","高雄市大樹區中山路９０號１樓","核准設立"
"02383643","山石化工原料行","宜蘭縣宜蘭市民權里自強路九號一樓","核准設立"
"18174087","勝岳藥膳茶品企業社","桃園市大溪區仁武里介壽路８８４巷１號１樓","核准設立"
"31709697","崧芸企業社","新北市永和區竹林路119巷22弄12號2樓","歇業／撤銷"
"26370034","滷智深食品行","臺北市大同區延平北路2段250巷9號3樓","歇業／撤銷"
"18019874","珍永食品行","高雄市大樹區新生街７８號１樓","核准設立"
"37595735","法利達企業社","臺南市永康區東橋里東橋十街116、118號1樓","核准設立"
"26971753","光達科技企業社","臺中市北屯區?子里太和路一段36號1樓","核准設立"
"41167192","酩品菸酒商行","新竹縣湖口鄉信勢村2鄰成功路101號","核准設立"
"41065771","這係韓企業社","新北市新莊區和平里思源路419巷1弄25號2樓","停業"
"40974437","福源廣企業社","宜蘭縣羅東鎮漢民里純精路二段105號一樓","核准設立"
"02273961","豐郁軒企業社","新北市三峽區大德路28號12樓之1","核准設立"
"47650927","宏福食品行","高雄市三民區民族一路７０２之１８號１樓","核准設立"
"38832665","上富和群投資顧問企業社","臺中市西屯區何源里華美西街二段３１１號９樓之３","歇業／撤銷"
"38792663","德宏實業社","雲林縣斗六市八德里文化路730、732號1樓","核准設立"
"10290210","竣宥多媒體企業社","高雄市鳳山區海洋一路６０巷３號７樓","核准設立"
"45570981","和豐教材用品社","南投縣埔里鎮北梅里漢陽三街51號","核准設立"
"37585770","漢天威企業社","臺南市東區崇文里崇德十九街61號1樓","歇業／撤銷"
"68466572","南洋工業原料行","臺南市南區再興里新城街2號","核准設立"
"26554103","弼鈞商行","新北市新莊區中正路力行巷1弄13號(1樓)","核准設立"
"25468170","民晟茶業","南投縣名間鄉松柏村松柏街262號1樓","歇業／撤銷"
"26241172","味來實業社","臺北市中山區松江路328號10樓之3","核准設立"
"42165502","晶賀商行","新竹縣竹北市新國里3鄰華興一街96號1F","核准設立"
"41394302","一路發室內裝修設計實業社","新北市土城區延吉街296巷4號(1樓)","核准設立"
"37849294","菁品實業社","新竹市東區金山里金山八街108號一樓","遷他縣市"
"39826677","雅斯餐廳","臺中市南屯區田心里文心路一段１６３號１，２樓","歇業／撤銷"
"34833474","和軒茶行","桃園市八德區大智里大智路五七號一樓","核准設立"
"02447604","金茂商行","新北市板橋區長江路3段98號(1樓)","核准設立"
"41097794","沐曦工程行","新北市中和區莒光路84巷36號3樓","核准設立"
"26558804","琉璃頂商行","基隆市中正區砂子里調和街290巷45弄1號1樓","核准設立"
"12051989","林玟龍廣播節目製作社","南投縣草屯鎮太平路一段三四五號","核准設立"
"14441372","京燕企業社","基隆市中正區調和街290巷193號","核准設立"
"40742866","鼎立小吃店","臺南市永康區南灣里永大路1段330號1樓","歇業／撤銷"
"39853759","傑翔科技企業社","臺中市西屯區潮洋里臺灣大道三段６９９號１４樓之１２","核准設立"
"10410209","佑鎧企業社","臺南市中西區赤嵌里民族路2段120號1樓","核准設立"
"41056983","協珍餅店","新北市三重區重新路3段20號(1樓)","核准設立"
"10708757","御霖藝品行","高雄市鳳山區文衡里文殿街１８號１樓","核准設立"
"38688866","綠柚子蔬果行","高雄市三民區民豐路４３號１２樓","核准設立"
"52488869","東昇化工原料儀器行","臺中市南屯區豐樂里精誠南路１３５巷３號一樓","核准設立"
"31684035","吉樂實業社","新北市瑞芳區逢甲路裕民新城３號1樓","核准設立"
"38555562","普賢美企業社","臺北市文山區羅斯福路5段199號3樓","歇業／撤銷"
"02390314","采奕企業社","新北市永和區永和路2段57號7樓","核准設立"
"40875942","上田實業社","臺南市南區府南里永成路3段461巷21弄10號2樓","核准設立"
"36730733","庠林商行","屏東縣潮州鎮三共里曲江街77號1樓","核准設立"
"36816324","立果企業社","臺南市東區崇明里中華東路3段399巷24弄6號1樓","核准設立"
"26431953","牧場工坊","臺南市北區長榮里長榮路5段5號1樓","歇業／撤銷"
"30222556","沅銘寵物水族百貨館","桃園市中壢區後寮里環中東路二段四九五號一樓","核准設立"
"77552070","泰豐食品原料行","臺中市東區東英里東英九街１４９號一樓","核准設立"
"41328248","平行生物企業社","高雄市前鎮區中華五路９６９巷１弄１０號１０樓","核准設立"
"38734593","高金商行","高雄市三民區九如一路２４９號","核准設立"
"39822433","馨香味企業社","臺中市太平區中興里永平路二段４７６巷８３號１樓","歇業／撤銷"
"37567415","金河實業社","臺南市安平區國平里文平路209號","核准設立"
"41365806","九兆軒食品坊","新北市淡水區自強路48之1號7樓","核准設立"
"12051989","林玟龍廣播節目製作社","南投縣草屯鎮太平路一段三四五號","核准設立"
"26214421","巧蕾德食品行","臺北市大同區重慶北路2段13號","歇業／撤銷"
"25468185","弘崧茶業","南投縣名間鄉松柏村松柏街82-5號1樓","核准設立"
"47131123","吉利餅行","臺中市大甲區孔門里文武路９７號","核准設立"
"26003100","柏恩商行","高雄市左營區新莊１路２８０號１３樓之１","歇業／撤銷"
"38780527","大利市商行","雲林縣北港鎮華勝里公園路19號","核准設立"
"06572048","弘達企業社","臺南市善化區坐駕里民生路413號","核准設立"
"31559070","唯康婦嬰生活館","桃園市平鎮區金星里中豐路南勢二段144號","核准設立"
"41624640","宏明化工原料行","宜蘭縣五結鄉上四村中正路二段一一二號一樓","核准設立"
"00344906","集豐商店","基隆市中山區新生路23號","核准設立"
"31878187","龍均國際企業社","臺北市萬華區長順街99巷16弄11號2樓","核准設立"
"26765156","巧克家商行","新北市新店區北新路2段139巷20號3樓","核准設立"
"40702843","嵐田企業社","臺中市西屯區廣福里環中路二段８２８之２號１樓","核准設立"
"26476445","泰皇賞食品企業行","高雄市小港區平和２路４３巷７弄５之１號２樓","歇業／撤銷"
"37795369","康賜福企業社","桃園市桃園區寶慶里同德五街264號","歇業／撤銷"
"37585770","漢天威企業社","臺南市東區崇文里崇德十九街61號1樓","停業"
"25782369","鈺豐農特產行","臺南市玉井區望明里望明53之6號","核准設立"
"01630224","黑桃國際企業社","桃園市大園區田心里崁腳20-1號","核准設立"
"76958431","萬客來食品原料行","花蓮縣花蓮市主工里和平路四四０號一樓","核准設立"
"01456267","微幸福食品商行","桃園市龜山區文化里復興北路88號1樓","核准設立"
"38728781","以勒餐廳","高雄市苓雅區福建街２０７之１號１樓","核准設立"
"10410209","正英倫精品皮飾專賣店","臺南市中西區赤嵌里民族路2段120號1樓","核准設立"
"80927586","巧聯禮品百貨企業社","新北市蘆洲區復興路２７７號","停業"
"41044832","明華莊國際企業社","桃園市龍潭區中興里16鄰天龍3巷1號2樓","核准設立"
"41897114","勤亨商行","宜蘭縣礁溪鄉三民村七結路24-6號","核准設立"
"45570981","和豐教材用品社","南投縣埔里鎮北梅里漢陽三街51號","核准設立"
"10965586","花媽婦嬰用品店","臺中市南屯區豐樂里東興路一段４４７號","核准設立"
"40802879","北海商行","屏東縣潮州鎮三星里三城路197號1樓","核准設立"
"47353948","慧順行","南投縣南投市營南里營盤路151巷5弄7號","核准設立"
"26445844","福麟食品行","臺南市佳里區建南里中和街18巷9號1樓","歇業／撤銷"
"41424538","源健順企業商行","桃園市桃園區同安里新埔六街12號3樓","核准設立"
"39946531","上杰生物科技企業社","彰化縣員林市新生里至善街4號1樓","歇業／撤銷"
"40795151","安葳商行","屏東縣屏東市大連里德豐街63號5樓之2","核准設立"
"26026700","福澤創意國際企業社","高雄市鳳山區文武街１０９號１樓","核准設立"
"26456118","甲竹貿易商行","臺南市佳里區建南里建南街142之1號","歇業／撤銷"
"26239529","福多雜糧行","臺北市大安區新生南路1段137巷9之1號","核准設立"
"10670422","信泰企業社","新北市板橋區光武街136巷3號(1樓)","核准設立"
"36817554","創薪點子行銷工坊","臺南市東區崇明里中華東路3段357巷29號","核准設立"
"38787606","鈕津企業社","雲林縣土庫鎮西平里民權路172之5號1樓","歇業／撤銷"
"37868812","鈞富商行","新北市三重區介壽路39巷24號","歇業／撤銷"
"09345292","上美味商行","臺中市南屯區文山里嶺東路370巷32號1樓","核准設立"
"09063618","文濱文具百貨行","高雄市鳳山區文濱路１４０、１４２號１樓","停業"
"37660469","迅潔環保社","臺東縣臺東市豐年里寧夏街九十五號","核准設立"
"37758358","銘鎮商行","基隆市中山區新生路25號1樓","核准設立"
"18136789","育賢教材用品社","南投縣埔里鎮大城里大城路三五號","核准設立"
"42270173","職人咖啡商行","臺北市內湖區新湖一路128巷15號","核准設立"
"02107817","京軒商行","新北市汐止區新台五路1段160之1號(1樓)","核准設立"
"37569531","合大合企業社","臺南市安平區育平里健康三街17巷6號1樓","核准設立"
"31874582","多維科技企業坊","臺北市松山區南京東路5段40號6樓之7","歇業／撤銷"
"47658890","永全益企業社","高雄市三民區三德西街４４巷１７弄７號６樓","核准設立"
"26348815","美樂林小吃店","臺北市大安區大安路1段31巷50號","歇業／撤銷"
"73955158","春鑫食品行","高雄市大樹區大樹里新生街７８號１樓","核准設立"
"38666835","通洲便利商店","高雄市前鎮區一心一路３０８號１樓","核准設立"
"45686809","詠誠烘焙原料行","臺中市西區公德里精誠路３１９號１樓","核准設立"
"47389967","小耕丁工作室","雲林縣斗六市龍潭里八德路82號1樓","核准設立"
"38472401","賴桑的珍寶商行","臺北市中正區青島東路7號3樓之5","歇業／撤銷"
"10958918","佑聖企業社","彰化縣員林市三橋里大榮街51號2樓","歇業／撤銷"
"57911210","赤崁企業行","高雄市前金區民生２路１５１號１樓","遷他縣市"
"41410231","多翎食品行","新北市三重區龍濱路205巷21號3樓","核准設立"
"08315279","益富行","臺中市大雅區上雅里神林南路５３號１樓","核准設立"
"10919866","興鏵商行","南投縣南投市平山里平山一路三街76號1樓","核准設立"
"67718988","海棟商行","高雄市美濃區福安里福安街１２號１樓","核准設立"
"26360562","喜德服裝工作室","新北市永和區自由街9號1樓","核准設立"
"38836923","孫家廚房","臺中市西區忠明里中美街４７１號２樓","核准設立"
"41307047","鼎葉津食品行","高雄市左營區勝利路１６１號１樓","核准設立"
"36938889","源駿行","高雄市三民區義華路１５９巷２７弄２號１樓","核准設立"
"39865919","六米豆食品企業社","雲林縣斗南鎮南昌里光復街36號2樓之6","核准設立"
"41373427","藍海游龍企業社","新北市土城區金城路2段265號12樓","歇業／撤銷"
"36907844","華莎實業商行","高雄市三民區延慶街４８巷２號７樓","核准設立"
"26365068","貽芳企業社","臺北市松山區南京東路5段123巷1弄22號6樓","遷他縣市"
"02107817","京軒商行","新北市三重區環河南路29號","停業"
"26451964","奧爾斯食品商號","臺南市東區崇文里崇德二十四街17號1樓","核准設立"
"38871076","糖爺食品商行","臺中市西屯區逢甲里中新巷１弄１４號","核准設立"
"41307285","元卉小舖","高雄市鳳山區文豐街１１巷４１弄５號","核准設立"
"93942717","新瑞益原料行","嘉義市西區永和里永和街６３號一樓","核准設立"
"41087780","晶晶生技企業社","新北市新莊區後港一路177號6樓之1","核准設立"
"38692572","鴻華實業行","高雄市鳳山區永安街１１３號１２樓","歇業／撤銷"
"26501704","東湧企業行","連江縣東引鄉中柳村75號","核准設立"
"26741747","明揚企業社","新北市永和區豫溪街78號1樓","核准設立"
"13321764","明嘉洋行","高雄市岡山區大德三路１２０號１樓","核准設立"
"36938614","銓曜工程行","臺中市北屯區三光里北屯路２９９－１０號","核准設立"
"31845519","小確幸好食工作室","新北市淡水區樹梅坑33號8樓","核准設立"
"37659553","布魯斯國際商行","臺東縣臺東市豐榮里仁義北路一五五號","停業"
"06486199","世峰行","臺南市北區大豐里大興街325巷56號1樓（僅供辦公室使用）","核准設立"
"36912298","合眾水產行","臺北市信義區松山路315之1號","停業"
"40631307","鐵味食堂青海店","臺中市西屯區上德里青海路二段２０９之１８號","核准設立"
"26352922","漫動作咖啡館","臺北市中山區中山北路1段33巷20弄6號","核准設立"
"38692572","鴻華實業行","高雄市鳳山區永安街１１３號１２樓","核准設立"
"41069896","京陽工作坊","新北市土城區中央路1段277巷3號3樓","核准設立"
"36913439","綠元烘焙坊","高雄市楠梓區土庫路１３１號１樓","核准設立"
"26890957","馥嘉食品行","南投縣草屯鎮中山里碧山南路11號一樓","核准設立"
"37716843","佳宏食品原料行","嘉義縣竹崎鄉灣橋村朴子埔98號1樓","核准設立"
"41031870","光勝企業社","桃園市平鎮區平興里延平路三段2號3樓","核准設立"
"41194775","台灣國際美食推廣實業","宜蘭縣冬山鄉群英村冬山路五段321號一樓","停業"
"26948563","勇馨企業社","南投縣埔里鎮北安里六合路173巷2號6樓之2","歇業／撤銷"
"31858921","鬆餅公主小吃店","臺北市大安區通化街38巷11號","歇業／撤銷"
"38713008","山嵐食品行","高雄市三民區建興路３７０號２樓之１６","歇業／撤銷"
"39819768","皇家耀企業社","臺中市霧峰區峰谷里峰谷路４８１號１樓","核准設立"
"26365068","貽芳企業社","新北市林口區中山路538號15樓","核准設立"
"10988011","喜多國際行銷企業社","臺中市南區樹德里德富路60號7樓之2","核准設立"
"37801720","理德寶實業社","桃園市桃園區中德里國際路一段680巷110號","核准設立"
"10969936","九龍城茶飲企業社","臺中市南區福平里光輝街51巷20號1樓","核准設立"
"26983786","國保商行","臺中市北屯區平心里安順四街2號","歇業／撤銷"
"00182509","翔園企業社","高雄市美濃區興南街２５號１樓","歇業／撤銷"
"25705841","長鴻國際貿易社","屏東縣佳冬鄉六根村佳和路132之5號","歇業／撤銷"
"40869364","國昌實業社","臺南市安南區佃西里海佃路4段391號1樓","核准設立"
"13321764","明嘉洋行","高雄市岡山區大德三路１２０號１樓","核准設立"
"26759675","益德咖啡商行","新北市中和區忠孝街19巷6號3樓","核准設立"
"42270103","廣海企業社","臺北市萬華區萬大路27號3樓","核准設立"
"37704500","人義企業社","嘉義市東區蘭潭里小雅路２０１號七樓之７","歇業／撤銷"
"17338077","茂順企業社","苗栗縣頭份鎮濫坑里10鄰62號1樓","核准設立"
"10457225","加隆煙酒商行","嘉義市東區義教里台林街２１９號一樓","核准設立"
"37701644","活悅商行","嘉義市西區湖內里南京路１５巷９號十一樓之２","核准設立"
"38713008","山嵐食品行","高雄市三民區建興路３７０號２樓之１６","核准設立"
"17265779","啟順蔥蒜行","臺北市大同區歸綏街271號273號1樓","核准設立"
"37707062","雅美康企業社","嘉義市西區新厝里保安一路１４之１號一樓","核准設立"
"31845519","小確幸好食工作室","臺北市士林區天母西路3號1樓之67","遷他縣市"
"38758980","智揚生技工業社","彰化縣鹿港鎮東石里鹿西路538號","核准設立"
"99914702","其鋒企業社","臺中市北區賴福里太原路２段２０６之４號５樓","核准設立"
"40800099","宜家商行","屏東縣屏東市空翔里迪化街29號5樓之1","核准設立"
"38863511","永安醫療用品專賣店","臺中市西屯區何厝里四川路７９之７號１樓","核准設立"
"34894892","義貞企業社","花蓮縣花蓮市國強里豐村36之13號","歇業／撤銷"
"41391706","永貞夯米包店","新北市永和區永貞路216號","歇業／撤銷"
