﻿"統一編號","商業名稱","商業地址","登記狀態"
"02118005","尚豐企業社","新北市八里區忠孝路187號(1樓)","核准設立"
"06187642","坤詮企業社","雲林縣水林鄉蘇秦村順安路一一之一號","核准設立"
"09140988","鴻崧企業社","臺東縣臺東市中正里中正路二八一號","核准設立"
"09140988","鴻崧企業社","臺東縣臺東市光明里連航路六十七號","核准設立"
"10821955","平閎食品行","臺南市南區彰南里新忠路1之1號","核准設立"
"14441669","富盛烘焙材料行","基隆市仁愛區曲水里曲水街一八號一樓","核准設立"
"30293664","偉客企業社","新北市中和區中山路3段114巷28弄6之2號","核准設立"
"37659553","布魯斯國際商行","臺東縣臺東市豐榮里仁義北路一五五號","核准設立"
"37659553","布魯斯國際商行","臺東縣臺東市豐榮里仁義北路一五五號","停業"
"37797248","弘味食品行","桃園市蘆竹區瓦窯里南山路一段90巷20號1樓","核准設立"
"37801720","理德寶實業社","桃園市桃園區中德里國際路一段680巷110號","核准設立"
"39712203","雲之南食品行","雲林縣元長鄉瓦?村北安路76號","核准設立"
"40860624","天佑企業社","臺南市後壁區嘉田里12之8號","核准設立"
"41075927","米菲烘焙工作室","新北市瑞芳區一坑路351號","核准設立"
"41383966","旺旺美食坊","新北市林口區竹林路446巷3弄1號","核准設立"
"41460082","吉羽計劃工作室","花蓮縣瑞穗鄉舞鶴村迦納納二路１６９號1樓","核准設立"
"78614243","雙巧密針織廠","彰化縣鹿港鎮海埔里鹿工南三路三號","核准設立"
"01995321","三豐食品工廠","新北市新莊區化成路１００之１號","核准設立"
"26624348","雞大王食品加工廠","桃園市八德區茄苳里永豐路343號","核准設立"
"31866149","啤瓦多創意行銷商行","臺北市中正區金門街24巷35號","歇業／撤銷"
"37563966","乾隆化工貿易行","臺南市麻豆區油車里23之2號1樓","核准設立"
"37873478","祥通商行","新北市土城區明德路1段20巷2弄8號4樓","核准設立"
"37873478","祥通商行","新北市新莊區天泉二街5號1樓","核准設立"
"38580106","及第貿易商行","臺北市中山區中山北路2段85巷15號","核准設立"
"39862005","普遠商行","雲林縣西螺鎮福田里新厝路2之5號","停業"
"39862005","普遠商行","雲林縣西螺鎮福田里新厝路2之5號","停業"
"40743942","喬馨食品坊","臺南市安南區安富里郡安路5段164巷14弄15號1樓","核准設立"
"41309410","承昌蔬果行","高雄市鳳山區中山東路５８巷５０號１樓","核准設立"
"45783289","金利食品行","雲林縣元長鄉長南村中山路二六一號之一","核准設立"
"59130937","宏泉化工原料行","彰化縣溪州鄉西畔村中西路2段200巷116號","核准設立"
"10109394","聰欽企業行","高雄市湖內區公?里保生路９２號１樓","核准設立"
"37816575","提督興業","桃園市中壢區普慶里中山東路二段545號3樓","核准設立"
"37866407","韓道食品實業商行","新北市板橋區大觀路1段28巷4弄28號之5","申覆（辯）期"
"37866407","韓道食品實業商行","新北市板橋區大觀路1段28巷4弄28號之5","核准設立"
"37866407","韓道食品實業商行","新北市板橋區大觀路1段28巷4弄28號之5","核准設立"
"37912417","行義企業社","臺北市北投區石牌路2段357巷1號1樓","核准設立"
"37912417","行義企業社","新北市板橋區府後街1巷12號2樓","遷他縣市"
"37997055","禾昇有機商行","花蓮縣花蓮市國慶里中山路1段109巷41弄12號","核准設立"
"38787916","元展科技開發洋行","雲林縣西螺鎮廣福里廣興路162號","核准設立"
"38850749","育良行","臺中市南屯區三和里河南路四段４６０號１８樓之６","核准設立"
"39730075","九天企業社","雲林縣虎尾鎮西屯里大屯351之13號1樓","核准設立"
"40545035","木木昜工作室","臺中市西屯區協和里順和三街１００號１樓","核准設立"
"40874269","東品商行","臺南市東區富強里東門路2段301巷80弄29號1樓","核准設立"
"41321110","胖胖猴實業社","高雄市鳳山區經武路２３５號１樓","核准設立"
"41365340","佳千企業社","新北市蘆洲區中山一路284號10樓","核准設立"
"41368037","甦活食品","新北市林口區民族路199號6樓","核准設立"
"41383277","艾瑪露絲天然本舖","新北市新店區新坡一街３１號（１樓）","核准設立"
"41383277","艾瑪露絲天然本舖","新北市新店區新坡一街３１號（１樓）","停業"
"47367719","牧誠食品行","彰化縣溪湖鎮湖東里興學街14號","核准設立"
"98703026","王茶化工原料行","臺中市大甲區中山里水源路452巷56號","核准設立"
"41037023","家勝企業社","桃園市八德區廣興里廣興路980巷23之1號","歇業／撤銷"
"40874887","大丘園農場","臺南市北區和順里臨安路2段249巷22之4號","核准設立"
"37866407","韓道食品實業商行","新北市板橋區大觀路1段28巷4弄28號之5","歇業／撤銷"
"10109394","聰欽企業行","高雄市湖內區公?里保生路９２號１樓","核准設立"
"01370183","富力亨企業社","桃園市中壢區仁德里晉元路289巷76號","核准設立"
"08526318","允揚蔬果行","高雄市大樹區大樹里大樹路南巷２２號１樓","核准設立"
"10670422","信泰企業社","新北市板橋區光武街136巷3號(1樓)","核准設立"
"10670422","信泰企業社","新北市板橋區光武街136巷3號(1樓)","核准設立"
"14441372","京燕企業社","基隆市中正區調和街290巷193號","核准設立"
"18073525","鼎立烘焙商行","新北市板橋區重慶路２６９巷１５號１樓","核准設立"
"26009385","泓盈商行","高雄市鳳山區自由路１８號１樓","核准設立"
"26016225","順慶企業社","高雄市鳳山區中山西路２５號１樓","核准設立"
"26995880","懿菇堡農業科技行","臺中市新社區新社里中和街四段３６８號一樓","核准設立"
"36918223","正時興業行","高雄市前鎮區后安路２２９號１１樓","核准設立"
"37660469","迅潔環保社","臺東縣臺東市豐年里寧夏街九十五號","核准設立"
"37660469","迅潔環保社","臺東縣臺東市豐年里寧夏街九十五號","核准設立"
"38496564","老麵團食坊","臺北市萬華區和平西路3段61號(1樓)","核准設立"
"38578208","青陽商行","臺北市大安區延吉街123號1樓","核准設立"
"38578208","青陽商行","新北市中和區連城路238號2樓之1","核准設立"
"38578208","青陽商行","臺北市大安區延吉街123號1樓","遷他縣市"
"38705470","台醬生物科技廠","高雄市燕巢區安林二街１３號１樓","核准設立"
"38784586","台灣永豐米糧行","雲林縣西螺鎮中和里延平路57號","核准設立"
"38826431","禾久相古法雞精","臺中市沙鹿區六路里南陽路５６號","核准設立"
"40862171","綠廷企業社","臺南市安南區東和里環館三路13巷30弄58號1樓","核准設立"
"41365806","九兆軒食品坊","新北市淡水區自強路48之1號7樓","核准設立"
"41375017","呷喀煙燻滷味","新北市樹林區三俊街126巷29號","核准設立"
"60265222","明山製麵部","彰化縣永靖鄉瑚璉村裕農路49號","核准設立"
"71230405","育志澱粉工廠","臺南市善化區西關里興農路151巷41號","核准設立"
"99338785","鮪宇行","臺北市中山區松江路140巷6之2號1樓","核准設立"
