id,Address,Response_Address,Response_X,Response_Y
1,臺北市松山區松江路50號11樓,找不到指定的門牌地址。,,
2,臺北市北投區明德路113巷4弄2號1樓,臺北市北投區裕民里21鄰明德路113巷4弄2號,302389.527,2778100.836
3,臺北市中正區重慶南路1段121號6樓之20,臺北市中正區黎明里9鄰重慶南路一段121號,301802.599,2770552.616
4,臺北市中正區杭州南路1段27號11樓,臺北市中正區幸福里11鄰杭州南路一段27號,303115.350,2770531.180
5,臺北市中山區中山北路2段129號4樓,臺北市中山區聚葉里1鄰中山北路二段129號,302783.595,2772686.469
6,臺北市中山區南京東路2段206號11樓,臺北市中山區朱園里1鄰南京東路二段206號,304065.932,2771624.336
7,臺北市松山區南京東路5段336號4樓之5,臺北市松山區新聚里8鄰南京東路五段336號,307404.693,2771556.222
8,臺北市內湖區瑞光路417號5樓及6樓419號8樓之1、9樓之1、10樓之1、11樓之1、12樓之1、13樓之1、419號至423號之5樓、6樓、8樓、9樓、10樓、11樓、12樓、13樓,臺北市內湖區港墘里20鄰瑞光路423號,307628.368,2774607.957
9,臺北市中山區建國北路3段79號7樓,臺北市中山區行孝里9鄰建國北路三段79號,304178.833,2773125.631
10,臺北市中山區松江路26巷5號6樓,臺北市中山區興亞里4鄰松江路26巷5號,303703.967,2771114.520
11,臺北市中山區中山北路1段72號3樓之3,臺北市中山區民安里1鄰中山北路一段72號,302551.868,2771277.181
12,臺北市中山區新生北路2段31之1號5樓之3,臺北市中山區中原里5鄰新生北路二段31之1號,303251.624,2771887.008
13,臺北市松山區南京東路５段３３６號９樓之６,臺北市松山區新聚里8鄰南京東路五段336號,307404.693,2771556.222
14,臺北市中山區錦州街286號1樓,臺北市中山區松江里15鄰錦州街286號,304032.579,2772555.568
15,臺北市內湖區新湖三路23號5樓,臺北市內湖區湖元里18鄰新湖三路23號,307931.500,2772788.475
16,臺北市中山區復興北路2號7樓之3,臺北市中山區朱崙里16鄰復興北路2號,304861.884,2771178.627
17,臺北市大安區基隆路2段164號2樓之1,臺北市大安區法治里1鄰基隆路二段164號,306064.089,2768906.791
18,臺北市中山區德惠街34號11樓之25,臺北市中山區晴光里1鄰德惠街34號,303085.083,2773256.161
19,臺北市中山區民生東路1段43號4樓,臺北市中山區聚盛里11鄰民生東路一段43號,303072.875,2772326.467
20,臺北市大安區復興南路2段237號12樓之3,臺北市大安區群賢里2鄰復興南路二段237號,304871.110,2768750.522
21,臺北市中山區長安東路2段80號8樓之4,臺北市中山區朱園里13鄰長安東路二段80號,303892.138,2771237.566
22,臺北市北投區大業路382號10樓之1,臺北市北投區中央里16鄰大業路382號,300153.102,2780222.310
23,臺北市松山區南京東路４段１８６號１３樓之６,臺北市松山區復勢里21鄰南京東路四段186號,306249.124,2771582.009
24,臺北市松山區南京東路5段40號17樓之7,臺北市松山區吉祥里18鄰南京東路五段40號,306469.086,2771576.809
25,臺北市松山區南京東路５段２６８號１樓,臺北市松山區新聚里10鄰南京東路五段268號,307195.123,2771562.256
26,臺北市中山區民權東路1段48號11樓之2,臺北市中山區聚葉里2鄰民權東路一段48號,302876.445,2772805.018
27,臺北市內湖區瑞光路188巷48號7樓,臺北市內湖區港墘里20鄰瑞光路188巷48號,308177.518,2774066.089
28,臺北市中山區吉林路142號5樓,臺北市中山區中原里10鄰吉林路142號,303479.583,2772071.520
29,臺北市信義區東興路57號5樓,臺北市信義區新仁里19鄰東興路57號,307175.264,2771153.706
30,臺北市中山區南京東路2段76號6樓,臺北市中山區興亞里18鄰南京東路二段76號,303556.593,2771627.158
31,臺北市信義區文昌街316號3樓,臺北市信義區中興里3鄰文昌街316號,306305.935,2769449.916
32,臺北市中山區龍江路１５５巷１３號３樓,臺北市中山區復華里7鄰龍江路155巷13號,304596.825,2771902.162
33,臺北市中山區松江路87號10樓之2,臺北市中山區朱園里9鄰松江路87號,303800.072,2771471.395
34,臺北市信義區基隆路1段135之2號2樓,臺北市信義區敦厚里1鄰基隆路一段135之2號,307131.721,2770725.894
35,臺北市中正區濟南路1段7之5號,臺北市中正區幸福里2鄰濟南路一段7之5號,302664.537,2770621.080
36,臺北市大安區復興南路１段２５９號８樓之１,臺北市大安區仁慈里15鄰復興南路一段259號,304882.980,2769930.607
37,臺北市內湖區內湖路1段120巷15弄28號,臺北市內湖區西康里26鄰內湖路一段120巷15弄28號,306868.682,2774905.507
38,臺北市松山區南京東路5段213號4樓之1,臺北市松山區安平里7鄰南京東路五段213號,306907.613,2771612.434
39,臺北市信義區基隆路2段189號14樓之11,臺北市信義區黎順里18鄰基隆路二段189號,305836.331,2768638.368
40,臺北市大安區樂業街７６號１樓,臺北市大安區芳和里4鄰樂業街76號,305588.619,2768308.029
41,臺北市大安區信義路4段265巷21弄26號1樓,臺北市大安區敦煌里6鄰信義路四段265巷21弄26號,306094.016,2769618.764
42,臺北市大安區忠孝東路四段一五五號八樓之九,臺北市大安區建安里16鄰忠孝東路四段155號,305502.667,2770510.271
43,臺北市大安區敦化南路2段67號19樓,臺北市大安區義安里13鄰敦化南路二段67號,305417.492,2769294.367
44,臺北市信義區基隆路2段189號14樓之12,臺北市信義區黎順里18鄰基隆路二段189號,305836.331,2768638.368
45,臺北市中山區南京東路3段189號8樓,臺北市中山區復華里11鄰南京東路三段189號,304710.237,2771656.457
46,臺北市北投區中央南路2段37號、37號5樓、37號6樓之7,臺北市北投區八仙里5鄰中央南路二段37號,300462.870,2779619.116
47,臺北市松山區南京東路4段197號5樓,臺北市松山區東勢里14鄰南京東路四段197號,306196.048,2771626.316
48,臺北市大安區敦化南路2段77號12樓,臺北市大安區義安里13鄰敦化南路二段77號,305435.094,2769233.618
49,臺北市松山區南京東路5段202號10樓之4,臺北市松山區新聚里29鄰南京東路五段202號,306975.835,2771566.467
50,臺北市中山區中山北路2段61號9樓,臺北市中山區中山里4鄰中山北路二段61號,302765.038,2772092.580
51,臺北市中正區忠孝東路1段152號10樓之6,臺北市中正區幸福里7鄰忠孝東路一段152號,303067.918,2770752.065
52,臺北市中山區松江路50號11樓,臺北市中山區興亞里8鄰松江路50號,303754.412,2771227.221
53,臺北市南港區園區街3號13樓,臺北市南港區三重里25鄰園區街3號,311745.412,2772394.440
54,臺北市內湖區堤頂大道2段477號8樓之1,臺北市內湖區西康里26鄰堤頂大道二段477號,306714.499,2774967.700
55,臺北市松山區復興北路1號13樓之4,臺北市松山區中正里1鄰復興北路1號,304906.540,2771201.056
56,臺北市松山區復興北路101號5樓之1,臺北市松山區中正里31鄰復興北路101號,304916.912,2771756.869
57,臺北市大安區復興南路2段13號,臺北市大安區住安里1鄰復興南路二段13號,304876.314,2769492.435
58,臺北市內湖區行愛路140巷27號5樓,臺北市內湖區湖元里18鄰行愛路140巷27號,308442.360,2772941.193
59,臺北市大安區信義路2段208號8樓之3,臺北市大安區福住里8鄰信義路二段208號,303557.054,2769587.076
60,臺北市中正區忠孝西路1段50號11樓之15,臺北市中正區黎明里11鄰忠孝西路一段50號,302048.097,2771005.519
61,臺北市信義區基隆路1段432號11樓之4,臺北市信義區中興里9鄰基隆路一段432號,306485.246,2769628.588
62,臺北市大安區敦化南路2段46號5樓之6,臺北市大安區住安里20鄰敦化南路二段46號,305343.965,2769365.467
63,臺北市信義區吳興街500巷6號,臺北市信義區惠安里23鄰吳興街500巷6號,307453.274,2768450.247
64,臺北市士林區劍潭路16號8樓,臺北市士林區承德里19鄰劍潭路16號,302841.897,2775174.798
65,臺北市松山區南京東路4段93號12樓,臺北市松山區東勢里2鄰南京東路四段93號,305912.330,2771632.428
66,臺北市信義區松智路1號11樓,臺北市信義區西村里8鄰松智路1號,307122.957,2770191.765
67,臺北市大安區忠孝東路4段169號6樓之1,臺北市大安區建安里16鄰忠孝東路四段169號,305541.268,2770509.776
68,臺北市中山區林森北路381號8樓之10,臺北市中山區聚盛里11鄰林森北路381號,303035.011,2772358.797
69,臺北市中山區林森北路356號5樓,臺北市中山區中山里9鄰林森北路356號,303004.458,2772216.976
70,臺北市內湖區內湖路1段388號4樓,臺北市內湖區港墘里20鄰內湖路一段388號,307745.985,2774849.560
71,臺北市松山區復興北路101號5樓之2,臺北市松山區中正里31鄰復興北路101號,304916.912,2771756.869
72,臺北市大安區敦化南路2段267號14樓之2,臺北市大安區全安里2鄰敦化南路二段267號,305414.628,2768692.001
73,臺北市士林區福國路21號4樓,臺北市士林區德行里8鄰福國路21號,302884.230,2777165.854
74,臺北市中山區松江路152號11樓之11,臺北市中山區中吉里8鄰松江路152號,303762.733,2771885.645
75,臺北市中山區中山北路3段36巷2號9樓,臺北市中山區集英里24鄰中山北路三段36巷2號,302645.069,2773153.743
76,臺北市信義區永吉路187巷17號12樓,臺北市信義區五常里12鄰永吉路187巷17號,307776.507,2771037.087
77,臺北市松山區南京東路3段346號4樓之5,臺北市松山區中正里11鄰南京東路三段346號,305301.733,2771600.655
78,臺北市中山區南京東路2段97號6樓,臺北市中山區中吉里1鄰南京東路二段97號,303711.994,2771669.993
79,臺北市大同區民生西路77號3樓,臺北市大同區雙連里13鄰民生西路77號,302442.707,2772266.038
80,臺北市萬華區成都路155號8樓之1,臺北市萬華區西門里2鄰成都路155號,300748.312,2770701.125
81,臺北市大安區仁愛路3段127號4樓,臺北市大安區義村里19鄰仁愛路三段127號,304717.974,2770128.002
82,臺北市信義區忠孝東路5段363號7樓之2,臺北市信義區富臺里13鄰忠孝東路五段363號,307983.868,2770447.382
83,臺北市中正區衡陽路51號11樓之4,臺北市中正區光復里8鄰衡陽路51號,301682.540,2770569.530
84,臺北市萬華區西藏路352號2樓,臺北市萬華區雙園里20鄰西藏路352號,300384.532,2769139.654
85,臺北市中山區民生西路16號9樓之2,臺北市中山區民安里21鄰民生西路16號,302673.764,2772268.828
86,臺北市松山區健康路20巷7號,臺北市松山區東勢里17鄰健康路20巷7號,305788.800,2771753.926
87,臺北市中山區中原街22號6樓之11,臺北市中山區中原里13鄰中原街22號,303351.199,2772167.396
88,臺北市士林區大南路424號2樓,臺北市士林區後港里18鄰大南路424號,302083.089,2775864.655
89,臺北市中山區松江路185號6樓,臺北市中山區中央里2鄰松江路185號,303809.017,2772138.326
90,臺北市信義區莊敬路391巷16弄3號4樓,臺北市信義區三張里24鄰莊敬路391巷16弄3號,307136.727,2769027.390
91,臺北市大安區羅斯福路3段309號4樓之7,臺北市大安區大學里11鄰羅斯福路三段309號,303686.038,2767807.219
92,臺北市中正區愛國東路22號,臺北市中正區新營里3鄰愛國東路22號,302251.065,2769670.185
93,臺北市大安區忠孝東路4段107號12樓之3,臺北市大安區光武里1鄰忠孝東路四段107號,305326.213,2770513.741
94,臺北市中山區民權東路3段58號5樓,臺北市中山區江寧里18鄰民權東路三段58號,304709.524,2772772.343
95,臺北市中正區忠孝東路2段130號5樓之3,臺北市中正區幸市里2鄰忠孝東路二段130號,303662.368,2770579.188
96,臺北市松山區敦化南路1段3號4樓之1,臺北市松山區敦化里1鄰敦化南路一段3號,305424.853,2771139.369
97,臺北市中山區吉林路12-3號5樓之2,臺北市中山區興亞里22鄰吉林路12之3號,303470.383,2771450.322
98,臺北市中山區復興北路164號11樓,臺北市中山區復華里1鄰復興北路164號,304873.987,2771810.525
99,臺北市大同區庫倫街51-5號,臺北市大同區保安里5鄰庫倫街51之5號,302371.289,2773857.319
100,臺北市信義區基隆路1段333號27樓,臺北市信義區西村里8鄰基隆路一段333號,306623.479,2769688.933
101,臺北市大安區忠孝東路4段221號10樓,臺北市大安區建安里20鄰忠孝東路四段221號,305758.828,2770505.971
102,臺北市中山區南京東路1段34號7樓,臺北市中山區正得里15鄰南京東路一段34號,302854.926,2771637.968
103,臺北市中山區松江路146號3樓,臺北市中山區中吉里6鄰松江路146號,303760.544,2771806.584
104,臺北市中正區連雲街26巷24之2號4樓,臺北市中正區三愛里10鄰連雲街26巷24之2號,303533.003,2769992.633
105,臺北市南港區舊莊街1段3巷30號2樓之5,臺北市南港區舊莊里22鄰舊莊街一段3巷30號,312420.291,2770640.533
106,臺北市大安區和平東路1段200號4樓,臺北市大安區龍泉里8鄰和平東路一段200號,303616.717,2768782.037
107,臺北市松山區寶清街31號8樓,臺北市松山區新聚里5鄰寶清街31號,307392.582,2771491.361
108,臺北市內湖區行愛路140巷27號5樓,臺北市內湖區湖元里18鄰行愛路140巷27號,308442.360,2772941.193
109,臺北市松山區民生東路3段156號15樓,臺北市松山區松基里5鄰民生東路三段156號,305258.872,2772249.168
110,臺北市大安區復興南路1段368號13樓,臺北市大安區和安里4鄰復興南路一段368號,304835.541,2769757.148
111,臺北市中山區長安東路2段72號2樓,臺北市中山區朱園里13鄰長安東路二段72號,303849.462,2771238.247
112,臺北市信義區吳興街600巷76弄68號2樓,臺北市信義區泰和里20鄰吳興街600巷76弄68號,307550.529,2767941.996
113,臺北市北投區中和街507巷6弄8號1樓,臺北市北投區智仁里19鄰中和街507巷6弄8號,299773.911,2781926.136
114,臺北市松山區八德路2段385號1樓,臺北市松山區中正里1鄰八德路二段385號,305014.022,2771205.593
115,臺北市大同區重慶北路1段22號11樓之1,臺北市大同區建功里19鄰重慶北路一段22號,301806.549,2771466.100
116,臺北市中山區民生東路1段42號4樓之1,臺北市中山區中山里11鄰民生東路一段42號,302912.302,2772296.452
117,臺北市松山區寧安街60巷15號1樓,臺北市松山區美仁里2鄰寧安街60巷15號,305890.356,2771521.478
118,臺北市信義區基隆路2段51號14樓之1,臺北市信義區景聯里4鄰基隆路二段51號,306364.588,2769325.568
119,臺北市中山區龍江路118號1樓,臺北市中山區復華里12鄰龍江路118號,304521.684,2771785.701
120,臺北市信義區忠孝東路5段524巷4號3樓,臺北市信義區松光里7鄰忠孝東路五段524巷4號,308468.881,2770438.101
121,臺北市大安區信義路4段250號5樓之1,臺北市大安區通安里2鄰信義路四段250號,305859.774,2769543.680
122,臺北市大安區復興南路2段78巷76號1樓,臺北市大安區龍圖里9鄰復興南路二段78巷76號,304599.093,2769323.997
123,臺北市松山區基隆路1段8號16樓之1,臺北市松山區新聚里3鄰基隆路一段8號,307506.015,2771521.483
124,臺北市大安區信義路3段200號8樓之1,臺北市大安區龍圖里8鄰信義路三段200號,304823.606,2769562.839
125,臺北市內湖區內湖路1段351巷18號1樓,臺北市內湖區西湖里1鄰內湖路一段351巷18號,307401.737,2775070.528
126,臺北市中山區八德路2段245號12樓之4,臺北市中山區朱崙里12鄰八德路二段245號,304577.462,2771085.946
127,臺北市中正區中華路1段77號9樓,臺北市中正區建國里2鄰中華路一段77號,301239.754,2770187.231
128,臺北市新生南路一段５０號２樓之１,找不到指定的門牌地址。,,
129,臺北市內湖區行善路56號,臺北市內湖區湖元里18鄰行善路56號,308102.523,2772200.165
130,臺北市大安區敦化南路1段225號地下3樓之15,臺北市大安區建倫里2鄰敦化南路一段225號,305427.513,2770383.431
131,臺北市松山區敦化北路56號3樓,臺北市松山區中正里11鄰敦化北路56號,305348.241,2771515.391
132,臺北市大安區敦化南路2段5號10樓之5,臺北市大安區義安里3鄰敦化南路二段5號,305417.315,2769525.759
133,臺北市中正區汀州路3段69號1樓,臺北市中正區文盛里3鄰汀州路三段69號,303329.523,2767860.885
134,臺北市信義區基隆路1段155號8樓之8,臺北市信義區興雅里6鄰基隆路一段155號,307046.103,2770572.592
135,臺北市大安區復興南路2段84號4樓之1,臺北市大安區龍圖里18鄰復興南路二段84號,304830.166,2769303.344
136,臺北市大同區市民大道1段211號10樓之13,臺北市大同區建明里25鄰市民大道一段211號,302308.118,2771319.973
137,臺北市大安區建國南路1段301號13樓,臺北市大安區和安里19鄰建國南路一段301號,304315.792,2769800.538
138,臺北市中山區樂群二路142號9樓,臺北市中山區金泰里2鄰樂群二路142號,306173.976,2774724.824
139,臺北市萬華區西寧南路36號5樓之39,臺北市萬華區萬壽里6鄰西寧南路36號,301121.797,2770923.030
140,臺北市松山區南京東路5段278之1號,臺北市松山區新聚里10鄰南京東路五段278之1號,307214.873,2771558.377
141,臺北市大同區太原路９７巷４０號,臺北市大同區建泰里19鄰太原路97巷40號,302161.323,2771630.620
142,臺北市大安區基隆路２段１３４之１號２樓,臺北市大安區臨江里15鄰基隆路二段134之1號,306179.248,2769055.041
143,臺北市中山區松江路51號8樓之2,臺北市中山區朱園里13鄰松江路51號,303797.103,2771205.134
144,臺北市中正區信義路２段１０１號４樓之１,臺北市中正區文祥里8鄰信義路二段101號,303249.823,2769671.733
145,臺北市松山區南京東路４段１７０號９樓之６,臺北市松山區復勢里21鄰南京東路四段170號,306182.151,2771582.939
146,臺北市松山區南京東路5段343號9樓,臺北市松山區安平里23鄰南京東路五段343號,307274.939,2771608.233
147,臺北市萬華區中華路2段666之6號3樓之2,臺北市萬華區騰雲里1鄰中華路二段666之6號,301585.751,2768560.813
148,臺北市大安區仁愛路4段25之2號2樓,臺北市大安區仁愛里5鄰仁愛路四段25之2號,304997.523,2770122.424
149,臺北市中山區復興北路354之1號3樓,臺北市中山區江寧里19鄰復興北路354之1號,304882.623,2772566.782
150,臺北市中山區松江路131號4樓,臺北市中山區中央里5鄰松江路131號,303806.046,2771882.193
151,臺北市中山區南京東路２段５６號５樓,臺北市中山區興亞里23鄰南京東路二段56號,303455.959,2771627.946
152,臺北市大同區承德路3段110號2樓,臺北市大同區斯文里12鄰承德路三段110號,302274.766,2773286.866
153,臺北市中山區新生北路3段31之1號5樓之3,臺北市中山區新福里20鄰新生北路三段31號,303271.098,2773046.700
154,臺北市松山區光復北路１４１號２樓,臺北市松山區東光里2鄰光復北路141號,306204.512,2771767.395
155,臺北市松山區南京東路５段３３６號４樓之５,臺北市松山區新聚里8鄰南京東路五段336號,307404.693,2771556.222
156,臺北市中山區松江路152號11樓之11,臺北市中山區中吉里8鄰松江路152號,303762.733,2771885.645
157,臺北市松山區復興北路57號16樓,臺北市松山區中正里20鄰復興北路57號,304912.496,2771478.752
158,臺北市大安區仁愛路4段25之2號2樓,臺北市大安區仁愛里5鄰仁愛路四段25之2號,304997.523,2770122.424
159,臺北市中山區長安東路2段36巷14號1樓,臺北市中山區興亞里10鄰長安東路二段36巷14號,303613.162,2771173.321
160,臺北市大安區光復南路１００號地下１樓,臺北市大安區華聲里1鄰光復南路100號,306193.924,2770736.956
161,臺北市松山區南京東路5段63號9樓,臺北市松山區東光里23鄰南京東路五段63號,306439.329,2771622.660
162,臺北市中正區重慶南路1段57號8樓之14,臺北市中正區黎明里7鄰重慶南路一段57號,301799.252,2770817.981
163,臺北市內湖區瑞光路408號4樓之3,臺北市內湖區港墘里20鄰瑞光路408號,307551.901,2774550.340
164,臺北市大同區南京西路167巷39號1樓,臺北市大同區朝陽里16鄰南京西路167巷39號,301717.291,2772094.645
165,臺北市信義區永吉路168號4樓,臺北市信義區六藝里2鄰永吉路168號,307618.389,2770935.324
166,臺北市中正區重慶南路１段５７號８樓之１４,臺北市中正區黎明里7鄰重慶南路一段57號,301799.252,2770817.981
167,臺北市大同區民生西路77號3樓,臺北市大同區雙連里13鄰民生西路77號,302442.707,2772266.038
168,臺北市大安區敦化南路2段106號3樓之1,臺北市大安區群賢里19鄰敦化南路二段106號,305342.006,2768945.799
169,臺北市大同區重慶北路3段113巷24之1號,臺北市大同區揚雅里12鄰重慶北路三段113巷24之1號,301927.360,2773313.610
170,臺北市中正區臨沂街47號1樓,臺北市中正區幸市里16鄰臨沂街47號,303431.017,2770188.757
171,臺北市內湖區民權東路6段160號5樓,臺北市內湖區寶湖里13鄰民權東路六段160號,309711.229,2773515.268
172,臺北市信義區信義路5段150巷11弄1號1樓,臺北市信義區三犁里18鄰信義路五段150巷11弄1號,307406.847,2768983.147
173,臺北市信義區信義路5段7號37樓,臺北市信義區西村里8鄰信義路五段7號,306976.247,2769609.563
174,臺北市內湖區新湖一路155號3樓,臺北市內湖區湖元里18鄰新湖一路155號,308265.569,2772399.700
175,臺北市萬華區開封街2段12號13樓之6,臺北市萬華區福星里3鄰開封街二段12號,301328.694,2770975.378
176,臺北市內湖區堤頂大道2段407巷32號4樓,臺北市內湖區西康里26鄰堤頂大道二段407巷32號,306910.613,2774918.808
177,臺北市中山區新生北路2段58巷21之1號3樓,臺北市中山區中山里24鄰新生北路二段58巷21之1號,303138.187,2772017.824
178,臺北市大安區忠孝東路4段162號8樓之4,臺北市大安區建倫里1鄰忠孝東路四段162號,305528.159,2770463.213
179,臺北市中山區民權東路3段37號11樓,臺北市中山區下埤里1鄰民權東路三段37號,304718.480,2772815.321
180,臺北市北投區大業路260號1、2、4樓,臺北市北投區八仙里5鄰大業路260號,300285.458,2779876.456
181,臺北市松山區復興北路1號13樓之1,臺北市松山區中正里1鄰復興北路1號,304906.540,2771201.056
182,臺北市萬華區民和街28號2樓,臺北市萬華區日善里10鄰民和街28號,300389.917,2768769.403
183,臺北市信義區和平東路3段391巷8弄74號,臺北市信義區黎忠里1鄰和平東路三段391巷8弄74號,306350.630,2768256.018
184,臺北市大安區新生南路3段19巷7號,臺北市大安區龍門里9鄰新生南路三段19巷7號,304057.375,2768658.473
185,臺北市大安區敦化南路2段5號7樓之4,臺北市大安區義安里3鄰敦化南路二段5號,305417.315,2769525.759
186,臺北市松山區八德路4段277號6樓,臺北市松山區新聚里28鄰八德路四段277號,307082.733,2771336.870
187,臺北市大安區和平東路3段348號2樓,臺北市大安區黎和里5鄰和平東路三段348號,306262.620,2768053.427
188,臺北市大同區承德路3段194號1樓,臺北市大同區至聖里10鄰承德路三段194號,302279.515,2773609.428
189,臺北市信義區松德路10號7樓,臺北市信義區廣居里29鄰松德路10號,308266.579,2770280.304
190,臺北市中正區重慶南路1段121號8樓之15,臺北市中正區黎明里9鄰重慶南路一段121號,301802.599,2770552.616
191,臺北市大同區重慶北路3段88號11樓之1,臺北市大同區國慶里1鄰重慶北路三段88號,301803.534,2773232.788
192,臺北市中正區忠孝東路1段76號9樓之3,臺北市中正區幸福里4鄰忠孝東路一段76號,302871.506,2770803.982
193,臺北市士林區克強路16號,臺北市士林區蘭興里13鄰克強路16號,302858.330,2777954.387
194,臺北市中正區廈門街113巷10-5號,找不到指定的門牌地址。,,
195,臺北市松山區南京東路5段145-1號5樓,臺北市松山區東光里33鄰南京東路五段145之1號,306692.548,2771617.652
196,臺北市信義區基隆路2段51號14樓,臺北市信義區景聯里4鄰基隆路二段51號,306364.588,2769325.568
197,臺北市大同區民生西路231號7樓之1,臺北市大同區雙連里26鄰民生西路231號,302035.733,2772206.292
198,臺北市大安區敦化南路2段1號6樓,臺北市大安區義安里1鄰敦化南路二段1號,305417.871,2769547.769
199,臺北市信義區松德路171號10樓之3、之4,臺北市信義區安康里21鄰松德路171號,308004.302,2769872.604
200,臺北市中正區忠孝西路1段33號6樓,臺北市中正區黎明里3鄰忠孝西路一段33號,302344.777,2770981.636
201,臺北市中正區忠孝西路1段33號7樓,臺北市中正區黎明里3鄰忠孝西路一段33號,302344.777,2770981.636
202,臺北市信義區基隆路1段143號7樓,臺北市信義區興雅里10鄰基隆路一段143號,307092.307,2770648.837
203,臺北市松山區復興北路499巷2弄3號,臺北市松山區民福里16鄰復興北路499巷2弄3號,304995.055,2773144.642
204,臺北市中山區長安東路2段80號8樓之4,臺北市中山區朱園里13鄰長安東路二段80號,303892.138,2771237.566
205,臺北市大安區忠孝東路4段235號11樓,臺北市大安區車層里6鄰忠孝東路四段235號,305880.051,2770501.880
206,臺北市中山區林森北路381號8樓之10,臺北市中山區聚盛里11鄰林森北路381號,303035.011,2772358.797
207,臺北市大安區仁愛路4段68號10樓之9,臺北市大安區德安里20鄰仁愛路四段68號,305291.189,2770040.117
208,臺北市大安區信義路4段265巷5弄16號4樓,臺北市大安區敦煌里7鄰信義路四段265巷5弄16號,305991.262,2769621.937
209,臺北市南港區三重里園區街3-1號7樓之1,臺北市南港區三重里25鄰園區街3之1號,311730.867,2772315.328
210,臺北市中正區忠孝西路1段41號11樓之9,臺北市中正區黎明里3鄰忠孝西路一段41號,302306.560,2770991.832
211,臺北市中正區漢口街1段85號7樓之3,臺北市中正區光復里13鄰漢口街一段85號,301558.377,2770885.725
212,臺北市中山區南京東路１段１６號７樓之１,臺北市中山區正得里15鄰南京東路一段16號,302802.858,2771640.935
213,臺北市大安區新生南路1段121號5樓,臺北市大安區民輝里2鄰新生南路一段121號,303794.928,2770219.912
214,臺北市中正區羅斯福路1段24號11樓,臺北市中正區龍福里1鄰羅斯福路一段24號,302356.955,2769381.576
215,臺北市文山區木柵路2段109巷25弄14號5樓,臺北市文山區明興里25鄰木柵路二段109巷25弄14號,306798.823,2764824.785
216,臺北市松山區松河街180之1號5樓,臺北市松山區慈祐里4鄰松河街180之1號,308195.808,2771588.938
217,臺北市松山區松河街180之1號5樓,臺北市松山區慈祐里4鄰松河街180之1號,308195.808,2771588.938
218,臺北市松山區南京東路4段130號2樓之1,臺北市松山區復勢里12鄰南京東路四段130號,306070.374,2771585.330
219,臺北市內湖區堤頂大道2段413號5樓,臺北市內湖區西康里26鄰堤頂大道二段413號,306786.314,2774829.976
220,臺北市松山區八德路4段604號2樓之17,臺北市松山區慈祐里15鄰八德路四段604號,307788.146,2771416.168
221,臺北市中山區長春路20號4樓,臺北市中山區康樂里6鄰長春路20號,302847.003,2771956.074
222,臺北市信義區吳興街284巷8之5號,臺北市信義區雙和里11鄰吳興街284巷8之5號,306885.627,2768646.178
223,臺北市松山區南京東路5段251巷32弄9號2樓,臺北市松山區安平里4鄰南京東路五段251巷32弄9號,306964.210,2771751.703
224,臺北市士林區忠誠路2段22號7樓,臺北市士林區三玉里16鄰忠誠路二段22號,303468.579,2777971.199
225,臺北市松山區復興南路1段63號5樓,臺北市松山區中崙里4鄰復興南路一段63號,304899.754,2770884.091
226,臺北市松山區民生東路3段156號9樓,臺北市松山區松基里5鄰民生東路三段156號,305258.872,2772249.168
227,臺北市中正區忠孝東路1段152號10樓之4,臺北市中正區幸福里7鄰忠孝東路一段152號,303067.918,2770752.065
228,臺北市北投區大業路260號,臺北市北投區八仙里5鄰大業路260號,300285.458,2779876.456
229,臺北市松山區敦化北路102號7樓,臺北市松山區中正里22鄰敦化北路102號,305336.228,2771798.164
230,臺北市中山區中山北路2段112號4樓之3,臺北市中山區集英里8鄰中山北路二段112號,302739.992,2772600.476
231,臺北市中山區新生北路1段67號4樓之2,臺北市中山區興亞里20鄰新生北路一段67號,303372.832,2771374.118
232,臺北市士林區延平北路5段59巷8弄10號1樓,臺北市士林區富光里8鄰延平北路五段59巷8弄10號,301471.262,2774808.031
233,臺北市大安區忠孝東路4段155號11樓,臺北市大安區建安里16鄰忠孝東路四段155號,305502.667,2770510.271
234,臺北市大安區復興南路1段107巷5弄15號,臺北市大安區光武里19鄰復興南路一段107巷5弄15號,304982.322,2770801.326
235,臺北市中正區延平南路61號4樓之11,臺北市中正區光復里10鄰延平南路61號,301503.136,2770821.096
236,臺北市中正區濟南路2段31-37號,臺北市中正區幸福里19鄰濟南路二段31之37號,303371.874,2770433.102
237,臺北市中山區農安街24之4號2樓之1,臺北市中山區恆安里11鄰農安街24之4號,303000.741,2773062.039
238,臺北市士林區福國路21號4樓,臺北市士林區德行里8鄰福國路21號,302884.230,2777165.854
239,臺北市松山區南京東路5段225號,臺北市松山區安平里7鄰南京東路五段225號,306961.620,2771611.357
240,臺北市北投區光明路240之14號6樓,臺北市北投區溫泉里11鄰光明路240之14號,301162.427,2780946.056
241,臺北市中山區長春路20號4樓,臺北市中山區康樂里6鄰長春路20號,302847.003,2771956.074
242,臺北市松山區復興南路1段57號2樓之1,臺北市松山區中崙里4鄰復興南路一段57號,304900.281,2770903.546
243,臺北市中山區松江路206號3樓之1,臺北市中山區中吉里21鄰松江路206號,303767.075,2772256.273
244,臺北市松山區南京東路4段75號7樓,臺北市松山區東勢里2鄰南京東路四段75號,305842.281,2771634.091
245,臺北市大同區昌吉街61巷4號1樓,臺北市大同區揚雅里10鄰昌吉街61巷4號,301928.975,2773219.706
246,臺北市松山區八德路4段656號4樓,臺北市松山區慈祐里22鄰八德路四段656號,308059.862,2771422.659
247,臺北市中正區忠孝東路2段100號5樓、5樓之1,臺北市中正區幸市里1鄰忠孝東路二段100號,303525.960,2770619.723
248,臺北市大安區和平東路1段200號4樓,臺北市大安區龍泉里8鄰和平東路一段200號,303616.717,2768782.037
249,臺北市中正區衡陽路51號12樓之1,臺北市中正區光復里8鄰衡陽路51號,301682.540,2770569.530
250,臺北市信義區信義路4段458號10樓,臺北市信義區中興里2鄰信義路四段458號,306348.457,2769530.012
251,臺北市文山區試院路4巷1-1號1樓,臺北市文山區華興里6鄰試院路4巷1之1號,305508.925,2764583.789
252,臺北市中山區錦州街25號5樓,臺北市中山區聚葉里13鄰錦州街25號,302996.039,2772570.428
253,臺北市大安區忠孝東路4段107號12樓之4,臺北市大安區光武里1鄰忠孝東路四段107號,305326.213,2770513.741
254,臺北市大安區忠孝東路4段333號12樓之3,臺北市大安區華聲里9鄰忠孝東路四段333號,306216.199,2770496.712
255,臺北市信義區忠孝東路5段364號2樓,臺北市信義區廣居里4鄰忠孝東路五段364號,307888.196,2770414.963
256,臺北市松山區民權東路5段39號3樓,臺北市松山區莊敬里11鄰民權東路五段39號,307181.827,2772937.184
257,臺北市北投區光明路240之14號6樓,臺北市北投區溫泉里11鄰光明路240之14號,301162.427,2780946.056
258,臺北市北投區光明路240之14號6樓,臺北市北投區溫泉里11鄰光明路240之14號,301162.427,2780946.056
259,臺北市中正區館前路20號11樓,臺北市中正區黎明里10鄰館前路20號,301955.702,2770890.545
260,臺北市信義區虎林街202巷10號1樓,臺北市信義區國業里3鄰虎林街202巷10號,308187.685,2770125.198
261,臺北市大安區和平東路1段16號7樓,臺北市大安區古莊里2鄰和平東路一段16號,302833.763,2768848.918
262,臺北市北投區光明路240之14號6樓,臺北市北投區溫泉里11鄰光明路240之14號,301162.427,2780946.056
263,臺北市大安區忠孝東路4段295號3樓,臺北市大安區華聲里11鄰忠孝東路四段295號,306009.965,2770500.942
264,臺北市大安區和平東路1段16號7樓,臺北市大安區古莊里2鄰和平東路一段16號,302833.763,2768848.918
265,臺北市中山區新生北路2段76巷21號4樓,臺北市中山區中山里14鄰新生北路二段76巷21號,303153.858,2772254.476
266,臺北市北投區中央北路2段237巷1號1樓,臺北市北投區豐年里11鄰中央北路二段237巷1號,299554.535,2781147.710
267,臺北市內湖區瑞光路513巷225弄5號8樓之4,臺北市內湖區西湖里13鄰瑞光路513巷22弄5號,307407.764,2774751.446
268,臺北市大同區承德路1段105號4樓,臺北市大同區建泰里14鄰承德路一段105號,302245.769,2771731.094
269,臺北市大同區南京西路360之2號4樓之12,臺北市大同區永樂里7鄰南京西路360之2號,301570.149,2771820.143
270,臺北市大同區塔城街39號10樓,臺北市大同區永樂里3鄰塔城街39號,301509.000,2771680.412
271,臺北市松山區南京東路4段152號10樓,臺北市松山區復勢里12鄰南京東路四段152號,306106.636,2771584.405
272,臺北市中正區和平西路1段143號11樓之1,臺北市中正區龍光里9鄰和平西路一段143號,302022.990,2768930.619
273,臺北市松山區敦化北路260號2樓,臺北市松山區民有里30鄰敦化北路260號,305494.552,2772641.180
274,臺北市中山區民生東路1段54號2樓之2,臺北市中山區中山里12鄰民生東路一段54號,302959.101,2772297.355
275,臺北市松山區敦化北路170號3樓,臺北市松山區松基里13鄰敦化北路170號,305342.773,2772169.925
276,臺北市中正區忠孝東路1段152號10樓之1,臺北市中正區幸福里7鄰忠孝東路一段152號,303067.918,2770752.065
277,臺北市中正區館前路34號11樓,臺北市中正區黎明里10鄰館前路34號,301956.506,2770823.650
278,臺北市大安區樂利路31號2樓,臺北市大安區法治里12鄰樂利路31號,305663.857,2768918.513
279,臺北市大安區忠孝東路4段112號12樓之13,臺北市大安區仁愛里11鄰忠孝東路四段112號,305180.833,2770469.812
280,臺北市中山區松江路67號10樓之4,臺北市中山區朱園里11鄰松江路67號,303798.737,2771336.960
281,臺北市中正區忠孝西路1段50號15樓之6,臺北市中正區黎明里11鄰忠孝西路一段50號,302048.097,2771005.519
282,臺北市松山區南京東路4段171號6樓之1,臺北市松山區東勢里1鄰南京東路四段171號,306132.026,2771627.386
283,臺北市大安區和平東路1段16號7樓,臺北市大安區古莊里2鄰和平東路一段16號,302833.763,2768848.918
284,臺北市中山區復興北路164號11樓,臺北市中山區復華里1鄰復興北路164號,304873.987,2771810.525
285,臺北市信義區基隆路2段48號11樓,臺北市信義區中興里1鄰基隆路二段48號,306357.807,2769383.543
286,臺北市大安區和平東路1段16號7樓,臺北市大安區古莊里2鄰和平東路一段16號,302833.763,2768848.918
287,臺北市大安區金山南路2段12號3樓之5,臺北市大安區光明里1鄰金山南路二段12號,303180.819,2769587.344
288,臺北市中山區農安街58號3樓之4,臺北市中山區新福里19鄰農安街58號,303313.979,2773054.024
289,臺北市中正區南昌路2段59號1樓,臺北市中正區南福里7鄰南昌路二段59號,302510.356,2768932.263
290,臺北市萬華區昆明街46號8樓之37,臺北市萬華區福星里16鄰昆明街46號,301028.248,2771015.962
291,臺北市大安區忠孝東路4段341號11樓之2,臺北市大安區華聲里9鄰忠孝東路四段341號,306241.244,2770496.564
292,臺北市大安區復興南路1段287號6樓之2,臺北市大安區仁慈里11鄰復興南路一段287號,304881.966,2769810.225
293,臺北市信義區吳興街600巷100弄9號(1樓),臺北市信義區泰和里27鄰吳興街600巷100弄9號,307672.052,2767923.009
294,臺北市內湖區行愛路140巷27號5樓,臺北市內湖區湖元里18鄰行愛路140巷27號,308442.360,2772941.193
295,臺北市士林區承德路4段81號4樓,臺北市士林區承德里21鄰承德路四段81號,302810.977,2775017.721
296,臺北市大同區民生西路323號8樓之8,臺北市大同區延平里2鄰民生西路323號,301652.547,2772193.851
297,臺北市信義區松德路65號11樓之1,臺北市信義區國業里3鄰松德路65號,308189.417,2770168.963
298,臺北市中正區仁愛路2段34號8樓之1,臺北市中正區文北里2鄰仁愛路二段34號,303193.331,2770098.351
299,臺北市北投區西安街2段271號1樓,臺北市北投區立農里9鄰西安街二段271號,301120.780,2779211.746
300,臺北市大安區復興南路2段293之3號9樓,臺北市大安區臥龍里8鄰復興南路二段293之3號,304858.210,2768611.464
301,臺北市大安區和平東路2段297號12樓,臺北市大安區群賢里6鄰和平東路二段297號,304975.386,2768651.195
302,臺北市中山區新生北路1段67號1樓,臺北市中山區興亞里20鄰新生北路一段67號,303372.832,2771374.118
303,臺北市中正區忠孝西路1段45號12樓之6,臺北市中正區黎明里3鄰忠孝西路一段45號,302261.158,2771003.898
304,臺北市萬華區長沙街2段91號3樓之13,臺北市萬華區新起里12鄰長沙街二段91號,300931.459,2770364.205
305,臺北市中山區長春路410號12樓,臺北市中山區復華里1鄰長春路410號,304861.910,2771921.477
306,臺北市中正區寧波西街33號2樓,臺北市中正區龍福里2鄰寧波西街33號,302279.267,2769322.023
307,臺北市文山區景後街95號4樓之4,臺北市文山區景行里6鄰景後街95號,304818.223,2764991.768
308,臺北市松山區復興北路57號16樓,臺北市松山區中正里20鄰復興北路57號,304912.496,2771478.752
309,臺北市松山區南京東路4段133巷9弄21號1樓,臺北市松山區東勢里9鄰南京東路四段133巷9弄21號,306094.350,2771768.321
310,臺北市信義區基隆路1段143號8樓之6,臺北市信義區興雅里10鄰基隆路一段143號,307092.307,2770648.837
311,臺北市中山區復興北路280巷2號,臺北市中山區江山里22鄰復興北路280巷2號,304836.012,2772383.801
312,臺北市信義區信義路5段7號68樓,臺北市信義區西村里8鄰信義路五段7號,306976.247,2769609.563
313,臺北市大安區信義路4段258號4樓之2,臺北市大安區通安里3鄰信義路四段258號,305903.853,2769542.869
314,臺北市中正區忠孝東路2段100號3樓之2,臺北市中正區幸市里1鄰忠孝東路二段100號,303525.960,2770619.723
315,臺北市信義區松德路65號11樓之1,臺北市信義區國業里3鄰松德路65號,308189.417,2770168.963
316,臺北市中山區新生北路2段31之1號5樓之3,臺北市中山區中原里5鄰新生北路二段31之1號,303251.624,2771887.008
317,臺北市大安區羅斯福路3段75號5樓,臺北市大安區古莊里11鄰羅斯福路三段75號,303094.562,2768404.864
318,臺北市松山區南京東路4段164號12樓,臺北市松山區復勢里21鄰南京東路四段164號,306169.585,2771583.521
319,臺北市士林區德行西路36號3樓之12,臺北市士林區德行里16鄰德行西路36號,302765.720,2777539.544
320,臺北市信義區光復南路495號7樓之3,臺北市信義區中興里2鄰光復南路495號,306298.666,2769488.833
321,臺北市大同區承德路1段17號7樓之5,臺北市大同區建明里8鄰承德路一段17號,302171.755,2771432.254
322,臺北市松山區復興北路101號5樓,臺北市松山區中正里31鄰復興北路101號,304916.912,2771756.869
323,臺北市士林區福國路95號6樓之22,臺北市士林區德華里2鄰福國路95號,302662.055,2777110.820
324,臺北市內湖區瑞光路583巷22號7樓,臺北市內湖區西湖里13鄰瑞光路583巷22號,307311.055,2774816.801
325,臺北市松山區南京東路4段103號3樓之3,臺北市松山區東勢里2鄰南京東路四段103號,305955.059,2771631.925
326,臺北市中山區南京東路2段137號14樓,臺北市中山區中央里10鄰南京東路二段137號,303991.707,2771667.961
327,臺北市松山區南京東路5段343號6樓之2,臺北市松山區安平里23鄰南京東路五段343號,307274.939,2771608.233
328,臺北市信義區忠孝東路5段461號2樓之1,臺北市信義區富臺里17鄰忠孝東路五段461號,308200.524,2770447.747
329,臺北市松山區復興北路179號8樓之10,臺北市松山區中正里32鄰復興北路179號,304918.689,2771906.385
330,臺北市大安區信義路2段72號地下,臺北市大安區光明里3鄰信義路二段72號,303118.082,2769672.070
331,臺北市中山區新生北路2段21巷5號,臺北市中山區中原里3鄰新生北路二段21巷5號,303276.864,2771802.892
332,臺北市松山區南京東路4段53巷8弄1號1樓,臺北市松山區中華里10鄰南京東路四段53巷8弄1號,305614.426,2771753.644
333,臺北市文山區木柵路2段109巷25弄14號5樓,臺北市文山區明興里25鄰木柵路二段109巷25弄14號,306798.823,2764824.785
334,臺北市北投區承德路7段376號6樓,臺北市北投區立農里21鄰承德路七段376號,300715.049,2779017.821
335,臺北市中山區建國北路1段26號5樓,臺北市中山區朱園里7鄰建國北路一段26號,304116.090,2771099.059
336,臺北市大安區忠孝東路3段136號10樓之3,臺北市大安區義村里16鄰忠孝東路三段136號,304267.084,2770482.318
337,臺北市信義區文昌街316號3樓,臺北市信義區中興里3鄰文昌街316號,306305.935,2769449.916
338,臺北市松山區南京東路4段186號13樓之2,臺北市松山區復勢里21鄰南京東路四段186號,306249.124,2771582.009
339,臺北市松山區南京東路4段21號4樓之1,臺北市松山區中華里11鄰南京東路四段21號,305531.271,2771639.816
340,臺北市信義區基隆路1段432號11樓之5,臺北市信義區中興里9鄰基隆路一段432號,306485.246,2769628.588
341,臺北市萬華區和平西路3段109巷7號1樓,臺北市萬華區富民里20鄰和平西路三段109巷7號,300506.116,2769840.152
342,臺北市大安區敦化南路1段205號13樓之5,臺北市大安區建安里15鄰敦化南路一段205號,305423.834,2770542.762
343,臺北市文山區景文街41號3樓,臺北市文山區景行里8鄰景文街41號,304656.706,2765008.073
344,臺北市大同區承德路3段194號,臺北市大同區至聖里10鄰承德路三段194號,302279.515,2773609.428
345,臺北市中山區松江路328號11樓之6,臺北市中山區新生里3鄰松江路328號,303771.766,2772638.517
346,臺北市南港區三重里園區街3號14樓之1,臺北市南港區三重里25鄰園區街3號,311745.412,2772394.440
347,臺北市信義區忠孝東路5段461號2樓之1,臺北市信義區富臺里17鄰忠孝東路五段461號,308200.524,2770447.747
348,臺北市中正區忠孝東路2段3號1樓,臺北市中正區梅花里12鄰忠孝東路二段3號,303203.543,2770761.018
349,臺北市中山區松江路87號14樓,臺北市中山區朱園里9鄰松江路87號,303800.072,2771471.395
350,臺北市南港區興中路12巷17號6樓,臺北市南港區南港里23鄰興中路12巷17號,311222.626,2772010.778
351,臺北市中山區復興南路1段2號7樓,臺北市中山區埤頭里15鄰復興南路一段2號,304858.884,2771113.492
352,臺北市中正區羅斯福路1段25號9樓,臺北市中正區新營里5鄰羅斯福路一段25號,302319.270,2769514.144
353,臺北市內湖區港墘路221巷21號4樓,臺北市內湖區港墘里20鄰港墘路221巷21號,307927.151,2774145.099
354,臺北市中山區中山北路3段22號(設工北樓),臺北市中山區集英里21鄰中山北路三段22號,302636.351,2773019.802
355,臺北市中正區金山南路１段６５號２樓,臺北市中正區文北里4鄰金山南路一段65號,303318.326,2770079.163
356,臺北市中山區南京東路2段174號10樓,臺北市中山區朱園里1鄰南京東路二段174號,303972.346,2771625.000
357,臺北市大同區長安西路252號2樓,臺北市大同區建明里4鄰長安西路52之1號,302470.901,2771429.224
358,臺北市大安區信義路4段6號6樓,臺北市大安區住安里3鄰信義路四段6號,304909.961,2769557.308
359,臺北市大安區和平東路2段297號12樓,臺北市大安區群賢里6鄰和平東路二段297號,304975.386,2768651.195
360,臺北市大安區和平東路１段１０９號７樓之２,臺北市大安區錦華里13鄰和平東路一段15之1號,302751.693,2768897.928
361,臺北市松山區南京東路4段16號3樓、6樓,臺北市松山區美仁里11鄰南京東路四段16號,305800.889,2771576.401
362,臺北市大安區羅斯福路４段２００號９樓之７,找不到指定的門牌地址。,,
363,臺北市大安區忠孝東路4段15號12樓之5,臺北市大安區光武里27鄰忠孝東路四段15號,304932.056,2770521.969
364,臺北市中山區南京東路3段1號5樓,臺北市中山區復華里14鄰南京東路三段1號,304201.180,2771668.742
365,臺北市中正區杭州南路1段6巷5號2樓,臺北市中正區幸福里7鄰杭州南路一段6巷5號,303041.180,2770712.875
366,臺北市中山區民生東路1段54號12樓,臺北市中山區中山里12鄰民生東路一段54號,302959.101,2772297.355
367,臺北市中山區民生東路３段２１號１２樓,臺北市中山區江山里12鄰民生東路三段21號,304338.253,2772316.313
368,臺北市松山區復興北路15號10樓之4,臺北市松山區中正里14鄰復興北路15號,304909.424,2771291.908
369,臺北市松山區復興北路101號5樓,臺北市松山區中正里31鄰復興北路101號,304916.912,2771756.869
370,臺北市內湖區內湖路1段388號4樓之1,臺北市內湖區港墘里20鄰內湖路一段388號,307745.985,2774849.560
371,臺北市中山區民生東路１段７２號５樓之２,臺北市中山區中山里14鄰民生東路一段72號,303119.413,2772296.091
372,臺北市大安區和平東路１段１９７號４樓,臺北市大安區龍安里2鄰和平東路一段197號,303881.978,2768802.817
373,臺北市松山區八德路２段３７４號７樓之６,臺北市松山區中崙里6鄰八德路二段374號,305096.515,2771200.543
374,臺北市中正區重慶南路1段63號7樓之6,臺北市中正區黎明里7鄰重慶南路一段63號,301798.710,2770798.828
375,臺北市信義區基隆路2段189號14樓之12,臺北市信義區黎順里18鄰基隆路二段189號,305836.331,2768638.368
376,臺北市萬華區大理街132號,臺北市萬華區糖?里15鄰大理街132號,300119.832,2769643.138
377,臺北市大安區羅斯福路２段１０７號１２樓,臺北市大安區古莊里6鄰羅斯福路二段107號,302938.979,2768600.534
378,臺北市北投區立農街２段２７３巷３弄２號１樓,臺北市北投區東華里17鄰立農街二段273巷3弄2號,301933.154,2779069.068
379,臺北市大安區羅斯福路3段297號4樓之1,臺北市大安區大學里11鄰羅斯福路三段297號,303659.733,2767835.872
380,臺北市松山區南京東路5段63號7樓,臺北市松山區東光里23鄰南京東路五段63號,306439.329,2771622.660
381,臺北市萬華區西藏路１３７號２樓,臺北市萬華區新安里1鄰西藏路137號,300634.425,2769134.581
382,臺北市信義區忠孝東路５段４８２號１０樓之３,臺北市信義區松光里1鄰忠孝東路五段482號,308324.538,2770398.803
383,臺北市松山區南京東路4段21號4樓之1,臺北市松山區中華里11鄰南京東路四段21號,305531.271,2771639.816
384,臺北市大安區敦化南路2段172巷8弄13號4樓,臺北市大安區虎嘯里4鄰敦化南路二段172巷8弄13號,305292.021,2768480.748
385,臺北市中山區民權東路2段18號,臺北市中山區新生里13鄰民權東路二段18號,303310.647,2772795.290
386,臺北市信義區基隆路1段135之2號2樓,臺北市信義區敦厚里1鄰基隆路一段135之2號,307131.721,2770725.894
387,臺北市中正區新生南路1段50號2樓(200A室),臺北市中正區幸市里5鄰新生南路一段50號,303741.119,2770536.832
388,臺北市信義區松山路308號6樓,臺北市信義區長春里1鄰松山路308號,308289.178,2770620.845
389,臺北市北投區行義路１５４巷２５號７樓,臺北市北投區永和里12鄰行義路154巷25號,303449.274,2780336.326
390,臺北市大同區南京西路４３６號４樓,臺北市大同區玉泉里3鄰南京西路436號,301337.808,2771775.551
391,臺北市松山區南京東路4段197號4樓,臺北市松山區東勢里14鄰南京東路四段197號,306196.048,2771626.316
392,臺北市松山區南京東路5段163號7樓,臺北市松山區東光里27鄰南京東路五段163號,306751.623,2771615.756
393,臺北市松山區民族東路６５２號１樓,臺北市松山區民福里15鄰民族東路652號,305080.822,2773100.469
394,臺北市中正區仁愛路2段20巷5號地下1層之2,臺北市中正區文祥里19鄰仁愛路二段20巷5號,303113.231,2769983.949
395,臺北市中山區龍江路45巷2-4號,臺北市中山區力行里7鄰龍江路45巷2之4號,304567.411,2771328.906
396,臺北市內湖區環山路2段133號2樓,臺北市內湖區港華里8鄰環山路二段133號,308177.441,2775207.649
397,臺北市中山區南京東路1段16號8樓之5,臺北市中山區正得里15鄰南京東路一段16號,302802.858,2771640.935
398,臺北市信義區吳興街600巷83弄1號5樓,臺北市信義區泰和里28鄰吳興街600巷83弄1號,307659.630,2767979.026
399,臺北市大安區信義路3段109之7號10樓之2,臺北市大安區和安里2鄰信義路三段109之7號,304434.390,2769615.930
400,臺北市信義區復興北路１號１１樓,找不到指定的門牌地址。,,
401,臺北市中正區忠孝西路1段41號14樓之12,臺北市中正區黎明里3鄰忠孝西路一段41號,302306.560,2770991.832
402,臺北市大安區羅斯福路2段79號7樓之11,臺北市大安區古莊里5鄰羅斯福路二段79號,302812.687,2768783.617
403,臺北市南港區園區街3號13樓,臺北市南港區三重里25鄰園區街3號,311745.412,2772394.440
404,臺北市松山區南京東路5段163號7樓,臺北市松山區東光里27鄰南京東路五段163號,306751.623,2771615.756
405,臺北市信義區基隆路2段51號14樓之1,臺北市信義區景聯里4鄰基隆路二段51號,306364.588,2769325.568
406,臺北市中山區樂群二路142號9樓,臺北市中山區金泰里2鄰樂群二路142號,306173.976,2774724.824
407,臺北市文山區萬隆街13巷8號2樓,臺北市文山區萬隆里16鄰萬隆街13巷8號,304403.144,2765883.581
408,臺北市中正區重慶南路1段57號13樓之4,臺北市中正區黎明里7鄰重慶南路一段57號,301799.252,2770817.981
409,臺北市內湖區基湖路39號5樓,臺北市內湖區西湖里13鄰基湖路39號,306968.465,2774684.618
410,臺北市松山區民權東路5段39號3樓,臺北市松山區莊敬里11鄰民權東路五段39號,307181.827,2772937.184
411,臺北市中正區羅斯福路3段281號3樓,找不到指定的門牌地址。,,
